{"type":"FeatureCollection","features":[{"type":"Feature","properties":{"d":"Store Street","c":"1800G","dv":"DMR North Central","st":"Store Street","hq":"Store Street","ad":"Store Street, Dublin 1","ph":"6668000","ty":"Division HQ","pop":22775,"km2":6.817},"geometry":{"type":"Polygon","coordinates":[[[-6.2669,53.3542],[-6.2629,53.3519],[-6.2582,53.3538],[-6.2575,53.3527],[-6.2467,53.3547],[-6.2438,53.3568],[-6.2407,53.3547],[-6.2352,53.3587],[-6.2311,53.3573],[-6.2242,53.3607],[-6.1878,53.3541],[-6.1819,53.3506],[-6.1822,53.3435],[-6.2099,53.3441],[-6.252,53.3478],[-6.2677,53.3457],[-6.2699,53.3511],[-6.2669,53.3542]]]}},{"type":"Feature","properties":{"d":"Pearse Street","c":"1000F","dv":"DMR South Central","st":"Pearse Street","hq":"Kevin Street","ad":"Pearse Street, Dublin 2","ph":"6669000","ty":"District HQ","pop":20034,"km2":3.178},"geometry":{"type":"Polygon","coordinates":[[[-6.2701,53.3455],[-6.2524,53.3478],[-6.2302,53.3461],[-6.2299,53.3452],[-6.2311,53.343],[-6.2377,53.3435],[-6.2387,53.3386],[-6.2454,53.3342],[-6.2643,53.3301],[-6.2656,53.3407],[-6.2701,53.3417],[-6.2701,53.3455]]]}},{"type":"Feature","properties":{"d":"Bridewell","c":"1870H","dv":"DMR North Central","st":"Bridewell","hq":"Store Street","ad":"Chancery Street","ph":"6668200","ty":"District HQ","pop":24012,"km2":2.998},"geometry":{"type":"Polygon","coordinates":[[[-6.2669,53.3542],[-6.2699,53.3511],[-6.2677,53.3457],[-6.2896,53.347],[-6.2966,53.3482],[-6.298,53.3496],[-6.2971,53.351],[-6.3017,53.3535],[-6.3029,53.3559],[-6.302,53.3563],[-6.3058,53.3591],[-6.3008,53.3581],[-6.2966,53.361],[-6.295,53.3597],[-6.2929,53.3614],[-6.2826,53.361],[-6.2816,53.3589],[-6.2768,53.3602],[-6.2722,53.3577],[-6.2726,53.3556],[-6.2669,53.3542]]]}},{"type":"Feature","properties":{"d":"Granard","c":"2470H","dv":"Mayo & Roscommon/Longford","st":"Granard","hq":"Castlebar","ad":"Barrack Street, Granard, Co. Longford","ph":"6687660","ty":"District HQ","pop":16246,"km2":562.905},"geometry":{"type":"Polygon","coordinates":[[[-7.3749,53.7556],[-7.3796,53.7547],[-7.3813,53.7518],[-7.3838,53.7509],[-7.3831,53.7476],[-7.3859,53.7455],[-7.3853,53.7435],[-7.3864,53.7418],[-7.3843,53.7391],[-7.3866,53.7364],[-7.3859,53.7351],[-7.3888,53.735],[-7.3939,53.7323],[-7.3953,53.7337],[-7.3977,53.7326],[-7.3988,53.7342],[-7.4035,53.734],[-7.4059,53.7324],[-7.4052,53.7305],[-7.4071,53.7291],[-7.4064,53.7259],[-7.4164,53.724],[-7.4229,53.7309],[-7.4296,53.7349],[-7.438,53.7309],[-7.445,53.7321],[-7.4475,53.729],[-7.4587,53.7298],[-7.459,53.7258],[-7.4603,53.7242],[-7.4587,53.7204],[-7.4664,53.7119],[-7.4734,53.7148],[-7.477,53.7099],[-7.4755,53.7094],[-7.477,53.7077],[-7.4832,53.7095],[-7.4861,53.7062],[-7.4845,53.7048],[-7.4855,53.7022],[-7.4927,53.6995],[-7.4949,53.7015],[-7.5078,53.7066],[-7.5159,53.7085],[-7.517,53.705],[-7.5095,53.6989],[-7.5176,53.6955],[-7.5283,53.7001],[-7.5264,53.6899],[-7.535,53.6851],[-7.5307,53.6818],[-7.5319,53.6789],[-7.5294,53.6769],[-7.5286,53.6744],[-7.5385,53.6767],[-7.5463,53.6756],[-7.5419,53.672],[-7.5437,53.6703],[-7.5453,53.6708],[-7.5486,53.6694],[-7.5683,53.6713],[-7.5712,53.6616],[-7.5753,53.6601],[-7.5738,53.6563],[-7.5647,53.6519],[-7.5649,53.6494],[-7.5691,53.6465],[-7.5925,53.657],[-7.6115,53.6597],[-7.6147,53.6538],[-7.615,53.6488],[-7.6061,53.6485],[-7.5957,53.6442],[-7.5793,53.6404],[-7.5705,53.6357],[-7.5662,53.6312],[-7.5649,53.6293],[-7.5691,53.6273],[-7.5684,53.6253],[-7.5698,53.6223],[-7.5652,53.6178],[-7.5623,53.6171],[-7.5599,53.6137],[-7.5658,53.6112],[-7.5769,53.6108],[-7.5818,53.6139],[-7.5863,53.6134],[-7.5891,53.6145],[-7.5986,53.6127],[-7.605,53.6099],[-7.6074,53.6073],[-7.6101,53.6102],[-7.6215,53.6144],[-7.6227,53.6168],[-7.6267,53.6193],[-7.631,53.6191],[-7.6389,53.6245],[-7.6514,53.6291],[-7.6552,53.6321],[-7.6615,53.6279],[-7.6666,53.6277],[-7.6675,53.6294],[-7.6742,53.6293],[-7.6779,53.6324],[-7.6894,53.627],[-7.6959,53.6324],[-7.6956,53.6301],[-7.7007,53.6272],[-7.7003,53.6257],[-7.7098,53.6288],[-7.712,53.6272],[-7.7141,53.6287],[-7.7146,53.6271],[-7.7191,53.6296],[-7.7251,53.6302],[-7.7414,53.6451],[-7.74,53.6467],[-7.7435,53.6518],[-7.7432,53.6561],[-7.7484,53.658],[-7.758,53.6652],[-7.7616,53.665],[-7.7646,53.6679],[-7.7663,53.6685],[-7.7691,53.6671],[-7.7708,53.6677],[-7.7712,53.6691],[-7.7694,53.6697],[-7.7711,53.6705],[-7.7841,53.6725],[-7.7877,53.6746],[-7.7858,53.6752],[-7.7905,53.6814],[-7.7956,53.6838],[-7.8018,53.6842],[-7.8,53.689],[-7.7956,53.6898],[-7.7931,53.6882],[-7.7922,53.6895],[-7.7967,53.695],[-7.7988,53.7016],[-7.7822,53.6977],[-7.7491,53.7032],[-7.7451,53.7014],[-7.7386,53.704],[-7.74,53.7046],[-7.7344,53.7062],[-7.7276,53.7118],[-7.7107,53.7125],[-7.713,53.7162],[-7.7107,53.7173],[-7.7117,53.72],[-7.7065,53.7209],[-7.7025,53.7248],[-7.7024,53.7265],[-7.6965,53.7294],[-7.7011,53.7362],[-7.6983,53.7358],[-7.6958,53.738],[-7.7085,53.7379],[-7.7228,53.746],[-7.7286,53.7437],[-7.748,53.7507],[-7.7562,53.752],[-7.7611,53.7504],[-7.7687,53.7608],[-7.7616,53.7676],[-7.7689,53.7671],[-7.7685,53.7689],[-7.773,53.7726],[-7.7785,53.7737],[-7.7796,53.7764],[-7.7786,53.7783],[-7.7891,53.7859],[-7.7818,53.7933],[-7.783,53.7943],[-7.783,53.7972],[-7.7891,53.8013],[-7.794,53.7995],[-7.794,53.8063],[-7.7993,53.8163],[-7.7883,53.8164],[-7.7877,53.8231],[-7.7803,53.8289],[-7.7821,53.8373],[-7.7792,53.8386],[-7.7764,53.8435],[-7.7719,53.8461],[-7.7711,53.8495],[-7.7768,53.8676],[-7.767,53.8671],[-7.7598,53.8635],[-7.7545,53.8691],[-7.7582,53.8736],[-7.7506,53.8755],[-7.7512,53.8792],[-7.7471,53.8802],[-7.7456,53.8787],[-7.7378,53.8762],[-7.7362,53.8778],[-7.731,53.8786],[-7.7282,53.8814],[-7.7263,53.8882],[-7.7129,53.8911],[-7.7107,53.8935],[-7.7124,53.8973],[-7.7113,53.9003],[-7.7028,53.9004],[-7.6988,53.9047],[-7.6933,53.9045],[-7.6906,53.9059],[-7.6926,53.9163],[-7.6911,53.9185],[-7.6882,53.9191],[-7.6784,53.917],[-7.6674,53.9214],[-7.669,53.9251],[-7.6682,53.9282],[-7.6607,53.9293],[-7.6603,53.9344],[-7.6577,53.9374],[-7.6532,53.9383],[-7.6492,53.942],[-7.6467,53.9415],[-7.6441,53.9379],[-7.6345,53.9394],[-7.6198,53.9354],[-7.6118,53.9363],[-7.6097,53.9387],[-7.6077,53.9386],[-7.6031,53.9312],[-7.5958,53.9283],[-7.5959,53.925],[-7.5933,53.921],[-7.5875,53.9183],[-7.5833,53.9145],[-7.5829,53.9122],[-7.5853,53.9085],[-7.5804,53.9033],[-7.5766,53.9018],[-7.5754,53.904],[-7.5764,53.906],[-7.5749,53.9075],[-7.5611,53.9057],[-7.5572,53.9039],[-7.5564,53.8981],[-7.5498,53.8929],[-7.5551,53.8907],[-7.5566,53.888],[-7.557,53.8829],[-7.5558,53.8786],[-7.5584,53.8778],[-7.5675,53.8802],[-7.5719,53.8801],[-7.5718,53.8739],[-7.5761,53.8654],[-7.5805,53.8628],[-7.5827,53.8583],[-7.5849,53.8569],[-7.5832,53.8511],[-7.5781,53.85],[-7.5707,53.8545],[-7.5431,53.8535],[-7.5412,53.8577],[-7.528,53.8636],[-7.5229,53.8622],[-7.5149,53.8572],[-7.5141,53.8588],[-7.5154,53.8598],[-7.5131,53.8603],[-7.5051,53.8603],[-7.5006,53.8572],[-7.4982,53.8598],[-7.4945,53.8603],[-7.4873,53.8523],[-7.4809,53.854],[-7.4768,53.8537],[-7.4735,53.848],[-7.4759,53.8456],[-7.4764,53.8432],[-7.4715,53.8385],[-7.4702,53.8295],[-7.4658,53.8234],[-7.467,53.8182],[-7.4728,53.8159],[-7.4755,53.8122],[-7.4697,53.8107],[-7.4688,53.8074],[-7.466,53.8065],[-7.4623,53.8014],[-7.4561,53.8023],[-7.4495,53.8011],[-7.4399,53.7982],[-7.4376,53.7961],[-7.4315,53.796],[-7.4116,53.79],[-7.4108,53.7873],[-7.4122,53.7852],[-7.41,53.7789],[-7.4026,53.7733],[-7.4016,53.7709],[-7.3982,53.7705],[-7.3955,53.7727],[-7.385,53.7714],[-7.3849,53.7671],[-7.3832,53.7642],[-7.3772,53.7635],[-7.3803,53.7585],[-7.3758,53.7584],[-7.3749,53.7556]]]}},{"type":"Feature","properties":{"d":"Longford","c":"2400G","dv":"Mayo & Roscommon/Longford","st":"Longford","hq":"Castlebar","ad":"Battery Road, Longford","ph":"3350570","ty":"District HQ","pop":24609,"km2":523.854},"geometry":{"type":"Polygon","coordinates":[[[-7.6012,53.5987],[-7.6034,53.5958],[-7.6102,53.5919],[-7.6194,53.5892],[-7.6218,53.5913],[-7.628,53.591],[-7.6311,53.5871],[-7.6305,53.5791],[-7.6383,53.5749],[-7.6498,53.5627],[-7.661,53.5586],[-7.6566,53.5516],[-7.6573,53.5405],[-7.6611,53.5338],[-7.6745,53.5292],[-7.679,53.5307],[-7.6828,53.5348],[-7.6843,53.5337],[-7.6905,53.5345],[-7.7054,53.5385],[-7.71,53.5366],[-7.7118,53.5372],[-7.72,53.5353],[-7.7231,53.531],[-7.7214,53.5282],[-7.7222,53.5276],[-7.7356,53.5295],[-7.741,53.527],[-7.7459,53.5269],[-7.7486,53.5302],[-7.7599,53.5353],[-7.7686,53.5368],[-7.7738,53.5354],[-7.7796,53.5359],[-7.7854,53.5386],[-7.796,53.5365],[-7.8091,53.5395],[-7.8206,53.5449],[-7.8228,53.5424],[-7.8322,53.5424],[-7.833,53.5398],[-7.8363,53.5389],[-7.8412,53.5417],[-7.8414,53.5434],[-7.8447,53.5433],[-7.8578,53.5492],[-7.894,53.5429],[-7.9148,53.5446],[-7.9214,53.5427],[-7.9387,53.5283],[-7.9476,53.5254],[-7.9698,53.5218],[-7.9808,53.5521],[-8.015,53.5811],[-8.036,53.6077],[-8.0361,53.6268],[-8.0347,53.6435],[-8.0268,53.653],[-8.0147,53.6624],[-8.0038,53.6621],[-7.9995,53.669],[-7.9847,53.68],[-7.9831,53.683],[-7.9824,53.6899],[-7.9877,53.6989],[-7.9841,53.7007],[-7.9772,53.7016],[-7.9663,53.7104],[-7.954,53.7104],[-7.9489,53.714],[-7.9445,53.728],[-7.9476,53.7354],[-7.9472,53.7372],[-7.9454,53.7383],[-7.9391,53.7384],[-7.9308,53.7334],[-7.9221,53.7334],[-7.9171,53.7359],[-7.9181,53.7381],[-7.9175,53.747],[-7.9084,53.7493],[-7.9065,53.7522],[-7.8984,53.7563],[-7.8898,53.7576],[-7.8863,53.7593],[-7.8866,53.7626],[-7.882,53.7671],[-7.8835,53.7715],[-7.8805,53.7761],[-7.876,53.7773],[-7.8812,53.7857],[-7.8941,53.7862],[-7.9048,53.791],[-7.9098,53.7948],[-7.9107,53.8103],[-7.9188,53.8215],[-7.9118,53.8214],[-7.897,53.824],[-7.8969,53.8218],[-7.8914,53.8228],[-7.8886,53.8238],[-7.8854,53.8286],[-7.8828,53.8291],[-7.8818,53.8279],[-7.8826,53.8212],[-7.8852,53.8202],[-7.8852,53.8174],[-7.8825,53.8152],[-7.8791,53.8183],[-7.8755,53.8153],[-7.8719,53.8175],[-7.8705,53.8139],[-7.8756,53.8109],[-7.8764,53.8084],[-7.8684,53.806],[-7.8638,53.808],[-7.8611,53.8124],[-7.8627,53.8175],[-7.8619,53.8194],[-7.8654,53.8251],[-7.8586,53.8309],[-7.8547,53.8315],[-7.8464,53.8185],[-7.8433,53.8176],[-7.8371,53.8108],[-7.8277,53.8118],[-7.819,53.8172],[-7.8193,53.8185],[-7.817,53.8197],[-7.8109,53.8204],[-7.8031,53.8152],[-7.7993,53.8163],[-7.794,53.8063],[-7.794,53.7995],[-7.7891,53.8013],[-7.783,53.7972],[-7.783,53.7943],[-7.7818,53.7933],[-7.7891,53.7859],[-7.7786,53.7783],[-7.7796,53.7764],[-7.7785,53.7737],[-7.773,53.7726],[-7.7685,53.7689],[-7.7689,53.7671],[-7.7616,53.7676],[-7.7687,53.7608],[-7.7611,53.7504],[-7.7562,53.752],[-7.748,53.7507],[-7.7286,53.7437],[-7.7228,53.746],[-7.7085,53.7379],[-7.6958,53.738],[-7.6983,53.7358],[-7.7011,53.7362],[-7.6965,53.7294],[-7.7024,53.7265],[-7.7025,53.7248],[-7.7065,53.7209],[-7.7117,53.72],[-7.7107,53.7173],[-7.713,53.7162],[-7.7107,53.7125],[-7.7276,53.7118],[-7.7344,53.7062],[-7.74,53.7046],[-7.7386,53.704],[-7.7451,53.7014],[-7.7491,53.7032],[-7.7822,53.6977],[-7.7988,53.7016],[-7.7967,53.695],[-7.7922,53.6895],[-7.7931,53.6882],[-7.7956,53.6898],[-7.8,53.689],[-7.8018,53.6842],[-7.7956,53.6838],[-7.7905,53.6814],[-7.7858,53.6752],[-7.7877,53.6746],[-7.7841,53.6725],[-7.7711,53.6705],[-7.7694,53.6697],[-7.7712,53.6691],[-7.7708,53.6677],[-7.7691,53.6671],[-7.7663,53.6685],[-7.7646,53.6679],[-7.7616,53.665],[-7.758,53.6652],[-7.7484,53.658],[-7.7432,53.6561],[-7.7435,53.6518],[-7.74,53.6467],[-7.7414,53.6451],[-7.7251,53.6302],[-7.7191,53.6296],[-7.7146,53.6271],[-7.7141,53.6287],[-7.712,53.6272],[-7.7098,53.6288],[-7.7003,53.6257],[-7.7007,53.6272],[-7.6956,53.6301],[-7.6959,53.6324],[-7.6894,53.627],[-7.6779,53.6324],[-7.6742,53.6293],[-7.6675,53.6294],[-7.6666,53.6277],[-7.6615,53.6279],[-7.6552,53.6321],[-7.6514,53.6291],[-7.6389,53.6245],[-7.631,53.6191],[-7.6267,53.6193],[-7.6227,53.6168],[-7.6215,53.6144],[-7.6156,53.6114],[-7.6083,53.6092],[-7.6074,53.6073],[-7.6086,53.606],[-7.6032,53.6024],[-7.6012,53.5987]]]}},{"type":"Feature","properties":{"d":"Drogheda","c":"2000A","dv":"Cavan/Monaghan & Louth","st":"Drogheda","hq":"Drogheda","ad":"Father Connolly Way, Drogheda, Co.","ph":"9874200","ty":"Division HQ","pop":53538,"km2":221.104},"geometry":{"type":"Polygon","coordinates":[[[-6.2163,53.7959],[-6.2179,53.7938],[-6.221,53.7926],[-6.2226,53.7899],[-6.2276,53.7886],[-6.2321,53.7894],[-6.2356,53.7873],[-6.2377,53.7843],[-6.2396,53.776],[-6.247,53.7601],[-6.2485,53.759],[-6.2478,53.7577],[-6.251,53.7377],[-6.2544,53.7301],[-6.2521,53.7261],[-6.2465,53.7234],[-6.2471,53.7225],[-6.2521,53.7249],[-6.2573,53.7306],[-6.2698,53.7323],[-6.2955,53.721],[-6.31,53.7203],[-6.3108,53.7182],[-6.3231,53.7163],[-6.3197,53.7107],[-6.3133,53.7096],[-6.3123,53.708],[-6.3189,53.703],[-6.3296,53.7025],[-6.3298,53.7049],[-6.359,53.6999],[-6.3597,53.7016],[-6.366,53.6972],[-6.3678,53.6999],[-6.374,53.6985],[-6.3789,53.7076],[-6.3804,53.7074],[-6.3806,53.7094],[-6.3911,53.7112],[-6.3888,53.7149],[-6.3919,53.7189],[-6.4035,53.7205],[-6.4189,53.7258],[-6.4268,53.725],[-6.4279,53.7207],[-6.4371,53.7193],[-6.4352,53.7169],[-6.4361,53.7156],[-6.4403,53.7152],[-6.4426,53.7162],[-6.4486,53.7144],[-6.4543,53.7151],[-6.4556,53.7144],[-6.4554,53.7131],[-6.4573,53.7127],[-6.4633,53.7132],[-6.4664,53.7157],[-6.4697,53.7212],[-6.4757,53.7231],[-6.4794,53.7225],[-6.4783,53.7252],[-6.4825,53.7256],[-6.4839,53.73],[-6.4801,53.7308],[-6.4777,53.7335],[-6.4789,53.7343],[-6.4756,53.7339],[-6.4736,53.7358],[-6.4745,53.7381],[-6.4697,53.7388],[-6.4666,53.741],[-6.4669,53.7427],[-6.459,53.7487],[-6.4589,53.7511],[-6.4511,53.754],[-6.4476,53.757],[-6.4472,53.7581],[-6.4508,53.7595],[-6.451,53.7609],[-6.4481,53.7665],[-6.4435,53.7702],[-6.4442,53.7756],[-6.4332,53.7826],[-6.4292,53.7837],[-6.4277,53.7869],[-6.4152,53.7867],[-6.4038,53.79],[-6.4075,53.794],[-6.4156,53.7956],[-6.4178,53.799],[-6.4147,53.8022],[-6.4159,53.8042],[-6.4225,53.8027],[-6.4321,53.8046],[-6.4427,53.8016],[-6.4435,53.804],[-6.4405,53.8037],[-6.4386,53.8055],[-6.4539,53.8088],[-6.4578,53.814],[-6.4577,53.8165],[-6.4595,53.8192],[-6.4613,53.8187],[-6.4619,53.8203],[-6.466,53.8197],[-6.4684,53.8222],[-6.4681,53.8244],[-6.4723,53.8276],[-6.4788,53.8272],[-6.4788,53.8223],[-6.4888,53.8229],[-6.4915,53.8319],[-6.49,53.8392],[-6.4823,53.8383],[-6.4802,53.8405],[-6.4824,53.8436],[-6.4818,53.8458],[-6.4802,53.8466],[-6.4819,53.8488],[-6.4804,53.8525],[-6.4855,53.853],[-6.4872,53.8572],[-6.486,53.8606],[-6.4873,53.8609],[-6.4876,53.8627],[-6.4826,53.8639],[-6.4758,53.8611],[-6.4659,53.863],[-6.4638,53.8622],[-6.4635,53.8603],[-6.4614,53.8589],[-6.4537,53.8592],[-6.4476,53.863],[-6.4379,53.8608],[-6.4372,53.8578],[-6.4279,53.8577],[-6.424,53.8533],[-6.4145,53.856],[-6.4017,53.8543],[-6.3968,53.856],[-6.3902,53.8554],[-6.3841,53.8573],[-6.384,53.8589],[-6.3882,53.8602],[-6.3879,53.864],[-6.3809,53.8683],[-6.3818,53.8712],[-6.3808,53.8725],[-6.3762,53.8728],[-6.3696,53.8681],[-6.3727,53.8675],[-6.3715,53.8667],[-6.3718,53.8648],[-6.3681,53.8652],[-6.3603,53.8569],[-6.3552,53.856],[-6.3531,53.8506],[-6.3459,53.8481],[-6.3427,53.8489],[-6.3443,53.8506],[-6.3437,53.8518],[-6.3405,53.8521],[-6.3344,53.8475],[-6.3254,53.8495],[-6.3144,53.8579],[-6.3144,53.8614],[-6.3115,53.8622],[-6.3034,53.8602],[-6.2951,53.8541],[-6.2834,53.8519],[-6.2836,53.8558],[-6.2818,53.8576],[-6.2801,53.8637],[-6.2813,53.868],[-6.2807,53.8697],[-6.2713,53.8694],[-6.2682,53.871],[-6.2568,53.8639],[-6.2503,53.8634],[-6.2466,53.8645],[-6.2404,53.8626],[-6.2378,53.8604],[-6.2454,53.856],[-6.2502,53.8506],[-6.2528,53.8455],[-6.254,53.8385],[-6.2592,53.8307],[-6.2614,53.8227],[-6.2599,53.8062],[-6.2552,53.8052],[-6.2534,53.8037],[-6.2493,53.8041],[-6.2493,53.8023],[-6.2466,53.8017],[-6.2446,53.7996],[-6.238,53.8008],[-6.2376,53.7994],[-6.2314,53.8002],[-6.2315,53.7988],[-6.2223,53.7979],[-6.2233,53.7975],[-6.2215,53.7978],[-6.2217,53.7991],[-6.2163,53.7959]]]}},{"type":"Feature","properties":{"d":"Navan","c":"2270E","dv":"Meath/Westmeath","st":"Navan","hq":"Mullingar","ad":"Abbey Rd, Navan, Co.Meath","ph":"9079930","ty":"District HQ","pop":52317,"km2":629.034},"geometry":{"type":"Polygon","coordinates":[[[-6.4213,53.7132],[-6.4309,53.6999],[-6.443,53.7006],[-6.4492,53.6943],[-6.4586,53.693],[-6.4611,53.6891],[-6.4642,53.6877],[-6.4823,53.6868],[-6.4827,53.6851],[-6.4814,53.6843],[-6.4788,53.6774],[-6.4962,53.6738],[-6.4921,53.6671],[-6.4945,53.6663],[-6.4922,53.6616],[-6.498,53.6618],[-6.4981,53.6541],[-6.4877,53.6535],[-6.4812,53.6446],[-6.4816,53.6337],[-6.4759,53.6332],[-6.47,53.623],[-6.4675,53.6225],[-6.4733,53.6197],[-6.4776,53.6202],[-6.4751,53.6132],[-6.4802,53.6123],[-6.4912,53.6129],[-6.4991,53.6107],[-6.4982,53.6094],[-6.4993,53.6091],[-6.5134,53.6091],[-6.5141,53.6062],[-6.5129,53.6012],[-6.5155,53.5983],[-6.5149,53.5946],[-6.5272,53.596],[-6.5284,53.6066],[-6.5397,53.606],[-6.5387,53.6019],[-6.5417,53.6036],[-6.5415,53.5983],[-6.5555,53.5994],[-6.556,53.5967],[-6.5613,53.5981],[-6.5626,53.5956],[-6.5646,53.596],[-6.5642,53.5987],[-6.5658,53.5992],[-6.5662,53.5962],[-6.5684,53.5962],[-6.5672,53.595],[-6.571,53.5946],[-6.5728,53.5927],[-6.5806,53.5918],[-6.5849,53.5878],[-6.5832,53.5864],[-6.5817,53.582],[-6.5797,53.5807],[-6.5811,53.5787],[-6.5789,53.5779],[-6.5789,53.5758],[-6.5762,53.5769],[-6.5735,53.5759],[-6.5762,53.5752],[-6.5763,53.573],[-6.5798,53.5693],[-6.5854,53.5679],[-6.584,53.5701],[-6.5858,53.5711],[-6.5899,53.57],[-6.5914,53.5732],[-6.602,53.5735],[-6.6014,53.5758],[-6.6059,53.5767],[-6.6074,53.5736],[-6.6118,53.5737],[-6.6119,53.568],[-6.6097,53.5668],[-6.6108,53.5653],[-6.6153,53.5643],[-6.6154,53.5618],[-6.6333,53.5598],[-6.6363,53.5634],[-6.633,53.5665],[-6.6323,53.5738],[-6.6418,53.5754],[-6.6509,53.5789],[-6.6528,53.5798],[-6.6522,53.5814],[-6.6547,53.5826],[-6.6614,53.5768],[-6.6618,53.5733],[-6.6707,53.5791],[-6.6683,53.5797],[-6.6702,53.5814],[-6.6735,53.5821],[-6.6754,53.581],[-6.6719,53.5796],[-6.6739,53.5787],[-6.6824,53.584],[-6.6895,53.5837],[-6.6915,53.5855],[-6.688,53.5869],[-6.6905,53.5946],[-6.681,53.5951],[-6.6652,53.5994],[-6.6582,53.6021],[-6.6563,53.6042],[-6.661,53.6056],[-6.6557,53.6063],[-6.671,53.6117],[-6.6829,53.612],[-6.6856,53.6097],[-6.6883,53.6095],[-6.6902,53.6115],[-6.6973,53.6126],[-6.7075,53.6114],[-6.7263,53.6136],[-6.7337,53.613],[-6.734,53.6143],[-6.7383,53.6152],[-6.7457,53.615],[-6.7548,53.6122],[-6.7634,53.6124],[-6.7648,53.6129],[-6.764,53.6157],[-6.7733,53.618],[-6.7827,53.6179],[-6.7842,53.6239],[-6.7896,53.6302],[-6.8013,53.6351],[-6.8062,53.6415],[-6.809,53.6416],[-6.8036,53.6532],[-6.8032,53.6583],[-6.7984,53.6636],[-6.8004,53.6646],[-6.7992,53.6679],[-6.7969,53.6693],[-6.7939,53.6684],[-6.7906,53.6722],[-6.7928,53.6727],[-6.7928,53.6741],[-6.7893,53.6749],[-6.7868,53.6779],[-6.7881,53.6785],[-6.7874,53.6794],[-6.7829,53.6791],[-6.783,53.6765],[-6.781,53.6764],[-6.7813,53.6804],[-6.7741,53.6825],[-6.769,53.6874],[-6.7695,53.6916],[-6.7671,53.6939],[-6.77,53.6977],[-6.765,53.6993],[-6.7703,53.7043],[-6.7669,53.706],[-6.7705,53.708],[-6.7691,53.7089],[-6.7693,53.7102],[-6.7618,53.7095],[-6.7605,53.7122],[-6.7577,53.7112],[-6.7561,53.7142],[-6.757,53.7166],[-6.7633,53.719],[-6.7636,53.7226],[-6.7663,53.7253],[-6.7649,53.7256],[-6.7691,53.7285],[-6.7673,53.729],[-6.7687,53.7303],[-6.7645,53.7304],[-6.7636,53.7317],[-6.7661,53.7312],[-6.7721,53.7338],[-6.7787,53.7395],[-6.778,53.7493],[-6.7678,53.7558],[-6.7676,53.7574],[-6.7616,53.7582],[-6.7582,53.7572],[-6.7502,53.7595],[-6.7528,53.76],[-6.7515,53.7684],[-6.7608,53.7744],[-6.7629,53.7786],[-6.7667,53.7792],[-6.7696,53.7818],[-6.7805,53.7787],[-6.7864,53.7786],[-6.7916,53.7816],[-6.7939,53.7808],[-6.7994,53.7835],[-6.802,53.787],[-6.8081,53.7903],[-6.81,53.7935],[-6.8187,53.7925],[-6.8253,53.7951],[-6.8291,53.798],[-6.8287,53.7996],[-6.8337,53.8021],[-6.8351,53.8049],[-6.8328,53.8076],[-6.8303,53.8073],[-6.8268,53.8114],[-6.8344,53.8148],[-6.8387,53.8147],[-6.8353,53.8084],[-6.839,53.8078],[-6.8386,53.807],[-6.8439,53.803],[-6.8491,53.8053],[-6.8496,53.8084],[-6.8559,53.8124],[-6.8599,53.8186],[-6.8601,53.8234],[-6.8585,53.8257],[-6.8611,53.8285],[-6.8564,53.8298],[-6.858,53.8325],[-6.8655,53.8353],[-6.8576,53.8387],[-6.8569,53.8427],[-6.8584,53.8454],[-6.8568,53.8495],[-6.8554,53.85],[-6.8554,53.8518],[-6.8487,53.854],[-6.8495,53.8564],[-6.8451,53.8586],[-6.8489,53.8591],[-6.851,53.8616],[-6.8574,53.8631],[-6.8578,53.8655],[-6.8596,53.8669],[-6.8585,53.8675],[-6.8648,53.8706],[-6.8687,53.8708],[-6.873,53.8688],[-6.8783,53.8703],[-6.8828,53.8737],[-6.8775,53.8775],[-6.8699,53.8779],[-6.8621,53.8757],[-6.8519,53.8789],[-6.8451,53.8787],[-6.8401,53.8824],[-6.846,53.8864],[-6.846,53.8889],[-6.8421,53.89],[-6.842,53.8912],[-6.8373,53.8919],[-6.8371,53.8942],[-6.8354,53.8952],[-6.8255,53.8939],[-6.8252,53.8963],[-6.8231,53.8975],[-6.8156,53.8984],[-6.8092,53.8961],[-6.8152,53.891],[-6.8103,53.8902],[-6.8075,53.8915],[-6.8036,53.8913],[-6.7966,53.8891],[-6.7992,53.887],[-6.7926,53.887],[-6.7883,53.8899],[-6.7853,53.8899],[-6.7875,53.8933],[-6.7835,53.8978],[-6.7898,53.9002],[-6.7889,53.903],[-6.786,53.9057],[-6.7863,53.9075],[-6.7841,53.9074],[-6.7824,53.9095],[-6.7839,53.9111],[-6.7793,53.9163],[-6.777,53.9138],[-6.7692,53.9107],[-6.7674,53.9131],[-6.7626,53.9138],[-6.762,53.9175],[-6.757,53.9164],[-6.755,53.9145],[-6.7447,53.9124],[-6.7391,53.9129],[-6.7306,53.9177],[-6.7278,53.9114],[-6.7215,53.9073],[-6.7161,53.9055],[-6.7147,53.9035],[-6.6999,53.9007],[-6.6924,53.902],[-6.6862,53.9009],[-6.6826,53.8984],[-6.6788,53.893],[-6.6649,53.8916],[-6.657,53.8843],[-6.6525,53.8856],[-6.6438,53.8834],[-6.6436,53.8808],[-6.6369,53.8795],[-6.6262,53.8798],[-6.6217,53.8773],[-6.6208,53.875],[-6.6021,53.8634],[-6.6035,53.8616],[-6.6,53.8584],[-6.5975,53.858],[-6.5935,53.8515],[-6.5932,53.8496],[-6.595,53.8457],[-6.5916,53.845],[-6.5935,53.8425],[-6.5986,53.8397],[-6.5988,53.8384],[-6.5921,53.8322],[-6.5936,53.8298],[-6.5858,53.8299],[-6.5822,53.8278],[-6.5825,53.8246],[-6.5795,53.8226],[-6.5786,53.8193],[-6.5801,53.8175],[-6.5836,53.8165],[-6.5788,53.814],[-6.58,53.8136],[-6.5805,53.8108],[-6.5775,53.8084],[-6.58,53.8076],[-6.5801,53.8064],[-6.5771,53.8055],[-6.5799,53.8031],[-6.5771,53.802],[-6.5755,53.7989],[-6.5715,53.7972],[-6.5609,53.7968],[-6.5531,53.798],[-6.5527,53.7963],[-6.5543,53.7949],[-6.5529,53.7943],[-6.5517,53.7875],[-6.5493,53.7845],[-6.5478,53.778],[-6.5404,53.7781],[-6.5372,53.7802],[-6.5344,53.779],[-6.5277,53.7742],[-6.5294,53.772],[-6.5285,53.7691],[-6.5206,53.7696],[-6.5193,53.7678],[-6.5158,53.7666],[-6.4691,53.77],[-6.4553,53.7666],[-6.4522,53.7632],[-6.4497,53.7629],[-6.4508,53.7595],[-6.4472,53.7581],[-6.4476,53.757],[-6.4511,53.754],[-6.4589,53.7511],[-6.459,53.7487],[-6.4669,53.7427],[-6.4666,53.741],[-6.4697,53.7388],[-6.4745,53.7381],[-6.4736,53.7358],[-6.4756,53.7339],[-6.4789,53.7343],[-6.4777,53.7335],[-6.4801,53.7308],[-6.4839,53.73],[-6.4833,53.7268],[-6.4825,53.7256],[-6.4783,53.7252],[-6.4794,53.7225],[-6.4757,53.7231],[-6.4697,53.7212],[-6.4664,53.7157],[-6.4633,53.7132],[-6.4573,53.7127],[-6.4554,53.7131],[-6.4556,53.7144],[-6.4543,53.7151],[-6.4486,53.7144],[-6.4426,53.7162],[-6.4403,53.7152],[-6.4361,53.7156],[-6.4352,53.7169],[-6.4371,53.7193],[-6.4332,53.7192],[-6.4276,53.7212],[-6.4266,53.719],[-6.4216,53.7154],[-6.4213,53.7132]]]}},{"type":"Feature","properties":{"d":"Kells","c":"2100H","dv":"Meath/Westmeath","st":"Kells","hq":"Mullingar","ad":"Fairgreen, Kells, Co. Meath","ph":"9280820","ty":"District HQ","pop":25346,"km2":572.778},"geometry":{"type":"Polygon","coordinates":[[[-6.7502,53.7595],[-6.7582,53.7572],[-6.7616,53.7582],[-6.7676,53.7574],[-6.7678,53.7558],[-6.778,53.7493],[-6.7787,53.7395],[-6.7721,53.7338],[-6.7661,53.7312],[-6.7636,53.7317],[-6.7645,53.7304],[-6.7687,53.7303],[-6.7673,53.729],[-6.7691,53.7285],[-6.7649,53.7256],[-6.7663,53.7253],[-6.7636,53.7226],[-6.7633,53.719],[-6.757,53.7166],[-6.7561,53.7142],[-6.7577,53.7112],[-6.7605,53.7122],[-6.7618,53.7095],[-6.7693,53.7102],[-6.7691,53.7089],[-6.7705,53.708],[-6.7669,53.706],[-6.7703,53.7043],[-6.765,53.6993],[-6.77,53.6977],[-6.7671,53.6939],[-6.7695,53.6916],[-6.769,53.6874],[-6.7741,53.6825],[-6.7813,53.6804],[-6.781,53.6764],[-6.783,53.6765],[-6.7829,53.6791],[-6.7874,53.6794],[-6.7881,53.6785],[-6.7868,53.6779],[-6.7893,53.6749],[-6.7928,53.6741],[-6.7928,53.6727],[-6.7906,53.6722],[-6.7939,53.6684],[-6.7969,53.6693],[-6.7992,53.6679],[-6.8004,53.6646],[-6.7984,53.6636],[-6.8032,53.6583],[-6.8036,53.6532],[-6.809,53.6416],[-6.8062,53.6415],[-6.8013,53.6351],[-6.7896,53.6302],[-6.7842,53.6239],[-6.7815,53.6135],[-6.7813,53.6117],[-6.7822,53.6122],[-6.7845,53.6073],[-6.7874,53.6075],[-6.7911,53.6049],[-6.7913,53.6017],[-6.799,53.6024],[-6.7978,53.5985],[-6.7992,53.5948],[-6.7978,53.5944],[-6.8001,53.5888],[-6.7977,53.5874],[-6.7957,53.5817],[-6.7972,53.5806],[-6.7971,53.5787],[-6.7985,53.5778],[-6.8064,53.5794],[-6.8098,53.5788],[-6.8119,53.58],[-6.815,53.579],[-6.8177,53.5761],[-6.8217,53.5779],[-6.8223,53.5797],[-6.8279,53.5814],[-6.8433,53.5821],[-6.8559,53.5844],[-6.8696,53.5835],[-6.8721,53.5816],[-6.8778,53.5802],[-6.8812,53.5855],[-6.8806,53.5877],[-6.8814,53.5913],[-6.8827,53.5922],[-6.8886,53.5886],[-6.8968,53.5858],[-6.9083,53.5875],[-6.9258,53.5851],[-6.9429,53.5864],[-6.9519,53.5889],[-6.9588,53.5814],[-6.9619,53.5811],[-6.9656,53.5789],[-6.9716,53.5847],[-6.9856,53.5914],[-6.9799,53.6059],[-6.9814,53.6087],[-6.988,53.6129],[-6.9875,53.6167],[-6.9886,53.6187],[-6.9782,53.6277],[-6.9652,53.6313],[-6.9627,53.6348],[-6.9635,53.6362],[-6.9621,53.6378],[-6.9631,53.6416],[-6.9623,53.6441],[-6.9602,53.6477],[-6.9582,53.6477],[-6.9562,53.6495],[-6.9586,53.6533],[-6.9548,53.6545],[-6.9558,53.6562],[-6.9597,53.6579],[-6.9641,53.656],[-6.9728,53.658],[-6.9776,53.6637],[-6.9754,53.6662],[-6.9799,53.6677],[-6.9808,53.6713],[-6.9822,53.6722],[-6.9853,53.6721],[-6.99,53.676],[-6.9935,53.6758],[-6.9982,53.6774],[-7.0037,53.6766],[-7.0051,53.6721],[-7.004,53.6687],[-7.0083,53.6669],[-7.0233,53.6718],[-7.0289,53.6606],[-7.0322,53.6605],[-7.0366,53.6573],[-7.0381,53.6598],[-7.0405,53.6605],[-7.0433,53.6592],[-7.0504,53.6592],[-7.06,53.6486],[-7.0662,53.6449],[-7.0681,53.645],[-7.0677,53.6459],[-7.0696,53.6472],[-7.0738,53.6481],[-7.0755,53.6524],[-7.0795,53.6523],[-7.0823,53.6534],[-7.0822,53.6545],[-7.0876,53.6557],[-7.0886,53.658],[-7.0961,53.6614],[-7.0971,53.6647],[-7.1091,53.6688],[-7.1154,53.6787],[-7.1205,53.6829],[-7.1225,53.6825],[-7.1249,53.6789],[-7.1236,53.6784],[-7.1267,53.6775],[-7.13,53.6739],[-7.1351,53.6736],[-7.1372,53.6769],[-7.1427,53.6798],[-7.1477,53.6847],[-7.1532,53.6859],[-7.158,53.6853],[-7.1602,53.6869],[-7.1691,53.6888],[-7.1742,53.6882],[-7.1862,53.692],[-7.1919,53.6899],[-7.1934,53.691],[-7.1938,53.6937],[-7.1983,53.6969],[-7.1977,53.6974],[-7.2027,53.6998],[-7.2059,53.6995],[-7.2102,53.6964],[-7.2133,53.699],[-7.2142,53.7036],[-7.2163,53.7048],[-7.2194,53.7032],[-7.2258,53.7033],[-7.2304,53.7114],[-7.2366,53.7139],[-7.2379,53.716],[-7.2371,53.7164],[-7.2394,53.7177],[-7.238,53.719],[-7.2386,53.7208],[-7.2345,53.7243],[-7.2356,53.726],[-7.2321,53.7277],[-7.2351,53.7303],[-7.2299,53.7339],[-7.2319,53.7356],[-7.2381,53.7358],[-7.2439,53.7426],[-7.2578,53.7453],[-7.2679,53.7508],[-7.2731,53.7556],[-7.2752,53.7634],[-7.2825,53.7673],[-7.2807,53.769],[-7.2866,53.7735],[-7.2862,53.7748],[-7.2921,53.7783],[-7.3164,53.7842],[-7.3165,53.7886],[-7.3362,53.788],[-7.3418,53.792],[-7.344,53.7988],[-7.308,53.8128],[-7.2881,53.7983],[-7.284,53.7971],[-7.2843,53.7956],[-7.2798,53.7926],[-7.2807,53.7901],[-7.278,53.7867],[-7.2796,53.7857],[-7.2783,53.7817],[-7.2741,53.7796],[-7.2651,53.7782],[-7.2625,53.779],[-7.2571,53.7764],[-7.2568,53.7741],[-7.2538,53.774],[-7.2487,53.7763],[-7.2477,53.7779],[-7.2407,53.7781],[-7.2289,53.7715],[-7.2243,53.7723],[-7.2142,53.7711],[-7.2144,53.7734],[-7.2196,53.7743],[-7.2151,53.7785],[-7.2104,53.7806],[-7.2133,53.7823],[-7.2138,53.7837],[-7.2124,53.7857],[-7.2061,53.7867],[-7.1939,53.7947],[-7.1849,53.7888],[-7.1784,53.7913],[-7.1749,53.791],[-7.1741,53.7925],[-7.1768,53.7946],[-7.1762,53.7952],[-7.1714,53.7958],[-7.1567,53.7941],[-7.1573,53.7978],[-7.1521,53.8012],[-7.155,53.8048],[-7.154,53.8063],[-7.1413,53.7993],[-7.1358,53.794],[-7.1278,53.7905],[-7.1244,53.7918],[-7.1234,53.7938],[-7.1151,53.7935],[-7.1107,53.7915],[-7.1074,53.7894],[-7.1055,53.7863],[-7.1066,53.7836],[-7.105,53.7766],[-7.0965,53.7763],[-7.0911,53.7742],[-7.0876,53.7755],[-7.0809,53.7757],[-7.0667,53.7724],[-7.0583,53.772],[-7.0566,53.7731],[-7.0501,53.7717],[-7.0431,53.7764],[-7.038,53.7767],[-7.0326,53.7733],[-7.0276,53.7732],[-7.0209,53.7691],[-7.0125,53.7693],[-7.0022,53.7656],[-7.0004,53.7668],[-7.0018,53.7692],[-7.001,53.7729],[-6.9954,53.7811],[-6.9929,53.7801],[-6.9943,53.7784],[-6.9907,53.7755],[-6.9815,53.7727],[-6.9712,53.7777],[-6.9729,53.7851],[-6.9632,53.7911],[-6.9546,53.7864],[-6.9514,53.7816],[-6.9407,53.7807],[-6.9394,53.7821],[-6.9333,53.7827],[-6.9297,53.7858],[-6.9419,53.7893],[-6.9401,53.7917],[-6.9415,53.7934],[-6.9387,53.7954],[-6.9401,53.7985],[-6.9311,53.8038],[-6.9213,53.8011],[-6.9169,53.8064],[-6.9128,53.8089],[-6.9153,53.8123],[-6.9184,53.8133],[-6.9174,53.817],[-6.9202,53.8171],[-6.9215,53.8189],[-6.9252,53.8199],[-6.9273,53.8228],[-6.9301,53.8228],[-6.9341,53.828],[-6.9412,53.8298],[-6.947,53.8341],[-6.9532,53.8358],[-6.9525,53.8388],[-6.9554,53.8401],[-6.9525,53.8423],[-6.9551,53.8452],[-6.9576,53.8451],[-6.9598,53.8433],[-6.963,53.8437],[-6.9664,53.8481],[-6.9645,53.8492],[-6.9677,53.8535],[-6.9724,53.857],[-6.9661,53.861],[-6.9681,53.8639],[-6.9723,53.8658],[-6.9724,53.8676],[-6.9736,53.8679],[-6.9729,53.869],[-6.9747,53.8709],[-6.9725,53.8724],[-6.9691,53.8713],[-6.9565,53.8637],[-6.9549,53.8654],[-6.9463,53.8666],[-6.9306,53.8722],[-6.9242,53.8753],[-6.9263,53.8764],[-6.9286,53.8802],[-6.9326,53.881],[-6.9333,53.8829],[-6.9322,53.8842],[-6.9342,53.8857],[-6.9334,53.8879],[-6.9357,53.8915],[-6.9241,53.8929],[-6.9118,53.8884],[-6.9094,53.8887],[-6.903,53.8834],[-6.8967,53.881],[-6.8848,53.8807],[-6.8806,53.8782],[-6.8828,53.8737],[-6.8783,53.8703],[-6.873,53.8688],[-6.8687,53.8708],[-6.8648,53.8706],[-6.8585,53.8675],[-6.8596,53.8669],[-6.8578,53.8655],[-6.8574,53.8631],[-6.851,53.8616],[-6.8489,53.8591],[-6.8451,53.8586],[-6.8495,53.8564],[-6.8487,53.854],[-6.8554,53.8518],[-6.8554,53.85],[-6.8568,53.8495],[-6.8584,53.8454],[-6.8569,53.8427],[-6.8576,53.8387],[-6.8655,53.8353],[-6.858,53.8325],[-6.8564,53.8298],[-6.8611,53.8285],[-6.8585,53.8257],[-6.8601,53.8234],[-6.8599,53.8186],[-6.8559,53.8124],[-6.8496,53.8084],[-6.8491,53.8053],[-6.8439,53.803],[-6.8386,53.807],[-6.839,53.8078],[-6.8353,53.8084],[-6.8387,53.8147],[-6.8344,53.8148],[-6.8268,53.8114],[-6.8303,53.8073],[-6.8328,53.8076],[-6.8351,53.8049],[-6.8337,53.8021],[-6.8287,53.7996],[-6.8291,53.798],[-6.8253,53.7951],[-6.8187,53.7925],[-6.81,53.7935],[-6.8081,53.7903],[-6.802,53.787],[-6.7994,53.7835],[-6.7939,53.7808],[-6.7916,53.7816],[-6.7864,53.7786],[-6.7805,53.7787],[-6.7696,53.7818],[-6.7667,53.7792],[-6.7629,53.7786],[-6.7608,53.7744],[-6.7515,53.7684],[-6.7528,53.76],[-6.7502,53.7595]]]}},{"type":"Feature","properties":{"d":"Mullingar","c":"2300M","dv":"Meath/Westmeath","st":"Mullingar","hq":"Mullingar","ad":"College Road, Mullingar, Co. Westmeath","ph":"9384000","ty":"Division HQ","pop":53353,"km2":1173.653},"geometry":{"type":"Polygon","coordinates":[[[-6.9548,53.6545],[-6.9586,53.6533],[-6.9562,53.6495],[-6.9582,53.6477],[-6.9602,53.6477],[-6.9623,53.6441],[-6.9631,53.6416],[-6.9621,53.6378],[-6.9635,53.6362],[-6.9627,53.6348],[-6.9652,53.6313],[-6.9782,53.6277],[-6.9886,53.6187],[-6.9875,53.6167],[-6.988,53.6129],[-6.9803,53.6077],[-6.9799,53.6051],[-6.9856,53.5914],[-6.9871,53.5914],[-6.9871,53.59],[-6.9956,53.5892],[-6.9955,53.5845],[-6.9897,53.578],[-6.995,53.5764],[-7.014,53.5782],[-7.0235,53.5751],[-7.0313,53.5673],[-7.0355,53.557],[-7.0301,53.5509],[-7.0181,53.5448],[-7.0219,53.5367],[-7.023,53.5223],[-7.0374,53.5129],[-7.0388,53.5086],[-7.0368,53.5075],[-7.0354,53.5037],[-7.0382,53.5034],[-7.0428,53.5003],[-7.0644,53.4972],[-7.0689,53.4952],[-7.0686,53.4926],[-7.0663,53.4916],[-7.0619,53.4865],[-7.0618,53.4832],[-7.0663,53.4836],[-7.0671,53.4792],[-7.0671,53.4773],[-7.0638,53.4754],[-7.0659,53.4724],[-7.0635,53.4707],[-7.063,53.4689],[-7.0697,53.4661],[-7.0712,53.4672],[-7.0745,53.4671],[-7.0818,53.4637],[-7.0907,53.4553],[-7.0991,53.4518],[-7.1235,53.446],[-7.1444,53.4492],[-7.1458,53.4504],[-7.1513,53.4501],[-7.1571,53.4448],[-7.1587,53.4392],[-7.1862,53.4339],[-7.1949,53.4348],[-7.1925,53.4308],[-7.1922,53.4233],[-7.2008,53.4242],[-7.2095,53.4217],[-7.2137,53.4181],[-7.2114,53.4158],[-7.2111,53.4122],[-7.2159,53.4069],[-7.2218,53.4055],[-7.2316,53.4054],[-7.2551,53.3984],[-7.2705,53.3978],[-7.2742,53.3998],[-7.2775,53.3994],[-7.2783,53.3987],[-7.2761,53.396],[-7.2791,53.3935],[-7.3154,53.3748],[-7.3287,53.3658],[-7.3329,53.3642],[-7.3407,53.3645],[-7.3474,53.3602],[-7.3783,53.3705],[-7.3754,53.3738],[-7.3787,53.381],[-7.3846,53.3861],[-7.3921,53.3887],[-7.3875,53.3938],[-7.3912,53.394],[-7.4,53.4029],[-7.4046,53.4051],[-7.4012,53.4099],[-7.4009,53.4156],[-7.4145,53.4225],[-7.4193,53.4235],[-7.419,53.4259],[-7.423,53.4266],[-7.4248,53.4284],[-7.4234,53.43],[-7.4253,53.4309],[-7.4274,53.4396],[-7.4197,53.4541],[-7.4371,53.4513],[-7.4347,53.4527],[-7.435,53.4551],[-7.4371,53.4561],[-7.4355,53.4584],[-7.4444,53.4604],[-7.4455,53.4638],[-7.452,53.4665],[-7.4568,53.4728],[-7.4608,53.4739],[-7.467,53.4802],[-7.4793,53.4817],[-7.4799,53.4811],[-7.4773,53.4786],[-7.4853,53.4762],[-7.4876,53.4799],[-7.4955,53.4783],[-7.501,53.4806],[-7.5093,53.4883],[-7.4997,53.4922],[-7.5081,53.4944],[-7.5088,53.4971],[-7.5193,53.5023],[-7.5273,53.508],[-7.5263,53.5086],[-7.5307,53.5101],[-7.5335,53.5128],[-7.5351,53.5127],[-7.5354,53.514],[-7.5398,53.5166],[-7.5425,53.5167],[-7.546,53.5193],[-7.5436,53.5214],[-7.551,53.5295],[-7.5535,53.53],[-7.5572,53.5274],[-7.5611,53.527],[-7.5547,53.5216],[-7.565,53.5169],[-7.5693,53.519],[-7.5707,53.5186],[-7.5753,53.5227],[-7.5792,53.5215],[-7.5767,53.5183],[-7.5809,53.5191],[-7.5841,53.5165],[-7.5904,53.5228],[-7.5885,53.5236],[-7.5903,53.5264],[-7.5962,53.5283],[-7.6003,53.5278],[-7.6038,53.53],[-7.6028,53.5325],[-7.6049,53.5371],[-7.6068,53.537],[-7.6077,53.5351],[-7.6097,53.5346],[-7.6138,53.5384],[-7.6189,53.5394],[-7.6211,53.5438],[-7.6257,53.543],[-7.637,53.5476],[-7.6392,53.55],[-7.6472,53.5482],[-7.6587,53.5594],[-7.6498,53.5627],[-7.6383,53.5749],[-7.6305,53.5791],[-7.6311,53.5871],[-7.628,53.591],[-7.6218,53.5913],[-7.6194,53.5892],[-7.6102,53.5919],[-7.6034,53.5958],[-7.6012,53.5987],[-7.6032,53.6024],[-7.6086,53.606],[-7.605,53.6099],[-7.5986,53.6127],[-7.5891,53.6145],[-7.5863,53.6134],[-7.5818,53.6139],[-7.5769,53.6108],[-7.5658,53.6112],[-7.5599,53.6137],[-7.5623,53.6171],[-7.5652,53.6178],[-7.5698,53.6223],[-7.5684,53.6253],[-7.5691,53.6273],[-7.5649,53.6293],[-7.5705,53.6357],[-7.5793,53.6404],[-7.5957,53.6442],[-7.6061,53.6485],[-7.615,53.6488],[-7.6147,53.6538],[-7.6115,53.6597],[-7.5925,53.657],[-7.5691,53.6465],[-7.5649,53.6494],[-7.5647,53.6519],[-7.5738,53.6563],[-7.5753,53.6601],[-7.5712,53.6616],[-7.5683,53.6713],[-7.5486,53.6694],[-7.5453,53.6708],[-7.5437,53.6703],[-7.5419,53.672],[-7.5463,53.6756],[-7.5385,53.6767],[-7.5286,53.6744],[-7.5294,53.6769],[-7.5319,53.6789],[-7.5307,53.6818],[-7.535,53.6851],[-7.5264,53.6899],[-7.5283,53.7001],[-7.5176,53.6955],[-7.5095,53.6989],[-7.517,53.705],[-7.5159,53.7085],[-7.5078,53.7066],[-7.4917,53.6996],[-7.4855,53.7022],[-7.4845,53.7048],[-7.4861,53.7062],[-7.4832,53.7095],[-7.477,53.7077],[-7.4755,53.7094],[-7.477,53.7099],[-7.4734,53.7148],[-7.4664,53.7119],[-7.4587,53.7204],[-7.4603,53.7242],[-7.459,53.7258],[-7.4587,53.7298],[-7.4475,53.729],[-7.445,53.7321],[-7.438,53.7309],[-7.4296,53.7349],[-7.4229,53.7309],[-7.4164,53.724],[-7.4064,53.7259],[-7.4071,53.7291],[-7.4052,53.7305],[-7.4059,53.7324],[-7.4035,53.734],[-7.3988,53.7342],[-7.3977,53.7326],[-7.3953,53.7337],[-7.3939,53.7323],[-7.3888,53.735],[-7.3859,53.7351],[-7.3866,53.7364],[-7.3843,53.7391],[-7.3864,53.7418],[-7.3853,53.7435],[-7.3859,53.7455],[-7.3831,53.7476],[-7.3838,53.7509],[-7.3813,53.7518],[-7.3796,53.7547],[-7.3749,53.7556],[-7.3758,53.7584],[-7.3803,53.7585],[-7.3772,53.7635],[-7.3832,53.7642],[-7.3849,53.7671],[-7.385,53.7714],[-7.3955,53.7727],[-7.3982,53.7705],[-7.4016,53.7709],[-7.4026,53.7733],[-7.41,53.7789],[-7.4122,53.7852],[-7.4112,53.7889],[-7.4047,53.7894],[-7.3941,53.7935],[-7.3917,53.7936],[-7.3877,53.7895],[-7.3787,53.7844],[-7.344,53.7988],[-7.3418,53.792],[-7.3362,53.788],[-7.3165,53.7886],[-7.3164,53.7842],[-7.2921,53.7783],[-7.2862,53.7748],[-7.2866,53.7735],[-7.2807,53.769],[-7.2825,53.7673],[-7.2752,53.7634],[-7.2731,53.7556],[-7.2679,53.7508],[-7.2578,53.7453],[-7.2439,53.7426],[-7.2381,53.7358],[-7.2319,53.7356],[-7.2299,53.7339],[-7.2351,53.7303],[-7.2321,53.7277],[-7.2356,53.726],[-7.2345,53.7243],[-7.2386,53.7208],[-7.238,53.719],[-7.2394,53.7177],[-7.2371,53.7164],[-7.2379,53.716],[-7.2366,53.7139],[-7.2304,53.7114],[-7.2258,53.7033],[-7.2194,53.7032],[-7.2163,53.7048],[-7.2142,53.7036],[-7.2133,53.699],[-7.2102,53.6964],[-7.2059,53.6995],[-7.2027,53.6998],[-7.1977,53.6974],[-7.1983,53.6969],[-7.1938,53.6937],[-7.1934,53.691],[-7.1919,53.6899],[-7.1862,53.692],[-7.1742,53.6882],[-7.1691,53.6888],[-7.1602,53.6869],[-7.158,53.6853],[-7.1532,53.6859],[-7.1477,53.6847],[-7.1427,53.6798],[-7.1372,53.6769],[-7.1351,53.6736],[-7.13,53.6739],[-7.1267,53.6775],[-7.1236,53.6784],[-7.1249,53.6789],[-7.1225,53.6825],[-7.1205,53.6829],[-7.1154,53.6787],[-7.1091,53.6688],[-7.0971,53.6647],[-7.0961,53.6614],[-7.0886,53.658],[-7.0876,53.6557],[-7.0822,53.6545],[-7.0823,53.6534],[-7.0795,53.6523],[-7.0755,53.6524],[-7.0738,53.6481],[-7.0696,53.6472],[-7.0677,53.6459],[-7.0681,53.645],[-7.0662,53.6449],[-7.06,53.6486],[-7.0504,53.6592],[-7.0433,53.6592],[-7.0405,53.6605],[-7.0381,53.6598],[-7.0366,53.6573],[-7.0322,53.6605],[-7.0289,53.6606],[-7.0233,53.6718],[-7.0083,53.6669],[-7.0053,53.6679],[-7.004,53.6687],[-7.0051,53.6721],[-7.0037,53.6766],[-7.0007,53.6772],[-6.99,53.676],[-6.9853,53.6721],[-6.9808,53.6713],[-6.9799,53.6677],[-6.9754,53.6662],[-6.9776,53.6637],[-6.9728,53.658],[-6.9641,53.656],[-6.9597,53.6579],[-6.9558,53.6562],[-6.9548,53.6545]]]}},{"type":"Feature","properties":{"d":"Athlone","c":"2370A","dv":"Meath/Westmeath","st":"Athlone","hq":"Mullingar","ad":"Barrack Street, Athlone, Co. Westmeath","ph":"6492600","ty":"District HQ","pop":41706,"km2":698.107},"geometry":{"type":"Polygon","coordinates":[[[-7.3425,53.3587],[-7.3593,53.3503],[-7.3654,53.3487],[-7.3679,53.3438],[-7.3679,53.341],[-7.3878,53.3356],[-7.3991,53.3302],[-7.4247,53.3347],[-7.4277,53.3321],[-7.4323,53.3323],[-7.4347,53.3298],[-7.4442,53.3288],[-7.4451,53.3264],[-7.4431,53.3226],[-7.4454,53.322],[-7.4464,53.3198],[-7.4516,53.3201],[-7.4558,53.318],[-7.4632,53.3282],[-7.4707,53.3293],[-7.4706,53.3315],[-7.4723,53.3327],[-7.479,53.3308],[-7.4847,53.3316],[-7.4837,53.3297],[-7.4854,53.3292],[-7.4926,53.3294],[-7.4953,53.3311],[-7.4947,53.3325],[-7.4963,53.3343],[-7.4957,53.3387],[-7.4939,53.3408],[-7.5095,53.3449],[-7.515,53.3437],[-7.5288,53.3472],[-7.5313,53.3396],[-7.5292,53.3376],[-7.5322,53.337],[-7.531,53.3338],[-7.534,53.3329],[-7.5346,53.3309],[-7.5328,53.3277],[-7.5301,53.3281],[-7.5309,53.3266],[-7.5259,53.325],[-7.528,53.3217],[-7.537,53.3271],[-7.5398,53.3355],[-7.5422,53.3384],[-7.5543,53.3447],[-7.5569,53.3484],[-7.5626,53.3474],[-7.5617,53.3491],[-7.5659,53.3519],[-7.5635,53.3538],[-7.5676,53.3618],[-7.5684,53.3678],[-7.5658,53.3723],[-7.5672,53.3783],[-7.5662,53.3795],[-7.575,53.381],[-7.577,53.3842],[-7.5819,53.3871],[-7.5802,53.3903],[-7.5847,53.396],[-7.5912,53.399],[-7.605,53.4006],[-7.6076,53.4046],[-7.6047,53.4059],[-7.6061,53.4073],[-7.6067,53.4115],[-7.6131,53.4113],[-7.6192,53.4147],[-7.6197,53.4161],[-7.6247,53.4181],[-7.6278,53.4134],[-7.6383,53.4127],[-7.6414,53.4117],[-7.6419,53.41],[-7.6454,53.411],[-7.6486,53.4049],[-7.6545,53.4053],[-7.6636,53.4098],[-7.666,53.4051],[-7.6656,53.4012],[-7.6796,53.4024],[-7.6756,53.399],[-7.6788,53.3976],[-7.6799,53.3941],[-7.6846,53.3926],[-7.6891,53.3943],[-7.6955,53.3912],[-7.6915,53.3896],[-7.6962,53.3812],[-7.7018,53.383],[-7.7055,53.3798],[-7.7093,53.3803],[-7.7097,53.3761],[-7.7151,53.3698],[-7.7089,53.3696],[-7.7038,53.3664],[-7.715,53.3623],[-7.7173,53.3601],[-7.7628,53.3481],[-7.7721,53.347],[-7.777,53.3482],[-7.7789,53.3499],[-7.7846,53.3495],[-7.7944,53.3532],[-7.7979,53.3504],[-7.8045,53.3504],[-7.8183,53.3545],[-7.8184,53.3563],[-7.8298,53.3551],[-7.8368,53.3536],[-7.8377,53.3516],[-7.8449,53.3497],[-7.8403,53.3478],[-7.8466,53.3411],[-7.8546,53.3471],[-7.8675,53.3468],[-7.8827,53.349],[-7.8933,53.3537],[-7.8972,53.3577],[-7.9048,53.3604],[-7.9061,53.3624],[-7.9126,53.3611],[-7.9189,53.3614],[-7.9233,53.3631],[-7.9182,53.3675],[-7.9123,53.368],[-7.9104,53.3718],[-7.9144,53.3771],[-7.9137,53.379],[-7.9232,53.3879],[-7.9241,53.3953],[-7.9293,53.3978],[-7.9305,53.4],[-7.9408,53.4041],[-7.9455,53.4031],[-7.9459,53.4015],[-7.9517,53.402],[-7.952,53.4011],[-7.9571,53.4025],[-7.9597,53.4007],[-7.9631,53.4013],[-7.9641,53.4004],[-7.9661,53.4024],[-7.9654,53.4034],[-7.975,53.4096],[-7.9788,53.4103],[-7.9812,53.4123],[-7.9877,53.4123],[-7.9935,53.4154],[-8.0009,53.4157],[-8.0042,53.4186],[-8.0095,53.4144],[-8.0134,53.4184],[-8.0196,53.4201],[-8.0255,53.4197],[-8.0281,53.4183],[-8.0327,53.4191],[-8.0353,53.4239],[-8.0394,53.4263],[-8.0372,53.4314],[-8.0301,53.4353],[-8.0302,53.4419],[-8.0323,53.4444],[-8.0397,53.4446],[-8.0408,53.4525],[-8.0477,53.4593],[-8.0458,53.4608],[-8.0413,53.4567],[-8.0392,53.4574],[-8.0392,53.4588],[-8.0456,53.4646],[-8.0439,53.4657],[-8.0358,53.46],[-8.0296,53.4596],[-8.0093,53.4619],[-8.0076,53.4601],[-8.006,53.4609],[-8.0051,53.4631],[-8.006,53.4634],[-7.9991,53.4713],[-8.0007,53.472],[-8.0013,53.4743],[-7.9995,53.4764],[-8.0003,53.4801],[-7.9992,53.4809],[-8.0009,53.4834],[-7.9999,53.485],[-8.0025,53.4837],[-8.0036,53.4852],[-8.0016,53.4863],[-8.0062,53.487],[-8.0025,53.4879],[-8.0043,53.4897],[-8.003,53.4904],[-7.9987,53.4885],[-7.9983,53.4895],[-8.0002,53.4918],[-7.998,53.4936],[-8.0023,53.4948],[-8.0097,53.4931],[-8.0115,53.494],[-8.0092,53.4949],[-7.9601,53.4949],[-7.9698,53.5218],[-7.9476,53.5254],[-7.9387,53.5283],[-7.9214,53.5427],[-7.9148,53.5446],[-7.894,53.5429],[-7.8578,53.5492],[-7.8447,53.5433],[-7.8414,53.5434],[-7.8412,53.5417],[-7.8363,53.5389],[-7.833,53.5398],[-7.8322,53.5424],[-7.8228,53.5424],[-7.8206,53.5449],[-7.8091,53.5395],[-7.796,53.5365],[-7.7854,53.5386],[-7.7796,53.5359],[-7.7738,53.5354],[-7.7686,53.5368],[-7.7599,53.5353],[-7.7486,53.5302],[-7.7459,53.5269],[-7.741,53.527],[-7.7356,53.5295],[-7.7222,53.5276],[-7.7214,53.5282],[-7.7231,53.531],[-7.72,53.5353],[-7.7118,53.5372],[-7.71,53.5366],[-7.7054,53.5385],[-7.6905,53.5345],[-7.6843,53.5337],[-7.6828,53.5348],[-7.679,53.5307],[-7.6745,53.5292],[-7.6611,53.5338],[-7.6573,53.5405],[-7.6566,53.5516],[-7.661,53.5586],[-7.6587,53.5594],[-7.6472,53.5482],[-7.6392,53.55],[-7.637,53.5476],[-7.6257,53.543],[-7.6211,53.5438],[-7.6189,53.5394],[-7.6138,53.5384],[-7.6097,53.5346],[-7.6077,53.5351],[-7.6068,53.537],[-7.6049,53.5371],[-7.6028,53.5325],[-7.6038,53.53],[-7.6003,53.5278],[-7.5962,53.5283],[-7.5903,53.5264],[-7.5885,53.5236],[-7.5904,53.5228],[-7.5841,53.5165],[-7.5809,53.5191],[-7.5767,53.5183],[-7.5792,53.5215],[-7.5753,53.5227],[-7.5707,53.5186],[-7.5693,53.519],[-7.565,53.5169],[-7.5547,53.5216],[-7.5611,53.527],[-7.5572,53.5274],[-7.5535,53.53],[-7.551,53.5295],[-7.5436,53.5214],[-7.546,53.5193],[-7.5425,53.5167],[-7.5398,53.5166],[-7.5354,53.514],[-7.5351,53.5127],[-7.5335,53.5128],[-7.5307,53.5101],[-7.5263,53.5086],[-7.5273,53.508],[-7.5193,53.5023],[-7.5088,53.4971],[-7.5081,53.4944],[-7.4997,53.4922],[-7.5093,53.4883],[-7.501,53.4806],[-7.4955,53.4783],[-7.4876,53.4799],[-7.4853,53.4762],[-7.4773,53.4786],[-7.4799,53.4811],[-7.4793,53.4817],[-7.467,53.4802],[-7.4608,53.4739],[-7.4568,53.4728],[-7.452,53.4665],[-7.4455,53.4638],[-7.4444,53.4604],[-7.4355,53.4584],[-7.4371,53.4561],[-7.435,53.4551],[-7.4347,53.4527],[-7.4371,53.4513],[-7.4197,53.4541],[-7.4274,53.4396],[-7.4253,53.4309],[-7.4234,53.43],[-7.4248,53.4284],[-7.423,53.4266],[-7.419,53.4259],[-7.4193,53.4235],[-7.4145,53.4225],[-7.4009,53.4156],[-7.4012,53.4099],[-7.4046,53.4051],[-7.4,53.4029],[-7.3912,53.394],[-7.3875,53.3938],[-7.3921,53.3887],[-7.3846,53.3861],[-7.3787,53.381],[-7.3754,53.3738],[-7.3783,53.3705],[-7.3425,53.3587]]]}},{"type":"Feature","properties":{"d":"Trim","c":"2170K","dv":"Meath/Westmeath","st":"Trim","hq":"Mullingar","ad":"New Dublin Rd, Trim","ph":"9481540","ty":"District HQ","pop":33457,"km2":535.469},"geometry":{"type":"Polygon","coordinates":[[[-6.6246,53.5096],[-6.6282,53.5035],[-6.64,53.5047],[-6.6427,53.5004],[-6.6517,53.4992],[-6.6476,53.4953],[-6.648,53.4926],[-6.6515,53.4911],[-6.6596,53.4817],[-6.6612,53.4815],[-6.6614,53.4786],[-6.6637,53.4784],[-6.6671,53.4758],[-6.6668,53.4745],[-6.6694,53.4741],[-6.6651,53.4689],[-6.6676,53.4674],[-6.6655,53.4642],[-6.6624,53.4634],[-6.6608,53.46],[-6.6615,53.4582],[-6.6658,53.4584],[-6.6689,53.4556],[-6.666,53.4518],[-6.6663,53.4495],[-6.6798,53.4508],[-6.6825,53.4411],[-6.6801,53.4398],[-6.687,53.4379],[-6.6862,53.4366],[-6.6886,53.4347],[-6.6875,53.4335],[-6.6893,53.4308],[-6.6963,53.4294],[-6.6958,53.4282],[-6.6972,53.4276],[-6.698,53.4241],[-6.7015,53.4216],[-6.7038,53.4174],[-6.7095,53.4205],[-6.7124,53.4196],[-6.7197,53.4205],[-6.7301,53.4249],[-6.7387,53.4271],[-6.7527,53.4292],[-6.7585,53.4282],[-6.7695,53.4288],[-6.7774,53.4259],[-6.7822,53.4218],[-6.7857,53.4205],[-6.7861,53.4213],[-6.7918,53.4181],[-6.7956,53.418],[-6.7955,53.4134],[-6.802,53.4103],[-6.8044,53.4041],[-6.8116,53.3985],[-6.82,53.4012],[-6.8326,53.4007],[-6.8352,53.403],[-6.8421,53.4036],[-6.8432,53.4048],[-6.8482,53.4042],[-6.8614,53.4092],[-6.8619,53.4118],[-6.864,53.4126],[-6.8835,53.415],[-6.8845,53.4176],[-6.8867,53.4179],[-6.8871,53.4204],[-6.8899,53.4213],[-6.8897,53.424],[-6.8911,53.426],[-6.9029,53.4289],[-6.9106,53.4352],[-6.9149,53.437],[-6.914,53.442],[-6.9157,53.4482],[-6.9175,53.4494],[-6.9324,53.4465],[-6.9497,53.4414],[-6.9514,53.4441],[-6.9583,53.4471],[-6.9631,53.4512],[-6.9775,53.4486],[-6.9886,53.4419],[-6.9953,53.442],[-7.0081,53.4366],[-7.0138,53.4251],[-7.0246,53.4208],[-7.0264,53.4159],[-7.0332,53.4099],[-7.0451,53.4081],[-7.0567,53.4018],[-7.0753,53.3954],[-7.0777,53.3893],[-7.0769,53.3861],[-7.0789,53.3826],[-7.0979,53.3823],[-7.1205,53.3902],[-7.1268,53.3953],[-7.1314,53.3962],[-7.142,53.3956],[-7.144,53.3968],[-7.1415,53.4035],[-7.1435,53.4048],[-7.1458,53.4045],[-7.1508,53.4071],[-7.1554,53.4073],[-7.1559,53.4087],[-7.1648,53.4137],[-7.1759,53.4158],[-7.1824,53.4206],[-7.1922,53.4233],[-7.1925,53.4308],[-7.1949,53.4348],[-7.1862,53.4339],[-7.1587,53.4392],[-7.1571,53.4448],[-7.1513,53.4501],[-7.1458,53.4504],[-7.1444,53.4492],[-7.1235,53.446],[-7.0991,53.4518],[-7.0907,53.4553],[-7.0818,53.4637],[-7.0745,53.4671],[-7.0712,53.4672],[-7.0697,53.4661],[-7.063,53.4689],[-7.0635,53.4707],[-7.0659,53.4724],[-7.0638,53.4754],[-7.0671,53.4773],[-7.0671,53.4792],[-7.0663,53.4836],[-7.0618,53.4832],[-7.0619,53.4865],[-7.0663,53.4916],[-7.0686,53.4926],[-7.0689,53.4952],[-7.0644,53.4972],[-7.0428,53.5003],[-7.0382,53.5034],[-7.0354,53.5037],[-7.0368,53.5075],[-7.0388,53.5086],[-7.0374,53.5129],[-7.023,53.5223],[-7.0219,53.5367],[-7.0181,53.5448],[-7.0301,53.5509],[-7.0355,53.557],[-7.0313,53.5673],[-7.0235,53.5751],[-7.014,53.5782],[-6.995,53.5764],[-6.9897,53.578],[-6.9962,53.5866],[-6.9956,53.5892],[-6.9871,53.59],[-6.9871,53.5914],[-6.9826,53.5905],[-6.9771,53.5865],[-6.9716,53.5847],[-6.9656,53.5789],[-6.9619,53.5811],[-6.9588,53.5814],[-6.9519,53.5889],[-6.9429,53.5864],[-6.9258,53.5851],[-6.9083,53.5875],[-6.8968,53.5858],[-6.8886,53.5886],[-6.8827,53.5922],[-6.8814,53.5913],[-6.8806,53.5877],[-6.8812,53.5855],[-6.8778,53.5802],[-6.8721,53.5816],[-6.8696,53.5835],[-6.8559,53.5844],[-6.8433,53.5821],[-6.8279,53.5814],[-6.8223,53.5797],[-6.8217,53.5779],[-6.8177,53.5761],[-6.815,53.579],[-6.8119,53.58],[-6.8098,53.5788],[-6.8064,53.5794],[-6.7985,53.5778],[-6.7971,53.5787],[-6.7972,53.5806],[-6.7957,53.5817],[-6.7977,53.5874],[-6.8001,53.5888],[-6.7978,53.5944],[-6.7992,53.5948],[-6.7978,53.5985],[-6.799,53.6024],[-6.7913,53.6017],[-6.7911,53.6049],[-6.7874,53.6075],[-6.7845,53.6073],[-6.7822,53.6122],[-6.7813,53.6117],[-6.7827,53.6179],[-6.7733,53.618],[-6.764,53.6157],[-6.7648,53.6129],[-6.7634,53.6124],[-6.7548,53.6122],[-6.7457,53.615],[-6.7383,53.6152],[-6.734,53.6143],[-6.7337,53.613],[-6.7263,53.6136],[-6.7075,53.6114],[-6.6973,53.6126],[-6.6902,53.6115],[-6.6883,53.6095],[-6.6856,53.6097],[-6.6829,53.612],[-6.671,53.6117],[-6.6557,53.6063],[-6.661,53.6056],[-6.6563,53.6042],[-6.6582,53.6021],[-6.6652,53.5994],[-6.681,53.5951],[-6.6905,53.5946],[-6.688,53.5869],[-6.6915,53.5855],[-6.6895,53.5837],[-6.6824,53.584],[-6.6739,53.5787],[-6.6719,53.5796],[-6.6754,53.581],[-6.6735,53.5821],[-6.6702,53.5814],[-6.6683,53.5797],[-6.6707,53.5791],[-6.6618,53.5733],[-6.6614,53.5768],[-6.6547,53.5826],[-6.6522,53.5814],[-6.6528,53.5798],[-6.6509,53.5789],[-6.6418,53.5754],[-6.6323,53.5738],[-6.633,53.5665],[-6.6349,53.5642],[-6.6416,53.5609],[-6.6325,53.5576],[-6.6314,53.5539],[-6.6287,53.5515],[-6.6332,53.5449],[-6.6395,53.5409],[-6.638,53.5364],[-6.6388,53.535],[-6.6341,53.533],[-6.6354,53.532],[-6.6335,53.5326],[-6.6268,53.5309],[-6.6268,53.5269],[-6.629,53.5256],[-6.6318,53.5182],[-6.6247,53.5155],[-6.6266,53.5127],[-6.6249,53.5121],[-6.6246,53.5096]]]}},{"type":"Feature","properties":{"d":"Ashbourne","c":"2040M","dv":"Meath/Westmeath","st":"Ashbourne","hq":"Mullingar","ad":"Frederick St, Ashbourne","ph":"8010600","ty":"District HQ","pop":81311,"km2":593.369},"geometry":{"type":"Polygon","coordinates":[[[-6.2126,53.6341],[-6.2166,53.6329],[-6.2162,53.632],[-6.2189,53.6306],[-6.2258,53.6296],[-6.2246,53.6291],[-6.2253,53.6287],[-6.2356,53.6299],[-6.238,53.6316],[-6.2381,53.6343],[-6.2413,53.6347],[-6.2576,53.6317],[-6.2614,53.629],[-6.2615,53.6267],[-6.2679,53.6239],[-6.2671,53.6173],[-6.2685,53.6157],[-6.2736,53.614],[-6.2739,53.6122],[-6.2717,53.6091],[-6.2724,53.6065],[-6.2709,53.6052],[-6.2724,53.6037],[-6.2714,53.5984],[-6.282,53.594],[-6.2811,53.5925],[-6.2848,53.5911],[-6.2877,53.5881],[-6.3006,53.5881],[-6.3105,53.584],[-6.3154,53.5772],[-6.3221,53.5744],[-6.3333,53.5719],[-6.3366,53.5735],[-6.3366,53.5762],[-6.3429,53.5744],[-6.3488,53.5749],[-6.3462,53.5796],[-6.3432,53.5802],[-6.3427,53.582],[-6.3486,53.5813],[-6.3663,53.5869],[-6.3689,53.5888],[-6.3804,53.5883],[-6.3891,53.591],[-6.3904,53.5872],[-6.3893,53.5869],[-6.3899,53.5861],[-6.3877,53.5864],[-6.3881,53.5855],[-6.3863,53.5842],[-6.3878,53.5823],[-6.3873,53.5805],[-6.3941,53.5809],[-6.4012,53.5771],[-6.402,53.5734],[-6.4072,53.5724],[-6.4145,53.5734],[-6.4187,53.5711],[-6.4199,53.5686],[-6.4239,53.5658],[-6.4249,53.5616],[-6.4235,53.5604],[-6.4296,53.5584],[-6.4318,53.5512],[-6.4268,53.5488],[-6.428,53.5423],[-6.419,53.5398],[-6.4223,53.5387],[-6.4214,53.5382],[-6.4233,53.535],[-6.418,53.5341],[-6.4108,53.5286],[-6.4067,53.5276],[-6.4076,53.5264],[-6.3987,53.5243],[-6.3889,53.5246],[-6.3887,53.5235],[-6.3826,53.5206],[-6.3675,53.5165],[-6.3665,53.5151],[-6.3675,53.5064],[-6.3465,53.5019],[-6.3397,53.4915],[-6.337,53.4904],[-6.3292,53.4921],[-6.3317,53.488],[-6.3313,53.4858],[-6.3368,53.4822],[-6.3396,53.4818],[-6.338,53.4799],[-6.3381,53.4776],[-6.346,53.4751],[-6.3504,53.4695],[-6.3516,53.4656],[-6.3531,53.4655],[-6.355,53.4622],[-6.3545,53.4527],[-6.3557,53.4515],[-6.3531,53.4478],[-6.3653,53.4445],[-6.3777,53.4444],[-6.3872,53.438],[-6.3956,53.4406],[-6.3967,53.4377],[-6.4054,53.4403],[-6.4118,53.4402],[-6.416,53.4352],[-6.4197,53.4349],[-6.4152,53.4299],[-6.4182,53.4276],[-6.4179,53.4243],[-6.422,53.4232],[-6.4213,53.4169],[-6.4296,53.4144],[-6.4331,53.4146],[-6.4345,53.4126],[-6.4381,53.4122],[-6.4336,53.4105],[-6.4392,53.4084],[-6.441,53.4063],[-6.4385,53.4037],[-6.4411,53.4022],[-6.4396,53.4001],[-6.4437,53.3997],[-6.4475,53.3947],[-6.4467,53.3942],[-6.4518,53.3912],[-6.4541,53.3916],[-6.46,53.3885],[-6.4632,53.3895],[-6.4652,53.3882],[-6.4683,53.3888],[-6.4714,53.3876],[-6.4852,53.3902],[-6.4849,53.3877],[-6.4876,53.3886],[-6.4884,53.3869],[-6.4908,53.3867],[-6.4936,53.3842],[-6.4955,53.3845],[-6.5077,53.3874],[-6.5077,53.3886],[-6.5146,53.3909],[-6.5173,53.3888],[-6.5205,53.3902],[-6.523,53.394],[-6.5322,53.3942],[-6.5385,53.3967],[-6.5399,53.4005],[-6.5455,53.4034],[-6.5466,53.4052],[-6.5537,53.4025],[-6.5647,53.3939],[-6.569,53.3929],[-6.5705,53.3906],[-6.5677,53.3879],[-6.5783,53.3891],[-6.5931,53.3961],[-6.6091,53.3986],[-6.6122,53.3975],[-6.625,53.3979],[-6.6504,53.3947],[-6.6523,53.3956],[-6.6491,53.3975],[-6.649,53.3995],[-6.654,53.4036],[-6.6615,53.402],[-6.6635,53.404],[-6.663,53.4066],[-6.667,53.4096],[-6.6694,53.4091],[-6.6762,53.4111],[-6.6761,53.4088],[-6.679,53.4089],[-6.692,53.4146],[-6.7038,53.4174],[-6.7015,53.4216],[-6.698,53.4241],[-6.6972,53.4276],[-6.6958,53.4282],[-6.6963,53.4294],[-6.6893,53.4308],[-6.6875,53.4335],[-6.6886,53.4347],[-6.6862,53.4366],[-6.687,53.4379],[-6.6801,53.4398],[-6.6825,53.4411],[-6.6798,53.4508],[-6.6663,53.4495],[-6.666,53.4518],[-6.6689,53.4556],[-6.6658,53.4584],[-6.6615,53.4582],[-6.6608,53.46],[-6.6624,53.4634],[-6.6655,53.4642],[-6.6676,53.4674],[-6.6651,53.4689],[-6.6694,53.4741],[-6.6668,53.4745],[-6.6671,53.4758],[-6.6637,53.4784],[-6.6614,53.4786],[-6.6612,53.4815],[-6.6596,53.4817],[-6.6515,53.4911],[-6.648,53.4926],[-6.6476,53.4953],[-6.6517,53.4992],[-6.6427,53.5004],[-6.64,53.5047],[-6.6282,53.5035],[-6.6246,53.5096],[-6.6249,53.5121],[-6.6266,53.5127],[-6.6247,53.5155],[-6.6318,53.5182],[-6.629,53.5256],[-6.6268,53.5269],[-6.6268,53.5309],[-6.6335,53.5326],[-6.6354,53.532],[-6.6341,53.533],[-6.6388,53.535],[-6.638,53.5364],[-6.6395,53.5409],[-6.6332,53.5449],[-6.6287,53.5515],[-6.6314,53.5539],[-6.6325,53.5576],[-6.6416,53.5609],[-6.6363,53.5634],[-6.6333,53.5598],[-6.6154,53.5618],[-6.6153,53.5643],[-6.6108,53.5653],[-6.6097,53.5668],[-6.6119,53.568],[-6.6118,53.5737],[-6.6074,53.5736],[-6.6059,53.5767],[-6.6014,53.5758],[-6.602,53.5735],[-6.5914,53.5732],[-6.5899,53.57],[-6.5858,53.5711],[-6.584,53.5701],[-6.5854,53.5679],[-6.5798,53.5693],[-6.5763,53.573],[-6.5762,53.5752],[-6.5735,53.5759],[-6.5762,53.5769],[-6.5789,53.5758],[-6.5789,53.5779],[-6.5811,53.5787],[-6.5797,53.5807],[-6.5817,53.582],[-6.5832,53.5864],[-6.5849,53.5878],[-6.5806,53.5918],[-6.5728,53.5927],[-6.571,53.5946],[-6.5672,53.595],[-6.5684,53.5962],[-6.5662,53.5962],[-6.5658,53.5992],[-6.5642,53.5987],[-6.5646,53.596],[-6.5626,53.5956],[-6.5613,53.5981],[-6.556,53.5967],[-6.5555,53.5994],[-6.5415,53.5983],[-6.5417,53.6036],[-6.5387,53.6019],[-6.5397,53.606],[-6.5284,53.6066],[-6.5272,53.596],[-6.5149,53.5946],[-6.5155,53.5983],[-6.5129,53.6012],[-6.5141,53.6062],[-6.5134,53.6091],[-6.4993,53.6091],[-6.4982,53.6094],[-6.4991,53.6107],[-6.4912,53.6129],[-6.4802,53.6123],[-6.4751,53.6132],[-6.4776,53.6202],[-6.4733,53.6197],[-6.4675,53.6225],[-6.47,53.623],[-6.4759,53.6332],[-6.4816,53.6337],[-6.4812,53.6446],[-6.4877,53.6535],[-6.4981,53.6541],[-6.498,53.6618],[-6.4922,53.6616],[-6.4945,53.6663],[-6.4921,53.6671],[-6.4962,53.6738],[-6.4788,53.6774],[-6.4814,53.6843],[-6.4827,53.6851],[-6.4823,53.6868],[-6.4642,53.6877],[-6.4611,53.6891],[-6.4586,53.693],[-6.4492,53.6943],[-6.443,53.7006],[-6.4309,53.6999],[-6.4213,53.7132],[-6.4216,53.7154],[-6.4266,53.719],[-6.4277,53.7237],[-6.4268,53.725],[-6.4189,53.7258],[-6.4035,53.7205],[-6.3919,53.7189],[-6.3888,53.7149],[-6.3911,53.7112],[-6.3806,53.7094],[-6.3804,53.7074],[-6.3789,53.7076],[-6.374,53.6985],[-6.3678,53.6999],[-6.366,53.6972],[-6.3597,53.7016],[-6.359,53.6999],[-6.3298,53.7049],[-6.3296,53.7025],[-6.3189,53.703],[-6.3123,53.708],[-6.3133,53.7096],[-6.3197,53.7107],[-6.3231,53.7163],[-6.3108,53.7182],[-6.31,53.7203],[-6.2955,53.721],[-6.2698,53.7323],[-6.2573,53.7306],[-6.2521,53.7249],[-6.2471,53.7225],[-6.2476,53.7217],[-6.2435,53.7213],[-6.2453,53.7214],[-6.2434,53.7193],[-6.2451,53.7123],[-6.2446,53.7034],[-6.2356,53.6746],[-6.2315,53.6642],[-6.23,53.6636],[-6.2247,53.6552],[-6.221,53.6543],[-6.2202,53.6487],[-6.2126,53.6341]]]}},{"type":"Feature","properties":{"d":"Balbriggan","c":"2200D","dv":"DMR North","st":"Balbriggan","hq":"Ballymun","ad":"Harry Reynolds Road","ph":"802 0510","ty":"District HQ","pop":61845,"km2":227.013},"geometry":{"type":"Polygon","coordinates":[[[-6.0677,53.5924],[-6.0681,53.5834],[-6.0792,53.5709],[-6.1004,53.5713],[-6.099,53.566],[-6.0829,53.5598],[-6.0829,53.5573],[-6.0793,53.5532],[-6.0806,53.5519],[-6.0793,53.5499],[-6.0805,53.549],[-6.0803,53.5474],[-6.0784,53.547],[-6.0795,53.5455],[-6.0795,53.5468],[-6.0826,53.5467],[-6.0846,53.5424],[-6.0776,53.542],[-6.0768,53.5411],[-6.0777,53.5393],[-6.0838,53.5379],[-6.0834,53.5351],[-6.086,53.534],[-6.0833,53.533],[-6.0871,53.5321],[-6.0845,53.5248],[-6.0811,53.5226],[-6.0788,53.5232],[-6.0753,53.5219],[-6.0763,53.5196],[-6.0842,53.5168],[-6.0901,53.5183],[-6.0933,53.5178],[-6.1084,53.5094],[-6.1201,53.5109],[-6.1192,53.5117],[-6.122,53.5142],[-6.1336,53.5123],[-6.1417,53.509],[-6.1473,53.5097],[-6.149,53.5023],[-6.1629,53.5055],[-6.1617,53.5031],[-6.1656,53.5002],[-6.1701,53.5016],[-6.1715,53.4993],[-6.1746,53.4988],[-6.1802,53.501],[-6.1811,53.5003],[-6.1803,53.4993],[-6.1819,53.4983],[-6.1844,53.4994],[-6.191,53.4977],[-6.1937,53.4983],[-6.1941,53.4998],[-6.2141,53.5042],[-6.2233,53.5076],[-6.2286,53.5002],[-6.2325,53.5028],[-6.2441,53.5054],[-6.2404,53.5116],[-6.2503,53.514],[-6.2541,53.5106],[-6.2595,53.5092],[-6.2594,53.5071],[-6.2635,53.5006],[-6.2662,53.501],[-6.2678,53.4989],[-6.2782,53.5005],[-6.2781,53.5035],[-6.2795,53.5037],[-6.286,53.5048],[-6.2866,53.5031],[-6.291,53.5031],[-6.3005,53.5051],[-6.3027,53.5046],[-6.3047,53.5013],[-6.3086,53.5022],[-6.3107,53.4945],[-6.3096,53.4896],[-6.3129,53.4905],[-6.315,53.4897],[-6.3259,53.4924],[-6.337,53.4904],[-6.3397,53.4915],[-6.3465,53.5019],[-6.3675,53.5064],[-6.3665,53.5151],[-6.3675,53.5165],[-6.3826,53.5206],[-6.3887,53.5235],[-6.3889,53.5246],[-6.3987,53.5243],[-6.4076,53.5264],[-6.4067,53.5276],[-6.4108,53.5286],[-6.418,53.5341],[-6.4233,53.535],[-6.4214,53.5382],[-6.4223,53.5387],[-6.419,53.5398],[-6.428,53.5423],[-6.4268,53.5488],[-6.4318,53.5512],[-6.4296,53.5584],[-6.4235,53.5604],[-6.4249,53.5616],[-6.4239,53.5658],[-6.4199,53.5686],[-6.4187,53.5711],[-6.4145,53.5734],[-6.4072,53.5724],[-6.402,53.5734],[-6.4012,53.5771],[-6.3941,53.5809],[-6.3873,53.5805],[-6.3878,53.5823],[-6.3863,53.5842],[-6.3881,53.5855],[-6.3877,53.5864],[-6.3899,53.5861],[-6.3893,53.5869],[-6.3904,53.5872],[-6.3891,53.591],[-6.3804,53.5883],[-6.3689,53.5888],[-6.3663,53.5869],[-6.3486,53.5813],[-6.3427,53.582],[-6.3432,53.5802],[-6.3462,53.5796],[-6.3488,53.5749],[-6.3429,53.5744],[-6.3366,53.5762],[-6.3366,53.5735],[-6.3333,53.5719],[-6.3221,53.5744],[-6.3154,53.5772],[-6.3105,53.584],[-6.3012,53.5879],[-6.2869,53.5884],[-6.2848,53.5911],[-6.2811,53.5925],[-6.282,53.594],[-6.2714,53.5984],[-6.2724,53.6037],[-6.2709,53.6052],[-6.2724,53.6065],[-6.2717,53.6091],[-6.2739,53.6122],[-6.273,53.6149],[-6.2685,53.6157],[-6.2671,53.6173],[-6.2679,53.6239],[-6.2615,53.6267],[-6.2614,53.629],[-6.2576,53.6317],[-6.2479,53.6343],[-6.2381,53.6343],[-6.238,53.6316],[-6.231,53.6287],[-6.2253,53.6287],[-6.2246,53.6291],[-6.2258,53.6296],[-6.2189,53.6306],[-6.2162,53.632],[-6.2166,53.6329],[-6.2126,53.6337],[-6.1953,53.6297],[-6.1875,53.6303],[-6.1869,53.6289],[-6.1897,53.6282],[-6.1881,53.6261],[-6.1888,53.6208],[-6.1863,53.6193],[-6.1856,53.6167],[-6.1827,53.6162],[-6.1829,53.6133],[-6.1803,53.6119],[-6.1786,53.6126],[-6.18,53.6106],[-6.1777,53.6123],[-6.1783,53.613],[-6.1776,53.6123],[-6.1784,53.6111],[-6.1737,53.6086],[-6.1684,53.6089],[-6.1649,53.6075],[-6.1644,53.6033],[-6.1552,53.5908],[-6.1476,53.5861],[-6.1447,53.5858],[-6.1428,53.5872],[-6.1348,53.5866],[-6.1134,53.5816],[-6.104,53.593],[-6.0677,53.5924]]]}},{"type":"Feature","properties":{"d":"Tullamore","c":"2670M","dv":"Kildare & Laois/Offaly","st":"Tullamore","hq":"Port Laoise","ad":"Patrick St, Tullamore","ph":"9327600","ty":"District HQ","pop":49106,"km2":917.075},"geometry":{"type":"Polygon","coordinates":[[[-6.9777,53.3077],[-7.0133,53.2963],[-7.0066,53.2925],[-7.0073,53.291],[-6.9915,53.2863],[-7.0035,53.2815],[-7.0052,53.2833],[-7.0154,53.282],[-7.0244,53.2792],[-7.0321,53.2798],[-7.0343,53.2783],[-7.0347,53.2763],[-7.0191,53.2532],[-7.0546,53.2427],[-7.0549,53.2401],[-7.0496,53.2376],[-7.0526,53.2356],[-7.0644,53.2363],[-7.0722,53.2347],[-7.0709,53.2332],[-7.072,53.2303],[-7.0583,53.2289],[-7.0491,53.2241],[-7.041,53.2248],[-7.0366,53.2289],[-7.0228,53.2243],[-7.0122,53.2181],[-7.0144,53.2137],[-7.0197,53.2134],[-7.0245,53.2111],[-7.0287,53.2117],[-7.0358,53.2084],[-7.0411,53.2084],[-7.041,53.207],[-7.0379,53.2067],[-7.0353,53.2046],[-7.0363,53.201],[-7.0353,53.1983],[-7.0361,53.19],[-7.0694,53.1914],[-7.0777,53.1906],[-7.0867,53.1872],[-7.0912,53.1887],[-7.1004,53.1869],[-7.1091,53.1877],[-7.115,53.1899],[-7.1232,53.1885],[-7.1289,53.1902],[-7.1367,53.1891],[-7.1422,53.1915],[-7.1512,53.1923],[-7.1564,53.1911],[-7.1581,53.1913],[-7.1569,53.1971],[-7.177,53.214],[-7.2002,53.2004],[-7.2044,53.201],[-7.2059,53.1991],[-7.2052,53.1984],[-7.2111,53.2004],[-7.2232,53.201],[-7.225,53.2054],[-7.2301,53.2095],[-7.2446,53.2172],[-7.2494,53.2171],[-7.2554,53.2199],[-7.2666,53.2192],[-7.2695,53.2215],[-7.2729,53.222],[-7.2788,53.2149],[-7.2835,53.2164],[-7.2852,53.2152],[-7.2841,53.2076],[-7.2809,53.206],[-7.2776,53.2009],[-7.2837,53.1974],[-7.2878,53.1994],[-7.2949,53.1997],[-7.2944,53.2019],[-7.2921,53.2034],[-7.2953,53.2131],[-7.294,53.2153],[-7.2989,53.2187],[-7.298,53.2211],[-7.2931,53.2204],[-7.2907,53.2224],[-7.2926,53.2232],[-7.3024,53.2206],[-7.3098,53.2205],[-7.3153,53.2184],[-7.3465,53.2224],[-7.3588,53.216],[-7.3596,53.2115],[-7.3567,53.2101],[-7.3589,53.208],[-7.3715,53.211],[-7.375,53.2101],[-7.3787,53.2128],[-7.3799,53.2157],[-7.3912,53.2074],[-7.4028,53.2098],[-7.4056,53.2126],[-7.4138,53.2107],[-7.4156,53.208],[-7.4182,53.2081],[-7.4202,53.2103],[-7.4227,53.2095],[-7.4306,53.2056],[-7.427,53.1931],[-7.4323,53.1869],[-7.4361,53.1875],[-7.4432,53.1852],[-7.4532,53.1863],[-7.4823,53.194],[-7.4872,53.1969],[-7.4938,53.1903],[-7.5323,53.1846],[-7.5374,53.1831],[-7.5473,53.1768],[-7.5652,53.176],[-7.5704,53.1743],[-7.5787,53.1758],[-7.5933,53.1718],[-7.6073,53.1728],[-7.6325,53.168],[-7.6481,53.1711],[-7.6519,53.173],[-7.6602,53.1722],[-7.6679,53.174],[-7.665,53.1759],[-7.6659,53.1783],[-7.669,53.1786],[-7.6689,53.1812],[-7.6651,53.1824],[-7.6662,53.1861],[-7.6637,53.1874],[-7.6641,53.1884],[-7.6778,53.1857],[-7.6776,53.1878],[-7.6796,53.1894],[-7.6894,53.1853],[-7.6968,53.1844],[-7.6982,53.1854],[-7.6971,53.186],[-7.7014,53.1878],[-7.7037,53.1905],[-7.7056,53.1938],[-7.7054,53.1978],[-7.7128,53.2067],[-7.6924,53.2288],[-7.6935,53.232],[-7.6889,53.2378],[-7.6813,53.2374],[-7.6757,53.2479],[-7.6903,53.2557],[-7.699,53.2665],[-7.705,53.2673],[-7.7108,53.2744],[-7.7167,53.2774],[-7.7156,53.2803],[-7.7167,53.2812],[-7.7148,53.282],[-7.7149,53.2839],[-7.7081,53.2875],[-7.7007,53.2939],[-7.697,53.2952],[-7.6984,53.2979],[-7.6978,53.2999],[-7.705,53.3038],[-7.7039,53.308],[-7.7047,53.3112],[-7.7111,53.3133],[-7.729,53.3135],[-7.7346,53.3111],[-7.7387,53.3066],[-7.7651,53.3205],[-7.7546,53.3273],[-7.7481,53.3279],[-7.7568,53.3334],[-7.7572,53.338],[-7.7628,53.3481],[-7.7173,53.3601],[-7.715,53.3623],[-7.7042,53.3661],[-7.7089,53.3696],[-7.7151,53.3698],[-7.7097,53.3761],[-7.7093,53.3803],[-7.7055,53.3798],[-7.7018,53.383],[-7.6962,53.3812],[-7.6915,53.3896],[-7.6955,53.3912],[-7.6891,53.3943],[-7.6846,53.3926],[-7.6799,53.3941],[-7.6788,53.3976],[-7.6756,53.399],[-7.6796,53.4024],[-7.6656,53.4012],[-7.666,53.4051],[-7.6636,53.4098],[-7.6545,53.4053],[-7.6486,53.4049],[-7.6454,53.411],[-7.6419,53.41],[-7.6414,53.4117],[-7.6383,53.4127],[-7.6278,53.4134],[-7.6247,53.4181],[-7.6197,53.4161],[-7.6192,53.4147],[-7.6131,53.4113],[-7.6067,53.4115],[-7.6061,53.4073],[-7.6047,53.4059],[-7.6076,53.4046],[-7.605,53.4006],[-7.5912,53.399],[-7.5847,53.396],[-7.5802,53.3903],[-7.5819,53.3871],[-7.577,53.3842],[-7.575,53.381],[-7.5662,53.3795],[-7.5672,53.3783],[-7.5658,53.3723],[-7.5684,53.3678],[-7.5676,53.3618],[-7.5635,53.3538],[-7.5659,53.3519],[-7.5617,53.3491],[-7.5626,53.3474],[-7.5569,53.3484],[-7.5543,53.3447],[-7.5422,53.3384],[-7.5398,53.3355],[-7.537,53.3271],[-7.528,53.3217],[-7.5259,53.325],[-7.5309,53.3266],[-7.5301,53.3281],[-7.5328,53.3277],[-7.5346,53.3309],[-7.534,53.3329],[-7.531,53.3338],[-7.5322,53.337],[-7.5292,53.3376],[-7.5313,53.3396],[-7.5288,53.3472],[-7.515,53.3437],[-7.5095,53.3449],[-7.4939,53.3408],[-7.4957,53.3387],[-7.4963,53.3343],[-7.4947,53.3325],[-7.4953,53.3311],[-7.4926,53.3294],[-7.4854,53.3292],[-7.4837,53.3297],[-7.4847,53.3316],[-7.479,53.3308],[-7.4723,53.3327],[-7.4706,53.3315],[-7.4707,53.3293],[-7.4632,53.3282],[-7.4558,53.318],[-7.4516,53.3201],[-7.4464,53.3198],[-7.4454,53.322],[-7.4431,53.3226],[-7.4451,53.3264],[-7.4442,53.3288],[-7.4347,53.3298],[-7.4323,53.3323],[-7.4277,53.3321],[-7.4247,53.3347],[-7.3991,53.3302],[-7.3878,53.3356],[-7.3679,53.341],[-7.3679,53.3438],[-7.3654,53.3487],[-7.3593,53.3503],[-7.3425,53.3587],[-7.3474,53.3602],[-7.343,53.3634],[-7.3393,53.3646],[-7.3329,53.3642],[-7.3287,53.3658],[-7.3154,53.3748],[-7.2791,53.3935],[-7.2761,53.396],[-7.2783,53.3987],[-7.2775,53.3994],[-7.2742,53.3998],[-7.2705,53.3978],[-7.2551,53.3984],[-7.2316,53.4054],[-7.2218,53.4055],[-7.2159,53.4069],[-7.2111,53.4122],[-7.2114,53.4158],[-7.2137,53.4181],[-7.2081,53.4225],[-7.1975,53.4242],[-7.1824,53.4206],[-7.1759,53.4158],[-7.1648,53.4137],[-7.1559,53.4087],[-7.1554,53.4073],[-7.1508,53.4071],[-7.1458,53.4045],[-7.1435,53.4048],[-7.1415,53.4035],[-7.144,53.3968],[-7.142,53.3956],[-7.1314,53.3962],[-7.1268,53.3953],[-7.1205,53.3902],[-7.0979,53.3823],[-7.0814,53.3819],[-7.0891,53.3695],[-7.0882,53.3683],[-7.0735,53.3592],[-7.0615,53.3543],[-7.0551,53.3542],[-7.046,53.3574],[-7.0421,53.3567],[-7.0329,53.3488],[-7.0239,53.3434],[-7.0216,53.3393],[-7.0248,53.3375],[-7.0246,53.3309],[-6.9905,53.3214],[-6.9792,53.3131],[-6.9777,53.3077]]]}},{"type":"Feature","properties":{"d":"Leixlip","c":"2730","dv":"Kildare & Laois/Offaly","st":"Leixlip","hq":"Port Laoise","ad":"Leixlip, Co. Kildare","ph":"6667800","ty":"District HQ","pop":72769,"km2":379.329},"geometry":{"type":"Polygon","coordinates":[[[-6.46,53.3885],[-6.4634,53.3841],[-6.4666,53.385],[-6.4701,53.3794],[-6.4749,53.363],[-6.4893,53.363],[-6.4912,53.3575],[-6.495,53.3534],[-6.4931,53.3533],[-6.4933,53.3507],[-6.4987,53.346],[-6.498,53.3431],[-6.4962,53.3422],[-6.4966,53.3411],[-6.4928,53.3411],[-6.4925,53.3379],[-6.4904,53.3386],[-6.4892,53.3376],[-6.4912,53.3342],[-6.493,53.3343],[-6.4951,53.3325],[-6.4952,53.331],[-6.4934,53.3304],[-6.4984,53.3265],[-6.5011,53.321],[-6.5052,53.3226],[-6.5039,53.3241],[-6.5056,53.3246],[-6.5115,53.3233],[-6.5178,53.3251],[-6.5201,53.3246],[-6.5311,53.3174],[-6.5316,53.3156],[-6.5281,53.3135],[-6.5424,53.307],[-6.527,53.3016],[-6.526,53.2997],[-6.5307,53.2872],[-6.5439,53.2851],[-6.5456,53.2878],[-6.5592,53.2816],[-6.5658,53.293],[-6.57,53.2938],[-6.5748,53.2927],[-6.5767,53.2938],[-6.5764,53.295],[-6.582,53.2955],[-6.5818,53.2992],[-6.5847,53.301],[-6.5895,53.2989],[-6.5933,53.3003],[-6.5966,53.298],[-6.6042,53.3041],[-6.603,53.3046],[-6.6148,53.3052],[-6.6138,53.3037],[-6.6254,53.2944],[-6.6271,53.2943],[-6.6457,53.3002],[-6.6441,53.3017],[-6.6469,53.303],[-6.6458,53.3047],[-6.6417,53.3069],[-6.6361,53.3066],[-6.6259,53.3205],[-6.6226,53.323],[-6.6232,53.3252],[-6.6221,53.3281],[-6.6197,53.3288],[-6.6195,53.3304],[-6.6269,53.3304],[-6.6282,53.3285],[-6.638,53.3299],[-6.6424,53.3272],[-6.6472,53.3294],[-6.6547,53.3301],[-6.6542,53.3337],[-6.6595,53.3362],[-6.6579,53.34],[-6.6655,53.339],[-6.6701,53.3415],[-6.6764,53.3419],[-6.6757,53.3441],[-6.6778,53.3443],[-6.682,53.3397],[-6.6825,53.3353],[-6.6916,53.3342],[-6.6945,53.3295],[-6.696,53.3298],[-6.6971,53.3323],[-6.7037,53.3352],[-6.7076,53.3395],[-6.7143,53.3395],[-6.7197,53.3427],[-6.7178,53.3462],[-6.719,53.3466],[-6.718,53.3493],[-6.7255,53.3495],[-6.7253,53.3514],[-6.7233,53.3527],[-6.7273,53.3555],[-6.7256,53.3561],[-6.7275,53.3574],[-6.7287,53.3618],[-6.7311,53.3618],[-6.7327,53.3703],[-6.7352,53.3689],[-6.7378,53.3698],[-6.7418,53.369],[-6.7413,53.3664],[-6.7429,53.366],[-6.742,53.3648],[-6.7469,53.3584],[-6.7618,53.3552],[-6.7667,53.3607],[-6.7711,53.3592],[-6.7742,53.3623],[-6.7845,53.3587],[-6.8038,53.3626],[-6.8155,53.3637],[-6.8192,53.3576],[-6.8256,53.3554],[-6.8343,53.358],[-6.8624,53.3581],[-6.8851,53.3352],[-6.8835,53.3265],[-6.8847,53.3165],[-6.8787,53.3058],[-6.9069,53.2935],[-6.9067,53.2923],[-6.9207,53.2848],[-6.9345,53.2918],[-6.9363,53.2986],[-6.9459,53.3013],[-6.9625,53.2986],[-6.977,53.2894],[-6.9915,53.2863],[-7.0073,53.291],[-7.0066,53.2925],[-7.0133,53.2963],[-6.9777,53.3077],[-6.9798,53.3137],[-6.9905,53.3214],[-7.0246,53.3309],[-7.0248,53.3375],[-7.0216,53.3393],[-7.0239,53.3434],[-7.0329,53.3488],[-7.0421,53.3567],[-7.046,53.3574],[-7.0551,53.3542],[-7.0615,53.3543],[-7.0735,53.3592],[-7.0891,53.3695],[-7.0865,53.3724],[-7.0853,53.3769],[-7.0825,53.381],[-7.0789,53.3826],[-7.0769,53.3861],[-7.0777,53.3893],[-7.0753,53.3954],[-7.0567,53.4018],[-7.0451,53.4081],[-7.0332,53.4099],[-7.0264,53.4159],[-7.0246,53.4208],[-7.0138,53.4251],[-7.0081,53.4366],[-6.9953,53.442],[-6.9886,53.4419],[-6.9775,53.4486],[-6.9631,53.4512],[-6.9583,53.4471],[-6.9514,53.4441],[-6.9497,53.4414],[-6.9324,53.4465],[-6.9175,53.4494],[-6.9157,53.4482],[-6.914,53.442],[-6.9149,53.437],[-6.9106,53.4352],[-6.9029,53.4289],[-6.8911,53.426],[-6.8897,53.424],[-6.8899,53.4213],[-6.8871,53.4204],[-6.8867,53.4179],[-6.8845,53.4176],[-6.8835,53.415],[-6.864,53.4126],[-6.8619,53.4118],[-6.8614,53.4092],[-6.8533,53.4055],[-6.8352,53.403],[-6.8326,53.4007],[-6.82,53.4012],[-6.8116,53.3985],[-6.8044,53.4041],[-6.802,53.4103],[-6.7955,53.4134],[-6.7956,53.418],[-6.7918,53.4181],[-6.7861,53.4213],[-6.7857,53.4205],[-6.7822,53.4218],[-6.7774,53.4259],[-6.7695,53.4288],[-6.7585,53.4282],[-6.7527,53.4292],[-6.7301,53.4249],[-6.7197,53.4205],[-6.7124,53.4196],[-6.7095,53.4205],[-6.7053,53.4177],[-6.6957,53.4159],[-6.6948,53.4145],[-6.692,53.4146],[-6.679,53.4089],[-6.6761,53.4088],[-6.6762,53.4111],[-6.6694,53.4091],[-6.667,53.4096],[-6.663,53.4066],[-6.6635,53.404],[-6.6615,53.402],[-6.654,53.4036],[-6.649,53.3995],[-6.6491,53.3975],[-6.6523,53.3956],[-6.6511,53.3948],[-6.625,53.3979],[-6.6122,53.3975],[-6.6091,53.3986],[-6.5931,53.3961],[-6.5783,53.3891],[-6.5677,53.3879],[-6.5705,53.3906],[-6.569,53.3929],[-6.5647,53.3939],[-6.5537,53.4025],[-6.5466,53.4052],[-6.5455,53.4034],[-6.5399,53.4005],[-6.5385,53.3967],[-6.5322,53.3942],[-6.523,53.394],[-6.5205,53.3902],[-6.5173,53.3888],[-6.5146,53.3909],[-6.5077,53.3886],[-6.5077,53.3874],[-6.4955,53.3845],[-6.4936,53.3842],[-6.4908,53.3867],[-6.4884,53.3869],[-6.4876,53.3886],[-6.4849,53.3877],[-6.4852,53.3902],[-6.4714,53.3876],[-6.4683,53.3888],[-6.4652,53.3882],[-6.4632,53.3895],[-6.46,53.3885]]]}},{"type":"Feature","properties":{"d":"Naas","c":"2700F","dv":"Kildare & Laois/Offaly","st":"Naas","hq":"Port Laoise","ad":"Kilcullen Road, Naas, Co. Kildare","ph":"884300","ty":"District HQ","pop":73210,"km2":546.483},"geometry":{"type":"Polygon","coordinates":[[[-6.4718,53.2368],[-6.4802,53.2295],[-6.4881,53.2257],[-6.4929,53.2213],[-6.497,53.2225],[-6.5007,53.2175],[-6.5087,53.2144],[-6.5086,53.2109],[-6.5103,53.2102],[-6.4997,53.205],[-6.5013,53.204],[-6.5001,53.2024],[-6.5178,53.1892],[-6.5198,53.1864],[-6.5293,53.19],[-6.5386,53.1907],[-6.5391,53.1893],[-6.5558,53.1856],[-6.5619,53.1794],[-6.5696,53.1813],[-6.573,53.173],[-6.5674,53.1738],[-6.5617,53.1721],[-6.5579,53.1692],[-6.5581,53.1592],[-6.5763,53.1493],[-6.5752,53.1469],[-6.5789,53.1462],[-6.5784,53.1427],[-6.5757,53.1433],[-6.5745,53.1406],[-6.5746,53.1365],[-6.5766,53.1354],[-6.5654,53.132],[-6.5686,53.1292],[-6.5734,53.1301],[-6.5755,53.1279],[-6.5719,53.1231],[-6.5798,53.1242],[-6.5839,53.1195],[-6.5865,53.1185],[-6.5906,53.1197],[-6.5947,53.1172],[-6.5921,53.1148],[-6.5926,53.1133],[-6.5993,53.1125],[-6.5984,53.1092],[-6.5954,53.1092],[-6.5953,53.108],[-6.6022,53.108],[-6.6038,53.1054],[-6.6108,53.1051],[-6.611,53.102],[-6.6203,53.1029],[-6.6243,53.1045],[-6.6293,53.0921],[-6.6524,53.091],[-6.6581,53.0881],[-6.6623,53.0889],[-6.6665,53.082],[-6.681,53.0815],[-6.6835,53.0776],[-6.6947,53.0738],[-6.6996,53.0738],[-6.7029,53.0723],[-6.7077,53.0741],[-6.7177,53.0716],[-6.725,53.0668],[-6.7332,53.0651],[-6.7297,53.0595],[-6.7305,53.0568],[-6.7326,53.0556],[-6.7358,53.0549],[-6.744,53.0576],[-6.7519,53.0624],[-6.7559,53.0597],[-6.7676,53.0588],[-6.7741,53.0535],[-6.7839,53.0516],[-6.7951,53.0552],[-6.8018,53.0606],[-6.8084,53.0631],[-6.8276,53.0656],[-6.836,53.0729],[-6.841,53.0755],[-6.8266,53.0821],[-6.827,53.0831],[-6.8322,53.0833],[-6.8393,53.0858],[-6.8396,53.087],[-6.8348,53.0917],[-6.8335,53.0914],[-6.8315,53.0961],[-6.8249,53.0949],[-6.8233,53.0984],[-6.8206,53.099],[-6.8188,53.1029],[-6.8121,53.1032],[-6.804,53.1076],[-6.7991,53.1083],[-6.8001,53.1092],[-6.7936,53.1137],[-6.7829,53.1111],[-6.7844,53.1155],[-6.7815,53.1278],[-6.7816,53.1355],[-6.7777,53.1438],[-6.7727,53.1468],[-6.7699,53.1462],[-6.7653,53.1485],[-6.7655,53.1505],[-6.7629,53.1514],[-6.7414,53.1534],[-6.7449,53.1552],[-6.7398,53.1561],[-6.7414,53.1579],[-6.742,53.1672],[-6.7438,53.1676],[-6.741,53.1703],[-6.7423,53.1724],[-6.7344,53.1755],[-6.7379,53.1763],[-6.746,53.1908],[-6.7531,53.1944],[-6.7514,53.1966],[-6.7447,53.199],[-6.7494,53.2042],[-6.7439,53.2076],[-6.7484,53.2108],[-6.746,53.2126],[-6.7441,53.2171],[-6.7412,53.2192],[-6.7443,53.2209],[-6.7531,53.2218],[-6.754,53.2241],[-6.753,53.2245],[-6.7579,53.227],[-6.7581,53.2303],[-6.7546,53.2304],[-6.752,53.2287],[-6.7482,53.231],[-6.7597,53.2354],[-6.7786,53.2354],[-6.783,53.2393],[-6.796,53.2426],[-6.8017,53.2405],[-6.8032,53.237],[-6.8123,53.2322],[-6.811,53.2247],[-6.8147,53.2153],[-6.8297,53.2101],[-6.8418,53.2093],[-6.8433,53.2067],[-6.8524,53.2083],[-6.8547,53.2074],[-6.8638,53.2114],[-6.8724,53.2121],[-6.8748,53.2171],[-6.8806,53.2212],[-6.8863,53.234],[-6.9019,53.2306],[-6.9047,53.233],[-6.9056,53.2389],[-6.9042,53.2471],[-6.9049,53.2483],[-6.9172,53.2553],[-6.9252,53.2526],[-6.9261,53.2544],[-6.9321,53.2552],[-6.938,53.2634],[-6.9293,53.2679],[-6.9176,53.269],[-6.9153,53.2707],[-6.9173,53.2818],[-6.9207,53.2848],[-6.9067,53.2923],[-6.9069,53.2935],[-6.8787,53.3058],[-6.8847,53.3165],[-6.8835,53.3265],[-6.8851,53.3352],[-6.8624,53.3581],[-6.8343,53.358],[-6.8256,53.3554],[-6.8192,53.3576],[-6.8155,53.3637],[-6.8038,53.3626],[-6.7845,53.3587],[-6.7742,53.3623],[-6.7711,53.3592],[-6.7667,53.3607],[-6.7618,53.3552],[-6.7469,53.3584],[-6.742,53.3648],[-6.7429,53.366],[-6.7413,53.3664],[-6.7418,53.369],[-6.7378,53.3698],[-6.7352,53.3689],[-6.7327,53.3703],[-6.7311,53.3618],[-6.7287,53.3618],[-6.7275,53.3574],[-6.7256,53.3561],[-6.7273,53.3555],[-6.7233,53.3527],[-6.7253,53.3514],[-6.7255,53.3495],[-6.718,53.3493],[-6.719,53.3466],[-6.7178,53.3462],[-6.7197,53.3427],[-6.7143,53.3395],[-6.7076,53.3395],[-6.7037,53.3352],[-6.6971,53.3323],[-6.696,53.3298],[-6.6945,53.3295],[-6.6916,53.3342],[-6.6825,53.3353],[-6.682,53.3397],[-6.6778,53.3443],[-6.6757,53.3441],[-6.6764,53.3419],[-6.6701,53.3415],[-6.6655,53.339],[-6.6579,53.34],[-6.6595,53.3362],[-6.6542,53.3337],[-6.6547,53.3301],[-6.6472,53.3294],[-6.6424,53.3272],[-6.638,53.3299],[-6.6282,53.3285],[-6.6269,53.3304],[-6.6195,53.3304],[-6.6197,53.3288],[-6.6221,53.3281],[-6.6232,53.3252],[-6.6226,53.323],[-6.6259,53.3205],[-6.6361,53.3066],[-6.6417,53.3069],[-6.6458,53.3047],[-6.6469,53.303],[-6.6441,53.3017],[-6.6457,53.3002],[-6.6254,53.2944],[-6.6138,53.3037],[-6.6148,53.3052],[-6.6055,53.304],[-6.6033,53.3047],[-6.604,53.3038],[-6.5966,53.298],[-6.5933,53.3003],[-6.5895,53.2989],[-6.5847,53.301],[-6.5818,53.2992],[-6.582,53.2955],[-6.5764,53.295],[-6.5767,53.2938],[-6.5748,53.2927],[-6.57,53.2938],[-6.5658,53.293],[-6.5592,53.2816],[-6.5456,53.2878],[-6.5439,53.2851],[-6.533,53.2873],[-6.5355,53.2843],[-6.5439,53.2821],[-6.5464,53.2799],[-6.5446,53.278],[-6.5463,53.2751],[-6.5391,53.2754],[-6.5296,53.2685],[-6.5243,53.2677],[-6.5182,53.2647],[-6.5149,53.264],[-6.5086,53.2661],[-6.5068,53.2648],[-6.5089,53.2621],[-6.5107,53.2624],[-6.5108,53.2611],[-6.5177,53.2619],[-6.5212,53.2583],[-6.5246,53.2569],[-6.5253,53.259],[-6.527,53.2596],[-6.5298,53.2566],[-6.5359,53.2539],[-6.5325,53.2524],[-6.5336,53.2509],[-6.5315,53.25],[-6.5329,53.2483],[-6.5285,53.2468],[-6.5263,53.2483],[-6.5227,53.2472],[-6.5168,53.2488],[-6.4964,53.2423],[-6.4724,53.238],[-6.4718,53.2368]]]}},{"type":"Feature","properties":{"d":"Kildare","c":"2770G","dv":"Kildare & Laois/Offaly","st":"Kildare","hq":"Port Laoise","ad":"Dublin Road, Kildare, Co. Kildare","ph":"527730","ty":"District HQ","pop":76301,"km2":760.472},"geometry":{"type":"Polygon","coordinates":[[[-6.7305,52.9269],[-6.7328,52.9199],[-6.7367,52.9167],[-6.7395,52.9121],[-6.7444,52.9115],[-6.7458,52.9126],[-6.7487,52.9074],[-6.7463,52.9045],[-6.7452,52.8993],[-6.7498,52.8896],[-6.7655,52.8894],[-6.7652,52.8861],[-6.7678,52.8795],[-6.7725,52.8791],[-6.778,52.8763],[-6.7809,52.8745],[-6.7811,52.8719],[-6.7865,52.8718],[-6.7879,52.8704],[-6.7885,52.8659],[-6.8112,52.8729],[-6.8165,52.872],[-6.8183,52.8705],[-6.8262,52.8722],[-6.8281,52.8703],[-6.8252,52.869],[-6.8339,52.8635],[-6.8391,52.8618],[-6.8408,52.8635],[-6.8427,52.8622],[-6.8457,52.864],[-6.8458,52.8603],[-6.8482,52.8601],[-6.8505,52.8619],[-6.8563,52.8613],[-6.8711,52.8762],[-6.877,52.8762],[-6.8765,52.8733],[-6.8707,52.869],[-6.8702,52.8678],[-6.8718,52.8676],[-6.8685,52.8617],[-6.876,52.8604],[-6.8797,52.8576],[-6.8875,52.8621],[-6.8969,52.8653],[-6.9036,52.8661],[-6.9093,52.8695],[-6.9127,52.8748],[-6.9183,52.8772],[-6.9211,52.877],[-6.9228,52.8798],[-6.9218,52.8859],[-6.9309,52.8847],[-6.9332,52.8829],[-6.934,52.88],[-6.9394,52.88],[-6.94,52.8868],[-6.9434,52.891],[-6.9407,52.8963],[-6.9358,52.8999],[-6.937,52.9055],[-6.934,52.9113],[-6.9347,52.915],[-6.9371,52.9199],[-6.9454,52.9266],[-6.946,52.9303],[-6.9516,52.9371],[-6.9543,52.9387],[-6.9536,52.9435],[-6.9548,52.9472],[-6.9593,52.949],[-6.9598,52.9518],[-6.9638,52.9533],[-6.9703,52.9589],[-6.969,52.9635],[-6.9704,52.965],[-6.9704,52.969],[-6.9729,52.9726],[-6.9779,52.9743],[-6.98,52.9781],[-6.9845,52.9776],[-6.9894,52.975],[-7.014,52.9689],[-7.0202,52.9661],[-7.0228,52.9706],[-7.0191,52.9719],[-7.0176,52.9752],[-7.0228,52.9747],[-7.0352,52.9787],[-7.0431,52.977],[-7.0484,52.9789],[-7.0494,52.9808],[-7.0531,52.9784],[-7.0561,52.9785],[-7.0576,52.9811],[-7.0654,52.9831],[-7.0686,52.9912],[-7.071,52.9929],[-7.0759,52.9938],[-7.0795,52.9975],[-7.0815,52.9963],[-7.0867,52.9983],[-7.0901,53.0014],[-7.0899,53.0069],[-7.0853,53.0108],[-7.0863,53.0142],[-7.0687,53.0213],[-7.0719,53.0312],[-7.0673,53.0353],[-7.0686,53.0361],[-7.0648,53.0375],[-7.058,53.0377],[-7.0482,53.0419],[-7.0543,53.0413],[-7.06,53.0435],[-7.0588,53.049],[-7.0599,53.0525],[-7.0479,53.0564],[-7.0475,53.0591],[-7.0539,53.0672],[-7.0474,53.0685],[-7.0452,53.0734],[-7.0484,53.0801],[-7.0501,53.0806],[-7.0522,53.0836],[-7.0521,53.0866],[-7.0555,53.0901],[-7.0529,53.094],[-7.0555,53.1007],[-7.0607,53.1064],[-7.0671,53.1084],[-7.0693,53.1062],[-7.0732,53.1069],[-7.0772,53.115],[-7.0757,53.1163],[-7.0793,53.1189],[-7.0783,53.1216],[-7.0852,53.1252],[-7.0837,53.1281],[-7.0886,53.1298],[-7.092,53.133],[-7.103,53.136],[-7.0965,53.1406],[-7.0933,53.1498],[-7.0933,53.1517],[-7.0986,53.1548],[-7.1005,53.1582],[-7.0962,53.1591],[-7.0904,53.1575],[-7.0858,53.1578],[-7.0791,53.1534],[-7.0773,53.1507],[-7.0727,53.1493],[-7.0633,53.162],[-7.0647,53.1678],[-7.0692,53.1704],[-7.0842,53.1732],[-7.089,53.1721],[-7.0992,53.1723],[-7.1021,53.1709],[-7.1032,53.1687],[-7.106,53.168],[-7.1249,53.1806],[-7.1352,53.1793],[-7.1653,53.1821],[-7.1689,53.1849],[-7.1582,53.1909],[-7.1512,53.1923],[-7.1422,53.1915],[-7.1359,53.189],[-7.1289,53.1902],[-7.1232,53.1885],[-7.115,53.1899],[-7.1091,53.1877],[-7.1004,53.1869],[-7.0912,53.1887],[-7.0867,53.1872],[-7.0777,53.1906],[-7.0694,53.1914],[-7.0361,53.19],[-7.0353,53.1983],[-7.0363,53.201],[-7.0353,53.2046],[-7.0379,53.2067],[-7.041,53.207],[-7.0411,53.2084],[-7.0358,53.2084],[-7.0287,53.2117],[-7.0245,53.2111],[-7.0197,53.2134],[-7.0144,53.2137],[-7.0122,53.2181],[-7.0228,53.2243],[-7.0366,53.2289],[-7.041,53.2248],[-7.0491,53.2241],[-7.0583,53.2289],[-7.072,53.2303],[-7.0709,53.2332],[-7.0722,53.2347],[-7.0644,53.2363],[-7.0526,53.2356],[-7.0496,53.2376],[-7.0549,53.2401],[-7.0546,53.2427],[-7.0191,53.2532],[-7.0347,53.2763],[-7.0343,53.2783],[-7.0321,53.2798],[-7.0244,53.2792],[-7.0154,53.282],[-7.0052,53.2833],[-7.0035,53.2815],[-6.9915,53.2863],[-6.977,53.2894],[-6.9625,53.2986],[-6.9459,53.3013],[-6.9363,53.2986],[-6.9345,53.2918],[-6.9207,53.2848],[-6.9173,53.2818],[-6.9153,53.2707],[-6.9176,53.269],[-6.9293,53.2679],[-6.938,53.2634],[-6.9341,53.2574],[-6.9321,53.2552],[-6.9261,53.2544],[-6.9252,53.2526],[-6.9172,53.2553],[-6.9049,53.2483],[-6.9042,53.2471],[-6.9056,53.2389],[-6.9046,53.2325],[-6.9019,53.2306],[-6.8863,53.234],[-6.8806,53.2212],[-6.8748,53.2171],[-6.8724,53.2121],[-6.8638,53.2114],[-6.8547,53.2074],[-6.8524,53.2083],[-6.8433,53.2067],[-6.8418,53.2093],[-6.8297,53.2101],[-6.8147,53.2153],[-6.811,53.2247],[-6.8123,53.2322],[-6.8032,53.237],[-6.8017,53.2405],[-6.796,53.2426],[-6.783,53.2393],[-6.7786,53.2354],[-6.7597,53.2354],[-6.7482,53.231],[-6.752,53.2287],[-6.7546,53.2304],[-6.7581,53.2303],[-6.7579,53.227],[-6.753,53.2245],[-6.754,53.2241],[-6.7531,53.2218],[-6.7443,53.2209],[-6.7412,53.2192],[-6.7441,53.2171],[-6.746,53.2126],[-6.7484,53.2108],[-6.7439,53.2076],[-6.7494,53.2042],[-6.7447,53.199],[-6.7514,53.1966],[-6.7531,53.1944],[-6.746,53.1908],[-6.7379,53.1763],[-6.7344,53.1755],[-6.7423,53.1724],[-6.741,53.1703],[-6.7438,53.1676],[-6.742,53.1672],[-6.7414,53.1579],[-6.7398,53.1561],[-6.7449,53.1552],[-6.7414,53.1534],[-6.7629,53.1514],[-6.7655,53.1505],[-6.7653,53.1485],[-6.7699,53.1462],[-6.7727,53.1468],[-6.7777,53.1438],[-6.7816,53.1355],[-6.7815,53.1278],[-6.7844,53.1155],[-6.7829,53.1111],[-6.7936,53.1137],[-6.8001,53.1092],[-6.7991,53.1083],[-6.804,53.1076],[-6.8121,53.1032],[-6.8188,53.1029],[-6.8206,53.099],[-6.8233,53.0984],[-6.8249,53.0949],[-6.8315,53.0961],[-6.8335,53.0914],[-6.8348,53.0917],[-6.8396,53.087],[-6.8393,53.0858],[-6.8322,53.0833],[-6.827,53.0831],[-6.8266,53.0821],[-6.841,53.0755],[-6.836,53.0729],[-6.8276,53.0656],[-6.8084,53.0631],[-6.8018,53.0606],[-6.7951,53.0552],[-6.7839,53.0516],[-6.7741,53.0535],[-6.7676,53.0588],[-6.7559,53.0597],[-6.7519,53.0624],[-6.744,53.0576],[-6.7358,53.0549],[-6.7305,53.0568],[-6.7314,53.0467],[-6.7366,53.0438],[-6.7371,53.0404],[-6.7388,53.039],[-6.7516,53.0308],[-6.7511,53.0296],[-6.7556,53.0256],[-6.7646,53.0264],[-6.7657,53.024],[-6.7719,53.0227],[-6.7774,53.0191],[-6.7731,53.0177],[-6.7763,53.0135],[-6.7661,53.0087],[-6.7746,53.0039],[-6.7871,52.9996],[-6.7858,52.998],[-6.7921,52.9925],[-6.7885,52.9889],[-6.792,52.9864],[-6.7871,52.9769],[-6.7856,52.9763],[-6.779,52.9782],[-6.7705,52.9663],[-6.7691,52.9664],[-6.7614,52.9594],[-6.759,52.9591],[-6.7519,52.9531],[-6.7429,52.9485],[-6.7367,52.9412],[-6.7362,52.9387],[-6.74,52.9352],[-6.7337,52.9327],[-6.7347,52.9295],[-6.731,52.9286],[-6.7305,52.9269]]]}},{"type":"Feature","properties":{"d":"Dun Laoghaire","c":"1900C","dv":"DMR East","st":"Dun Laoghaire","hq":"Dun Laoghaire","ad":"34/35 Corrig Avenue","ph":"6665000","ty":"Division HQ","pop":96713,"km2":50.164},"geometry":{"type":"Polygon","coordinates":[[[-6.0911,53.271],[-6.1066,53.2659],[-6.112,53.2575],[-6.1121,53.2426],[-6.1033,53.2121],[-6.1084,53.2116],[-6.111,53.2095],[-6.1192,53.2105],[-6.1194,53.2081],[-6.1251,53.2076],[-6.1326,53.1979],[-6.1473,53.2034],[-6.1615,53.2024],[-6.1688,53.2083],[-6.1735,53.2095],[-6.1751,53.2131],[-6.1823,53.2209],[-6.1814,53.2256],[-6.1781,53.2255],[-6.1709,53.229],[-6.1702,53.2327],[-6.1682,53.2346],[-6.1887,53.236],[-6.1923,53.2351],[-6.1963,53.2395],[-6.1798,53.2498],[-6.1789,53.253],[-6.1971,53.2577],[-6.1917,53.2617],[-6.1966,53.2642],[-6.1943,53.2691],[-6.1994,53.273],[-6.1883,53.2762],[-6.1779,53.284],[-6.1761,53.2872],[-6.1727,53.287],[-6.17,53.2901],[-6.167,53.2905],[-6.1669,53.2926],[-6.1648,53.2927],[-6.163,53.295],[-6.1601,53.2946],[-6.1591,53.2971],[-6.1511,53.2956],[-6.1493,53.2973],[-6.1453,53.2981],[-6.1397,53.3028],[-6.1351,53.3042],[-6.1316,53.3038],[-6.1306,53.3032],[-6.1351,53.3039],[-6.1393,53.3026],[-6.1468,53.2963],[-6.1432,53.2963],[-6.1443,53.2972],[-6.1412,53.2979],[-6.1424,53.2988],[-6.1377,53.2964],[-6.1337,53.297],[-6.1349,53.2984],[-6.1381,53.2996],[-6.138,53.2997],[-6.135,53.2985],[-6.132,53.2967],[-6.1332,53.2957],[-6.1298,53.2931],[-6.1247,53.2979],[-6.1242,53.3002],[-6.1273,53.3024],[-6.126,53.3025],[-6.1237,53.3003],[-6.1241,53.2977],[-6.1294,53.2927],[-6.1283,53.2915],[-6.1201,53.2878],[-6.115,53.2878],[-6.115,53.2891],[-6.1136,53.2897],[-6.1074,53.2847],[-6.1082,53.2855],[-6.1063,53.2859],[-6.103,53.2843],[-6.0981,53.2786],[-6.0931,53.2749],[-6.0911,53.271]]]}},{"type":"Feature","properties":{"d":"Tallaght","c":"1372B","dv":"DMR South","st":"Tallaght","hq":"Crumlin","ad":"Belgard Walk","ph":"6666000","ty":"District HQ","pop":143263,"km2":126.374},"geometry":{"type":"Polygon","coordinates":[[[-6.2495,53.2574],[-6.2519,53.2546],[-6.252,53.2485],[-6.2585,53.247],[-6.2534,53.2379],[-6.2681,53.2354],[-6.2638,53.2278],[-6.2677,53.2238],[-6.2672,53.2202],[-6.2698,53.2164],[-6.2696,53.2141],[-6.2672,53.2123],[-6.269,53.2096],[-6.276,53.2111],[-6.2921,53.2228],[-6.295,53.2237],[-6.3047,53.2246],[-6.3108,53.2222],[-6.3085,53.2187],[-6.3077,53.2145],[-6.3121,53.1945],[-6.332,53.1782],[-6.3475,53.1809],[-6.3747,53.1925],[-6.3684,53.2138],[-6.3758,53.2161],[-6.3927,53.2135],[-6.398,53.2118],[-6.4029,53.2081],[-6.4014,53.2113],[-6.4028,53.2135],[-6.4058,53.2171],[-6.4075,53.2177],[-6.4105,53.2163],[-6.4126,53.2178],[-6.4165,53.2274],[-6.4198,53.2312],[-6.4547,53.2312],[-6.4574,53.2296],[-6.4575,53.227],[-6.461,53.2252],[-6.4753,53.2344],[-6.4718,53.2368],[-6.4724,53.238],[-6.462,53.2394],[-6.4629,53.2494],[-6.4621,53.2513],[-6.4511,53.2534],[-6.4463,53.2607],[-6.4389,53.2674],[-6.4431,53.2757],[-6.4316,53.2754],[-6.4309,53.2807],[-6.4333,53.2825],[-6.4332,53.2844],[-6.4283,53.2861],[-6.4233,53.2859],[-6.4165,53.2897],[-6.4095,53.2912],[-6.4107,53.2926],[-6.4097,53.2934],[-6.4114,53.2948],[-6.4093,53.2973],[-6.4118,53.3007],[-6.408,53.3038],[-6.4082,53.3009],[-6.407,53.2996],[-6.4032,53.2994],[-6.3982,53.2964],[-6.3872,53.2977],[-6.3772,53.303],[-6.3781,53.3036],[-6.3742,53.307],[-6.3678,53.3067],[-6.359,53.313],[-6.345,53.3043],[-6.3403,53.3045],[-6.3397,53.3036],[-6.3419,53.3016],[-6.3368,53.2989],[-6.3292,53.2889],[-6.3159,53.2937],[-6.3115,53.2922],[-6.3104,53.293],[-6.3105,53.2957],[-6.3057,53.295],[-6.304,53.2972],[-6.3023,53.2962],[-6.2976,53.2973],[-6.2966,53.299],[-6.2918,53.2988],[-6.2865,53.3015],[-6.2861,53.3047],[-6.2742,53.305],[-6.2692,53.3038],[-6.2655,53.3067],[-6.2573,53.3056],[-6.2557,53.3025],[-6.2591,53.3022],[-6.2619,53.3],[-6.2598,53.2985],[-6.2594,53.2961],[-6.2571,53.2954],[-6.2577,53.2916],[-6.2564,53.2875],[-6.2711,53.2875],[-6.2669,53.2847],[-6.2689,53.2823],[-6.264,53.2806],[-6.2649,53.2795],[-6.2626,53.2782],[-6.2648,53.2766],[-6.2548,53.2708],[-6.2546,53.2675],[-6.2524,53.2653],[-6.2527,53.2632],[-6.2495,53.2574]]]}},{"type":"Feature","properties":{"d":"Crumlin","c":"1300E","dv":"DMR South","st":"Crumlin","hq":"Crumlin","ad":"23 St. Agnes Road","ph":"6666200","ty":"Division HQ","pop":51095,"km2":11.374},"geometry":{"type":"Polygon","coordinates":[[[-6.2756,53.3297],[-6.281,53.3229],[-6.2904,53.3195],[-6.3,53.312],[-6.3047,53.3129],[-6.3194,53.3073],[-6.3223,53.3049],[-6.345,53.3043],[-6.359,53.313],[-6.3465,53.3166],[-6.3461,53.3211],[-6.3478,53.3218],[-6.3461,53.3236],[-6.3409,53.3237],[-6.3428,53.3269],[-6.3327,53.3298],[-6.3283,53.3344],[-6.3062,53.3369],[-6.2934,53.3322],[-6.2756,53.3297]]]}},{"type":"Feature","properties":{"d":"Terenure","c":"1470B","dv":"DMR South","st":"Terenure","hq":"Crumlin","ad":"Terenure Road West","ph":"6666400","ty":"District HQ","pop":53352,"km2":11.13},"geometry":{"type":"Polygon","coordinates":[[[-6.2515,53.308],[-6.2573,53.308],[-6.2584,53.3059],[-6.2655,53.3067],[-6.2692,53.3038],[-6.2742,53.305],[-6.2861,53.3047],[-6.2865,53.3015],[-6.2918,53.2988],[-6.2966,53.299],[-6.2976,53.2973],[-6.3023,53.2962],[-6.304,53.2972],[-6.3057,53.295],[-6.3105,53.2957],[-6.3104,53.293],[-6.3115,53.2922],[-6.3159,53.2937],[-6.3292,53.2889],[-6.3368,53.2989],[-6.3419,53.3016],[-6.3397,53.3036],[-6.3403,53.3045],[-6.3223,53.3049],[-6.3194,53.3073],[-6.3047,53.3129],[-6.3,53.312],[-6.2904,53.3195],[-6.281,53.3229],[-6.2756,53.3297],[-6.2601,53.3305],[-6.2584,53.3272],[-6.2562,53.3265],[-6.2515,53.308]]]}},{"type":"Feature","properties":{"d":"Clondalkin","c":"1721C","dv":"DMR West","st":"Clondalkin","hq":"Blanchardstown","ad":"Orchard Road","ph":"6667600","ty":"District HQ","pop":76873,"km2":84.707},"geometry":{"type":"Polygon","coordinates":[[[-6.3273,53.3411],[-6.3475,53.3372],[-6.3466,53.3323],[-6.3409,53.3237],[-6.3461,53.3236],[-6.3478,53.3218],[-6.3461,53.3211],[-6.3465,53.3166],[-6.3606,53.3124],[-6.3678,53.3067],[-6.3742,53.307],[-6.3781,53.3036],[-6.3772,53.303],[-6.3872,53.2977],[-6.3982,53.2964],[-6.4032,53.2994],[-6.407,53.2996],[-6.4082,53.3009],[-6.408,53.3038],[-6.4118,53.3007],[-6.4093,53.2973],[-6.4114,53.2948],[-6.4097,53.2934],[-6.4107,53.2926],[-6.4095,53.2912],[-6.4165,53.2897],[-6.4233,53.2859],[-6.4283,53.2861],[-6.4332,53.2844],[-6.4333,53.2825],[-6.4309,53.2807],[-6.4316,53.2754],[-6.4431,53.2757],[-6.4389,53.2674],[-6.4463,53.2607],[-6.4511,53.2534],[-6.4621,53.2513],[-6.4629,53.2494],[-6.462,53.2394],[-6.4635,53.2389],[-6.4785,53.2384],[-6.4964,53.2423],[-6.5168,53.2488],[-6.5227,53.2472],[-6.5263,53.2483],[-6.5285,53.2468],[-6.5329,53.2483],[-6.5315,53.25],[-6.5336,53.2509],[-6.5325,53.2524],[-6.5359,53.2539],[-6.5298,53.2566],[-6.527,53.2596],[-6.5253,53.259],[-6.5246,53.2569],[-6.5212,53.2583],[-6.5177,53.2619],[-6.5108,53.2611],[-6.5107,53.2624],[-6.5089,53.2621],[-6.5068,53.2648],[-6.5086,53.2661],[-6.5149,53.264],[-6.5182,53.2647],[-6.5243,53.2677],[-6.5296,53.2685],[-6.5391,53.2754],[-6.5463,53.2751],[-6.5446,53.278],[-6.5469,53.2794],[-6.5439,53.2821],[-6.5355,53.2843],[-6.533,53.2873],[-6.5307,53.2872],[-6.526,53.2997],[-6.527,53.3016],[-6.5424,53.307],[-6.5281,53.3135],[-6.5316,53.3156],[-6.5311,53.3174],[-6.5201,53.3246],[-6.5178,53.3251],[-6.5115,53.3233],[-6.5056,53.3246],[-6.5039,53.3241],[-6.5052,53.3226],[-6.5011,53.321],[-6.4984,53.3265],[-6.45,53.3311],[-6.3778,53.3284],[-6.3863,53.337],[-6.3856,53.338],[-6.3788,53.3381],[-6.38,53.3418],[-6.3829,53.3426],[-6.3789,53.345],[-6.3799,53.3462],[-6.3778,53.3488],[-6.3781,53.3524],[-6.3706,53.3562],[-6.3722,53.3568],[-6.3719,53.3598],[-6.3694,53.3598],[-6.3672,53.3622],[-6.3567,53.3578],[-6.3399,53.3472],[-6.3276,53.3462],[-6.3273,53.3411]]]}},{"type":"Feature","properties":{"d":"Lucan","c":"1710H","dv":"DMR West","st":"Lucan","hq":"Blanchardstown","ad":"Lucan Village","ph":"6667300","ty":"District HQ","pop":70933,"km2":36.898},"geometry":{"type":"Polygon","coordinates":[[[-6.3674,53.362],[-6.3694,53.3598],[-6.3719,53.3598],[-6.3722,53.3568],[-6.3706,53.3562],[-6.3781,53.3524],[-6.3778,53.3488],[-6.3799,53.3462],[-6.3789,53.345],[-6.3829,53.3426],[-6.38,53.3418],[-6.3788,53.3381],[-6.3856,53.338],[-6.3863,53.337],[-6.3778,53.3284],[-6.45,53.3311],[-6.4984,53.3265],[-6.4934,53.3304],[-6.4952,53.331],[-6.4951,53.3325],[-6.493,53.3343],[-6.4912,53.3342],[-6.4892,53.3376],[-6.4904,53.3386],[-6.4925,53.3379],[-6.4928,53.3411],[-6.4966,53.3411],[-6.4962,53.3422],[-6.498,53.3431],[-6.4987,53.346],[-6.4933,53.3507],[-6.4931,53.3533],[-6.495,53.3534],[-6.4912,53.3575],[-6.4893,53.363],[-6.4749,53.363],[-6.4701,53.3794],[-6.4666,53.385],[-6.4634,53.3841],[-6.4571,53.3905],[-6.4518,53.3912],[-6.4489,53.3936],[-6.4499,53.3884],[-6.4408,53.3849],[-6.4381,53.382],[-6.4208,53.3793],[-6.4094,53.3731],[-6.4104,53.3672],[-6.407,53.3623],[-6.391,53.3607],[-6.3823,53.3626],[-6.3674,53.362]]]}},{"type":"Feature","properties":{"d":"Raheny","c":"1570K","dv":"DMR North","st":"Raheny","hq":"Ballymun","ad":"All saints Drive","ph":"6664300","ty":"District HQ","pop":85896,"km2":46.023},"geometry":{"type":"Polygon","coordinates":[[[-6.0441,53.3789],[-6.0457,53.3775],[-6.045,53.376],[-6.0466,53.3734],[-6.0523,53.3699],[-6.0519,53.3691],[-6.0552,53.3663],[-6.0524,53.3636],[-6.0519,53.3614],[-6.0575,53.3641],[-6.0613,53.3634],[-6.0656,53.3649],[-6.0716,53.3642],[-6.0716,53.3627],[-6.077,53.3602],[-6.0816,53.3609],[-6.0912,53.3679],[-6.0963,53.3692],[-6.0985,53.3741],[-6.1021,53.377],[-6.1026,53.3805],[-6.1008,53.3848],[-6.1036,53.3865],[-6.1211,53.3887],[-6.143,53.3848],[-6.139,53.3818],[-6.1298,53.3848],[-6.1071,53.3844],[-6.1082,53.3601],[-6.126,53.3603],[-6.1501,53.3428],[-6.1822,53.3435],[-6.1819,53.3506],[-6.1878,53.3541],[-6.2242,53.3607],[-6.2311,53.3573],[-6.2513,53.3668],[-6.2472,53.3709],[-6.2441,53.372],[-6.2402,53.3801],[-6.2364,53.3845],[-6.2335,53.3853],[-6.2165,53.3842],[-6.2139,53.3836],[-6.2105,53.3799],[-6.208,53.3816],[-6.203,53.3801],[-6.1988,53.3824],[-6.1889,53.3844],[-6.186,53.3822],[-6.1835,53.3839],[-6.1763,53.383],[-6.1746,53.3868],[-6.1688,53.3912],[-6.1572,53.3903],[-6.1502,53.398],[-6.1487,53.4045],[-6.1497,53.4097],[-6.1363,53.4095],[-6.1249,53.3962],[-6.1165,53.3922],[-6.1133,53.3921],[-6.115,53.3961],[-6.1084,53.3931],[-6.085,53.3922],[-6.0827,53.3906],[-6.0738,53.3891],[-6.0685,53.3931],[-6.0731,53.389],[-6.0673,53.3878],[-6.064,53.3886],[-6.0629,53.3917],[-6.0663,53.3936],[-6.0625,53.3918],[-6.0625,53.3864],[-6.0496,53.3861],[-6.0456,53.385],[-6.0445,53.3807],[-6.0454,53.3793],[-6.0441,53.3789]]]}},{"type":"Feature","properties":{"d":"Fitzgibbon Street","c":"1830K","dv":"DMR North Central","st":"Fitzgibbon Street","hq":"Store Street","ad":"24/28 Fitzgibbon Street, Dublin 1","ph":"6668400","ty":"District HQ","pop":47288,"km2":5.775},"geometry":{"type":"Polygon","coordinates":[[[-6.2355,53.3589],[-6.2407,53.3547],[-6.2438,53.3568],[-6.2467,53.3547],[-6.2575,53.3527],[-6.2582,53.3538],[-6.2629,53.3519],[-6.2726,53.3556],[-6.2722,53.3577],[-6.2768,53.3602],[-6.2816,53.3589],[-6.2826,53.361],[-6.2908,53.3613],[-6.2873,53.3695],[-6.2999,53.3729],[-6.2998,53.3762],[-6.2902,53.3775],[-6.2835,53.3749],[-6.2797,53.3765],[-6.2656,53.3725],[-6.257,53.3679],[-6.2533,53.3681],[-6.2526,53.3669],[-6.2355,53.3589]]]}},{"type":"Feature","properties":{"d":"Kevin Street","c":"1070G","dv":"DMR South Central","st":"Kevin Street","hq":"Kevin Street","ad":"Kevin Street Upper, Dublin 8","ph":"6669400","ty":"Division HQ","pop":55745,"km2":7.585},"geometry":{"type":"Polygon","coordinates":[[[-6.2643,53.3301],[-6.2756,53.3297],[-6.2898,53.3315],[-6.3062,53.3369],[-6.3283,53.3344],[-6.3327,53.3298],[-6.3428,53.3269],[-6.3466,53.3323],[-6.3475,53.3372],[-6.3273,53.3411],[-6.3276,53.3462],[-6.3068,53.3483],[-6.2934,53.348],[-6.2701,53.3455],[-6.2701,53.3417],[-6.2656,53.3407],[-6.2643,53.3301]]]}},{"type":"Feature","properties":{"d":"Donnybrook","c":"1200K","dv":"DMR South Central","st":"Donnybrook","hq":"Kevin Street","ad":"43 Donnybrook Road","ph":"6669200","ty":"District HQ","pop":55511,"km2":21.486},"geometry":{"type":"Polygon","coordinates":[[[-6.1501,53.3428],[-6.1509,53.3242],[-6.1864,53.3247],[-6.205,53.3161],[-6.2009,53.3117],[-6.2034,53.3104],[-6.2046,53.3072],[-6.2102,53.3047],[-6.2086,53.3036],[-6.2192,53.2992],[-6.2334,53.3027],[-6.2366,53.3055],[-6.2396,53.3135],[-6.246,53.3124],[-6.2489,53.3085],[-6.2515,53.308],[-6.2562,53.3265],[-6.2584,53.3272],[-6.2601,53.3305],[-6.2454,53.3342],[-6.2387,53.3386],[-6.2377,53.3435],[-6.2311,53.343],[-6.23,53.3461],[-6.2099,53.3441],[-6.1501,53.3428]]]}},{"type":"Feature","properties":{"d":"Blackrock","c":"1970D","dv":"DMR East","st":"Blackrock","hq":"Dun Laoghaire","ad":"Sweetmans Avenue","ph":"6665200","ty":"District HQ","pop":104565,"km2":55.532},"geometry":{"type":"Polygon","coordinates":[[[-6.1591,53.2971],[-6.1601,53.2946],[-6.163,53.295],[-6.1648,53.2927],[-6.1669,53.2926],[-6.167,53.2905],[-6.17,53.2901],[-6.1727,53.287],[-6.1761,53.2872],[-6.1779,53.284],[-6.1883,53.2762],[-6.1994,53.273],[-6.1943,53.2691],[-6.1966,53.2642],[-6.1917,53.2617],[-6.1971,53.2577],[-6.1789,53.253],[-6.1798,53.2498],[-6.1963,53.2395],[-6.1923,53.2351],[-6.1887,53.236],[-6.1682,53.2346],[-6.1702,53.2327],[-6.1709,53.229],[-6.1781,53.2255],[-6.1814,53.2256],[-6.1823,53.2209],[-6.1949,53.2165],[-6.2025,53.2171],[-6.2072,53.2162],[-6.2089,53.2144],[-6.2083,53.2111],[-6.2108,53.2103],[-6.2183,53.2123],[-6.2229,53.2115],[-6.2272,53.2084],[-6.2273,53.2053],[-6.239,53.2022],[-6.2593,53.2051],[-6.269,53.2096],[-6.2672,53.2123],[-6.2696,53.2141],[-6.2698,53.2164],[-6.2672,53.2202],[-6.2677,53.2238],[-6.2638,53.2278],[-6.2681,53.2354],[-6.2534,53.2379],[-6.2585,53.247],[-6.252,53.2485],[-6.2519,53.2546],[-6.2495,53.2574],[-6.2527,53.2632],[-6.2524,53.2653],[-6.2546,53.2675],[-6.2548,53.2708],[-6.2648,53.2766],[-6.2626,53.2782],[-6.2649,53.2795],[-6.264,53.2806],[-6.2689,53.2823],[-6.2669,53.2847],[-6.2711,53.2875],[-6.2564,53.2875],[-6.2577,53.2916],[-6.2571,53.2954],[-6.2594,53.2961],[-6.2598,53.2985],[-6.2619,53.3],[-6.2591,53.3022],[-6.2557,53.3025],[-6.2584,53.3059],[-6.2573,53.308],[-6.2495,53.3082],[-6.2461,53.3124],[-6.2396,53.3135],[-6.2366,53.3055],[-6.2334,53.3027],[-6.2192,53.2992],[-6.2086,53.3036],[-6.2102,53.3047],[-6.2046,53.3072],[-6.2034,53.3104],[-6.1992,53.3127],[-6.185,53.3054],[-6.1737,53.3014],[-6.1602,53.2984],[-6.1591,53.2971]]]}},{"type":"Feature","properties":{"d":"Bray","c":"1930E","dv":"Wexford & Wicklow","st":"Bray","hq":"Wexford","ad":"Convent Avenue, Bray, Co. Wicklow","ph":"6665300","ty":"District HQ","pop":65889,"km2":217.509},"geometry":{"type":"Polygon","coordinates":[[[-6.0345,53.069],[-6.0396,53.0579],[-6.0619,53.0583],[-6.0645,53.0535],[-6.0678,53.0529],[-6.0683,53.0499],[-6.093,53.0513],[-6.0898,53.0475],[-6.096,53.0457],[-6.1006,53.0454],[-6.1077,53.0495],[-6.1122,53.0463],[-6.1148,53.0471],[-6.113,53.0502],[-6.1141,53.0535],[-6.1293,53.054],[-6.134,53.0583],[-6.1321,53.0588],[-6.1327,53.0598],[-6.1381,53.0589],[-6.1463,53.0534],[-6.1525,53.0547],[-6.1551,53.0558],[-6.153,53.0583],[-6.1544,53.0597],[-6.1532,53.0642],[-6.162,53.069],[-6.1753,53.0705],[-6.1743,53.0729],[-6.1755,53.0743],[-6.1735,53.0773],[-6.1796,53.0808],[-6.1814,53.0866],[-6.1877,53.0902],[-6.1907,53.0939],[-6.1875,53.0961],[-6.185,53.0953],[-6.1791,53.1014],[-6.1812,53.1059],[-6.1806,53.1067],[-6.1824,53.1078],[-6.1812,53.1086],[-6.1832,53.1125],[-6.1818,53.1153],[-6.1748,53.1218],[-6.1781,53.1243],[-6.1778,53.1267],[-6.1758,53.1279],[-6.18,53.1316],[-6.1913,53.1307],[-6.1928,53.1288],[-6.1968,53.1279],[-6.2036,53.1303],[-6.2229,53.1312],[-6.2463,53.1297],[-6.2501,53.1327],[-6.2541,53.1398],[-6.2853,53.146],[-6.2974,53.1498],[-6.2984,53.161],[-6.3032,53.1634],[-6.3105,53.1624],[-6.3199,53.1631],[-6.3358,53.155],[-6.3412,53.154],[-6.3602,53.1569],[-6.3643,53.1585],[-6.3647,53.1603],[-6.3586,53.1614],[-6.3557,53.1642],[-6.3532,53.1695],[-6.3406,53.1797],[-6.332,53.1782],[-6.3121,53.1945],[-6.3077,53.2145],[-6.3085,53.2187],[-6.3108,53.2222],[-6.3047,53.2246],[-6.2921,53.2228],[-6.276,53.2111],[-6.269,53.2096],[-6.2593,53.2051],[-6.239,53.2022],[-6.2273,53.2053],[-6.2272,53.2084],[-6.2229,53.2115],[-6.2183,53.2123],[-6.2108,53.2103],[-6.2083,53.2111],[-6.2089,53.2144],[-6.2072,53.2162],[-6.2025,53.2171],[-6.1949,53.2165],[-6.1823,53.2209],[-6.1751,53.2131],[-6.1735,53.2095],[-6.1688,53.2083],[-6.1622,53.2028],[-6.1473,53.2034],[-6.1331,53.1979],[-6.1251,53.2076],[-6.1194,53.2081],[-6.1192,53.2105],[-6.111,53.2095],[-6.1084,53.2116],[-6.1033,53.2121],[-6.1019,53.2093],[-6.0993,53.2095],[-6.1027,53.209],[-6.1019,53.2079],[-6.0987,53.2094],[-6.1006,53.2074],[-6.0933,53.1972],[-6.0858,53.1952],[-6.0798,53.192],[-6.076,53.1882],[-6.077,53.1853],[-6.0747,53.1824],[-6.0749,53.1784],[-6.0719,53.1755],[-6.0746,53.1744],[-6.0764,53.171],[-6.077,53.1684],[-6.0758,53.1632],[-6.068,53.152],[-6.0656,53.1503],[-6.0636,53.1512],[-6.0625,53.1484],[-6.06,53.148],[-6.0603,53.1444],[-6.0479,53.13],[-6.0421,53.1202],[-6.0345,53.069]]]}},{"type":"Feature","properties":{"d":"Wicklow","c":"3200L","dv":"Wexford & Wicklow","st":"Wicklow","hq":"Wexford","ad":"Batchelor's Walk, Wicklow, Co. Wicklow","ph":"60140","ty":"District HQ","pop":50239,"km2":900.693},"geometry":{"type":"Polygon","coordinates":[[[-5.998,52.9655],[-6.0,52.9645],[-5.9998,52.9611],[-6.0049,52.9592],[-6.0054,52.9579],[-6.0065,52.9584],[-6.0067,52.9563],[-6.0096,52.9541],[-6.013,52.9538],[-6.0153,52.9521],[-6.0142,52.9476],[-6.0175,52.9444],[-6.0148,52.9432],[-6.0144,52.9416],[-6.0164,52.9403],[-6.0158,52.9381],[-6.0171,52.9371],[-6.017,52.9347],[-6.0228,52.9304],[-6.0229,52.9291],[-6.0206,52.9279],[-6.0209,52.9254],[-6.0315,52.921],[-6.0375,52.9159],[-6.0385,52.9138],[-6.0373,52.9113],[-6.0407,52.9056],[-6.0396,52.9033],[-6.0364,52.9029],[-6.0384,52.9017],[-6.0395,52.898],[-6.043,52.8972],[-6.0523,52.8902],[-6.0594,52.88],[-6.0645,52.8687],[-6.0645,52.8654],[-6.0586,52.8621],[-6.0574,52.8581],[-6.0607,52.856],[-6.0879,52.847],[-6.0969,52.842],[-6.102,52.8426],[-6.0998,52.8411],[-6.1098,52.8344],[-6.1122,52.8294],[-6.1161,52.8261],[-6.1159,52.8242],[-6.1189,52.8209],[-6.1206,52.8154],[-6.1322,52.8082],[-6.1418,52.7996],[-6.1417,52.7944],[-6.138,52.7938],[-6.1391,52.7928],[-6.1367,52.7935],[-6.1438,52.7873],[-6.1461,52.7821],[-6.143,52.7814],[-6.1452,52.7813],[-6.1453,52.7797],[-6.1408,52.7786],[-6.1425,52.7781],[-6.1417,52.776],[-6.1364,52.7774],[-6.1449,52.7722],[-6.147,52.7656],[-6.1465,52.7625],[-6.1442,52.7596],[-6.1382,52.7591],[-6.1378,52.758],[-6.1408,52.754],[-6.1412,52.7508],[-6.1472,52.7436],[-6.1445,52.7377],[-6.156,52.738],[-6.1635,52.7406],[-6.1645,52.7426],[-6.1631,52.7435],[-6.1652,52.7452],[-6.1743,52.748],[-6.1836,52.7481],[-6.1828,52.7497],[-6.1788,52.7495],[-6.177,52.7507],[-6.1704,52.7504],[-6.1683,52.7491],[-6.1703,52.7504],[-6.1698,52.7524],[-6.1737,52.7525],[-6.1759,52.7555],[-6.1733,52.7565],[-6.1738,52.7582],[-6.171,52.7607],[-6.173,52.762],[-6.1698,52.7632],[-6.168,52.7663],[-6.1805,52.767],[-6.184,52.7693],[-6.188,52.768],[-6.1978,52.768],[-6.2029,52.7711],[-6.2043,52.7737],[-6.2118,52.7773],[-6.2139,52.7773],[-6.2197,52.7723],[-6.2259,52.7781],[-6.2294,52.7795],[-6.2341,52.7776],[-6.2429,52.7784],[-6.2521,52.7863],[-6.2544,52.7906],[-6.253,52.7936],[-6.2558,52.7944],[-6.262,52.7948],[-6.2744,52.7916],[-6.2919,52.7819],[-6.3025,52.7839],[-6.3153,52.7941],[-6.3176,52.7975],[-6.3241,52.7955],[-6.3343,52.7962],[-6.3396,52.7902],[-6.3491,52.7908],[-6.356,52.7999],[-6.3624,52.8045],[-6.3634,52.809],[-6.3688,52.814],[-6.3763,52.8167],[-6.3812,52.821],[-6.3857,52.823],[-6.3914,52.8205],[-6.39,52.8228],[-6.4047,52.8274],[-6.4044,52.8314],[-6.4023,52.8345],[-6.3918,52.8371],[-6.3945,52.8408],[-6.3903,52.8506],[-6.3909,52.8525],[-6.3962,52.8543],[-6.4029,52.8538],[-6.4234,52.8591],[-6.4219,52.8612],[-6.4269,52.8658],[-6.4311,52.8723],[-6.4462,52.8792],[-6.4592,52.8801],[-6.4571,52.8833],[-6.4575,52.885],[-6.4607,52.8866],[-6.4609,52.8882],[-6.4677,52.8899],[-6.4763,52.8877],[-6.4823,52.8953],[-6.4793,52.9044],[-6.4751,52.9077],[-6.4774,52.9096],[-6.4723,52.9137],[-6.4739,52.9191],[-6.4723,52.9246],[-6.4646,52.9279],[-6.459,52.9374],[-6.462,52.9404],[-6.4757,52.9443],[-6.476,52.9492],[-6.4779,52.9531],[-6.4799,52.9563],[-6.4839,52.9584],[-6.4734,52.9669],[-6.4646,52.9671],[-6.4595,52.9699],[-6.4665,52.9743],[-6.4679,52.9767],[-6.468,52.9787],[-6.4647,52.9835],[-6.4647,52.9908],[-6.4682,52.9951],[-6.472,52.9967],[-6.4708,53.0027],[-6.4773,53.0063],[-6.48,53.0115],[-6.4807,53.0164],[-6.4739,53.0207],[-6.4634,53.0243],[-6.4586,53.0228],[-6.4561,53.0194],[-6.4504,53.0186],[-6.4434,53.0268],[-6.4328,53.0306],[-6.433,53.0321],[-6.4313,53.0337],[-6.4323,53.0352],[-6.4304,53.0381],[-6.4337,53.0428],[-6.4319,53.0457],[-6.424,53.0496],[-6.4229,53.0489],[-6.4151,53.0509],[-6.4094,53.0574],[-6.4042,53.0596],[-6.3921,53.059],[-6.3841,53.061],[-6.386,53.0643],[-6.3857,53.0734],[-6.3877,53.0767],[-6.3976,53.0837],[-6.4066,53.1036],[-6.3851,53.1003],[-6.3828,53.1037],[-6.3798,53.1035],[-6.3765,53.1055],[-6.3746,53.1102],[-6.3677,53.1143],[-6.3577,53.1162],[-6.3492,53.1238],[-6.3334,53.1253],[-6.3253,53.1282],[-6.3227,53.1321],[-6.3138,53.1384],[-6.3145,53.1394],[-6.3226,53.1451],[-6.3315,53.1476],[-6.3347,53.1504],[-6.3397,53.1508],[-6.3448,53.1539],[-6.3358,53.155],[-6.3199,53.1631],[-6.3105,53.1624],[-6.3032,53.1634],[-6.2996,53.1623],[-6.2984,53.161],[-6.2974,53.1498],[-6.2853,53.146],[-6.2541,53.1398],[-6.2501,53.1327],[-6.2463,53.1297],[-6.2229,53.1312],[-6.2036,53.1303],[-6.1968,53.1279],[-6.1928,53.1288],[-6.1913,53.1307],[-6.18,53.1316],[-6.1758,53.1279],[-6.1778,53.1267],[-6.1781,53.1243],[-6.1748,53.1218],[-6.1818,53.1153],[-6.1832,53.1125],[-6.1812,53.1086],[-6.1824,53.1078],[-6.1806,53.1067],[-6.1812,53.1059],[-6.1791,53.1014],[-6.185,53.0953],[-6.1875,53.0961],[-6.1907,53.0939],[-6.1877,53.0902],[-6.1814,53.0866],[-6.1796,53.0808],[-6.1735,53.0773],[-6.1755,53.0743],[-6.1743,53.0729],[-6.1753,53.0705],[-6.162,53.069],[-6.1532,53.0642],[-6.1544,53.0597],[-6.153,53.0583],[-6.1551,53.0558],[-6.1525,53.0547],[-6.1463,53.0534],[-6.1381,53.0589],[-6.1327,53.0598],[-6.1321,53.0588],[-6.134,53.0583],[-6.1293,53.054],[-6.1141,53.0535],[-6.113,53.0502],[-6.1148,53.0471],[-6.1122,53.0463],[-6.1077,53.0495],[-6.1006,53.0454],[-6.0898,53.0475],[-6.093,53.0513],[-6.0683,53.0499],[-6.0678,53.0529],[-6.0645,53.0535],[-6.0619,53.0583],[-6.0396,53.0579],[-6.0469,53.0355],[-6.0495,53.019],[-6.0499,53.0069],[-6.0473,52.9933],[-6.04,52.9827],[-6.0365,52.9834],[-6.0395,52.9827],[-6.0331,52.9814],[-6.0344,52.9833],[-6.0304,52.9811],[-6.031,52.9805],[-6.0283,52.9781],[-6.0221,52.9768],[-6.0208,52.9728],[-6.0077,52.9727],[-6.0042,52.9683],[-5.998,52.9655]]]}},{"type":"Feature","properties":{"d":"Baltinglass","c":"2900K","dv":"Wexford & Wicklow","st":"Baltinglass","hq":"Wexford","ad":"Edward Street","ph":"6482610","ty":"District HQ","pop":26521,"km2":901.084},"geometry":{"type":"Polygon","coordinates":[[[-6.3138,53.1384],[-6.3227,53.1321],[-6.3274,53.127],[-6.3334,53.1253],[-6.3492,53.1238],[-6.3577,53.1162],[-6.3677,53.1143],[-6.3746,53.1102],[-6.3765,53.1055],[-6.3798,53.1035],[-6.3828,53.1037],[-6.3851,53.1003],[-6.4066,53.1036],[-6.3976,53.0837],[-6.3877,53.0767],[-6.3857,53.0734],[-6.386,53.0643],[-6.3841,53.061],[-6.3921,53.059],[-6.4042,53.0596],[-6.4094,53.0574],[-6.4151,53.0509],[-6.4229,53.0489],[-6.424,53.0496],[-6.4319,53.0457],[-6.4337,53.0428],[-6.4304,53.0381],[-6.4323,53.0352],[-6.4313,53.0337],[-6.433,53.0321],[-6.4328,53.0306],[-6.4434,53.0268],[-6.4504,53.0186],[-6.4561,53.0194],[-6.4586,53.0228],[-6.4634,53.0243],[-6.4739,53.0207],[-6.4807,53.0164],[-6.48,53.0115],[-6.4773,53.0063],[-6.4708,53.0027],[-6.472,52.9967],[-6.4682,52.9951],[-6.4647,52.9908],[-6.4647,52.9835],[-6.468,52.9787],[-6.4679,52.9767],[-6.4665,52.9743],[-6.4595,52.9699],[-6.4646,52.9671],[-6.4734,52.9669],[-6.4839,52.9584],[-6.4799,52.9563],[-6.4779,52.9531],[-6.476,52.9492],[-6.4757,52.9443],[-6.462,52.9404],[-6.459,52.9374],[-6.4646,52.9279],[-6.4723,52.9246],[-6.4739,52.9191],[-6.4723,52.9137],[-6.4774,52.9096],[-6.4751,52.9077],[-6.4793,52.9044],[-6.4823,52.8953],[-6.4763,52.8877],[-6.4677,52.8899],[-6.4609,52.8882],[-6.4607,52.8866],[-6.4575,52.885],[-6.4571,52.8833],[-6.4592,52.8801],[-6.4462,52.8792],[-6.4311,52.8723],[-6.4269,52.8658],[-6.4219,52.8612],[-6.4234,52.8591],[-6.4029,52.8538],[-6.3962,52.8543],[-6.3909,52.8525],[-6.3903,52.8506],[-6.3945,52.8408],[-6.3918,52.8371],[-6.4023,52.8345],[-6.4044,52.8314],[-6.4047,52.8274],[-6.39,52.8228],[-6.3914,52.8205],[-6.3857,52.823],[-6.3812,52.821],[-6.3763,52.8167],[-6.3688,52.814],[-6.3634,52.809],[-6.3624,52.8045],[-6.3529,52.7961],[-6.3576,52.7943],[-6.3686,52.7953],[-6.3739,52.793],[-6.378,52.7891],[-6.3828,52.7879],[-6.388,52.7848],[-6.3931,52.7858],[-6.3957,52.7886],[-6.4059,52.7835],[-6.4136,52.7767],[-6.4159,52.7762],[-6.4165,52.772],[-6.4137,52.7679],[-6.4169,52.7634],[-6.4157,52.7616],[-6.4175,52.7618],[-6.4162,52.7582],[-6.417,52.7554],[-6.4258,52.7534],[-6.4324,52.7547],[-6.4329,52.7415],[-6.4341,52.7393],[-6.4327,52.7351],[-6.4384,52.7359],[-6.4394,52.7344],[-6.4385,52.7328],[-6.4476,52.7264],[-6.4534,52.7258],[-6.4532,52.7239],[-6.4603,52.7223],[-6.4597,52.7215],[-6.4623,52.7207],[-6.461,52.7186],[-6.4731,52.7147],[-6.4714,52.7124],[-6.4717,52.71],[-6.4794,52.7055],[-6.4785,52.7046],[-6.4827,52.7019],[-6.4886,52.7016],[-6.4888,52.6976],[-6.4974,52.6903],[-6.5039,52.6944],[-6.5036,52.6916],[-6.5057,52.6895],[-6.522,52.6845],[-6.5329,52.686],[-6.5358,52.6831],[-6.5586,52.6851],[-6.5656,52.682],[-6.5708,52.6855],[-6.5688,52.6904],[-6.5704,52.6936],[-6.5704,52.701],[-6.5747,52.7017],[-6.5743,52.7047],[-6.5872,52.7007],[-6.5974,52.7018],[-6.599,52.7103],[-6.6062,52.7102],[-6.6146,52.7139],[-6.6162,52.7134],[-6.6154,52.7113],[-6.6201,52.7086],[-6.6187,52.7133],[-6.624,52.7182],[-6.6256,52.723],[-6.6313,52.7294],[-6.6543,52.7461],[-6.6458,52.7518],[-6.6463,52.755],[-6.6537,52.7605],[-6.6545,52.7663],[-6.6566,52.7689],[-6.6677,52.7705],[-6.6684,52.7732],[-6.6733,52.7774],[-6.6794,52.7799],[-6.6927,52.776],[-6.6971,52.7728],[-6.7004,52.7747],[-6.6998,52.7766],[-6.7032,52.7776],[-6.711,52.7764],[-6.7102,52.7774],[-6.7123,52.7784],[-6.7109,52.7799],[-6.7114,52.7817],[-6.7083,52.7815],[-6.7022,52.7872],[-6.7044,52.79],[-6.7029,52.7928],[-6.7048,52.7946],[-6.6964,52.7962],[-6.6985,52.8013],[-6.6972,52.8027],[-6.7025,52.8037],[-6.7025,52.8053],[-6.6956,52.8115],[-6.6842,52.8154],[-6.6791,52.8147],[-6.6726,52.8162],[-6.668,52.8214],[-6.6695,52.8228],[-6.6682,52.8236],[-6.6686,52.825],[-6.6739,52.8285],[-6.673,52.8315],[-6.6706,52.8325],[-6.6639,52.8318],[-6.6647,52.8363],[-6.6541,52.8344],[-6.6538,52.8326],[-6.6491,52.8314],[-6.6463,52.8282],[-6.6377,52.8294],[-6.6295,52.8241],[-6.625,52.8228],[-6.6244,52.82],[-6.6274,52.8181],[-6.6151,52.8076],[-6.6094,52.8082],[-6.6066,52.81],[-6.6033,52.8071],[-6.5874,52.8035],[-6.5841,52.8067],[-6.5738,52.8035],[-6.5723,52.8019],[-6.5672,52.8078],[-6.5605,52.8113],[-6.565,52.815],[-6.5501,52.8189],[-6.5484,52.8206],[-6.5345,52.8216],[-6.5276,52.8188],[-6.5185,52.8196],[-6.5203,52.8214],[-6.5245,52.8219],[-6.5286,52.8266],[-6.5275,52.8288],[-6.5286,52.8316],[-6.5226,52.8375],[-6.5229,52.8441],[-6.5254,52.8497],[-6.5238,52.86],[-6.529,52.8649],[-6.523,52.8665],[-6.5087,52.8673],[-6.5079,52.8703],[-6.5092,52.872],[-6.505,52.8776],[-6.5086,52.8804],[-6.522,52.885],[-6.5271,52.8901],[-6.5288,52.8897],[-6.5278,52.8887],[-6.5288,52.888],[-6.5301,52.8883],[-6.5298,52.8895],[-6.5377,52.8897],[-6.5375,52.8871],[-6.5408,52.886],[-6.5402,52.8833],[-6.5431,52.8824],[-6.542,52.8793],[-6.5431,52.8773],[-6.5492,52.8747],[-6.5645,52.881],[-6.5868,52.8796],[-6.5881,52.8831],[-6.5868,52.8855],[-6.5894,52.8902],[-6.5879,52.895],[-6.5914,52.8975],[-6.5994,52.8978],[-6.6077,52.9006],[-6.6089,52.9005],[-6.6103,52.8974],[-6.6351,52.9037],[-6.6429,52.9019],[-6.6455,52.8991],[-6.6445,52.8969],[-6.646,52.8962],[-6.6549,52.9063],[-6.6585,52.9078],[-6.6674,52.9084],[-6.6725,52.9102],[-6.6769,52.9053],[-6.681,52.9061],[-6.6853,52.9039],[-6.6932,52.9055],[-6.6927,52.9092],[-6.701,52.9116],[-6.7118,52.9179],[-6.7211,52.9142],[-6.7272,52.9139],[-6.7372,52.9158],[-6.7328,52.9199],[-6.7305,52.9269],[-6.731,52.9286],[-6.7347,52.9295],[-6.7337,52.9327],[-6.74,52.9352],[-6.7366,52.9375],[-6.7367,52.9412],[-6.7429,52.9485],[-6.7519,52.9531],[-6.759,52.9591],[-6.7614,52.9594],[-6.7691,52.9664],[-6.7705,52.9663],[-6.779,52.9782],[-6.7856,52.9763],[-6.7871,52.9769],[-6.792,52.9864],[-6.7885,52.9889],[-6.7921,52.9925],[-6.7858,52.998],[-6.7871,52.9996],[-6.7746,53.0039],[-6.7661,53.0087],[-6.7763,53.0135],[-6.7731,53.0177],[-6.7778,53.0186],[-6.7755,53.0209],[-6.7657,53.024],[-6.7646,53.0264],[-6.7556,53.0256],[-6.7511,53.0296],[-6.7516,53.0308],[-6.7388,53.039],[-6.7371,53.0404],[-6.7366,53.0438],[-6.7314,53.0467],[-6.7297,53.0595],[-6.7332,53.0651],[-6.725,53.0668],[-6.7177,53.0716],[-6.7077,53.0741],[-6.7029,53.0723],[-6.6996,53.0738],[-6.6947,53.0738],[-6.6835,53.0776],[-6.681,53.0815],[-6.6665,53.082],[-6.6623,53.0889],[-6.6581,53.0881],[-6.6524,53.091],[-6.6293,53.0921],[-6.6243,53.1045],[-6.6203,53.1029],[-6.611,53.102],[-6.6108,53.1051],[-6.6038,53.1054],[-6.6022,53.108],[-6.5953,53.108],[-6.5954,53.1092],[-6.5984,53.1092],[-6.5993,53.1125],[-6.5926,53.1133],[-6.5921,53.1148],[-6.5947,53.1172],[-6.5906,53.1197],[-6.5865,53.1185],[-6.5839,53.1195],[-6.5798,53.1242],[-6.5719,53.1231],[-6.5755,53.1279],[-6.5734,53.1301],[-6.5686,53.1292],[-6.5654,53.132],[-6.5766,53.1354],[-6.5746,53.1365],[-6.5745,53.1406],[-6.5757,53.1433],[-6.5784,53.1427],[-6.5789,53.1462],[-6.5752,53.1469],[-6.5763,53.1493],[-6.5581,53.1592],[-6.5577,53.163],[-6.5579,53.1692],[-6.5617,53.1721],[-6.5674,53.1738],[-6.573,53.173],[-6.5711,53.1797],[-6.5696,53.1813],[-6.5619,53.1794],[-6.5558,53.1856],[-6.5391,53.1893],[-6.5386,53.1907],[-6.5293,53.19],[-6.5198,53.1864],[-6.5178,53.1892],[-6.5001,53.2024],[-6.5013,53.204],[-6.4997,53.205],[-6.5103,53.2102],[-6.5086,53.2109],[-6.5087,53.2144],[-6.5007,53.2175],[-6.497,53.2225],[-6.4929,53.2213],[-6.4881,53.2257],[-6.4802,53.2295],[-6.4753,53.2344],[-6.461,53.2252],[-6.4575,53.227],[-6.4574,53.2296],[-6.4547,53.2312],[-6.4198,53.2312],[-6.4165,53.2274],[-6.4126,53.2178],[-6.4105,53.2163],[-6.4075,53.2177],[-6.4058,53.2171],[-6.4028,53.2135],[-6.4014,53.2113],[-6.4029,53.2081],[-6.398,53.2118],[-6.3927,53.2135],[-6.3758,53.2161],[-6.3684,53.2138],[-6.3747,53.1925],[-6.3475,53.1809],[-6.3406,53.1797],[-6.3532,53.1695],[-6.3557,53.1642],[-6.3586,53.1614],[-6.3647,53.1603],[-6.3643,53.1585],[-6.3602,53.1569],[-6.3508,53.1563],[-6.3397,53.1508],[-6.3347,53.1504],[-6.3315,53.1476],[-6.3226,53.1451],[-6.3138,53.1384]]]}},{"type":"Feature","properties":{"d":"Carlow","c":"2800B","dv":"Kilkenny/Carlow & Waterford","st":"Carlow","hq":"Waterford","ad":"Greenbank Road, Carlow, Co. Carlow","ph":"9136620","ty":"District HQ","pop":59908,"km2":861.13},"geometry":{"type":"Polygon","coordinates":[[[-6.505,52.8776],[-6.5092,52.872],[-6.5079,52.8703],[-6.5087,52.8673],[-6.523,52.8665],[-6.529,52.8649],[-6.5238,52.86],[-6.5254,52.8497],[-6.5229,52.8441],[-6.5226,52.8375],[-6.5286,52.8316],[-6.5275,52.8288],[-6.5286,52.8266],[-6.5245,52.8219],[-6.5203,52.8214],[-6.5185,52.8196],[-6.5276,52.8188],[-6.5345,52.8216],[-6.5484,52.8206],[-6.5501,52.8189],[-6.565,52.815],[-6.5605,52.8113],[-6.5672,52.8078],[-6.5723,52.8019],[-6.5738,52.8035],[-6.5841,52.8067],[-6.5874,52.8035],[-6.6033,52.8071],[-6.6066,52.81],[-6.6094,52.8082],[-6.6151,52.8076],[-6.6274,52.8181],[-6.6244,52.82],[-6.625,52.8228],[-6.6295,52.8241],[-6.6377,52.8294],[-6.6463,52.8282],[-6.6491,52.8314],[-6.6538,52.8326],[-6.6541,52.8344],[-6.6647,52.8363],[-6.6639,52.8318],[-6.6706,52.8325],[-6.673,52.8315],[-6.6739,52.8285],[-6.6686,52.825],[-6.6682,52.8236],[-6.6695,52.8228],[-6.668,52.8214],[-6.6726,52.8162],[-6.6791,52.8147],[-6.6856,52.8151],[-6.6864,52.8139],[-6.6956,52.8115],[-6.7004,52.8077],[-6.7025,52.8037],[-6.6972,52.8027],[-6.6985,52.8013],[-6.6964,52.7962],[-6.7048,52.7946],[-6.7029,52.7928],[-6.7044,52.79],[-6.7022,52.7872],[-6.7083,52.7815],[-6.7114,52.7817],[-6.7109,52.7799],[-6.7123,52.7784],[-6.7102,52.7774],[-6.711,52.7764],[-6.7032,52.7776],[-6.6998,52.7766],[-6.7004,52.7747],[-6.6971,52.7728],[-6.6927,52.776],[-6.6794,52.7799],[-6.6733,52.7774],[-6.6684,52.7732],[-6.6677,52.7705],[-6.6566,52.7689],[-6.6545,52.7663],[-6.6537,52.7605],[-6.6463,52.755],[-6.6458,52.7518],[-6.6543,52.7461],[-6.6313,52.7294],[-6.6256,52.723],[-6.624,52.7182],[-6.6187,52.7133],[-6.6201,52.7086],[-6.6331,52.7046],[-6.6341,52.7035],[-6.6335,52.6986],[-6.6407,52.6967],[-6.6447,52.693],[-6.6443,52.6903],[-6.6464,52.6882],[-6.6537,52.6856],[-6.664,52.6866],[-6.6662,52.6837],[-6.675,52.6779],[-6.6798,52.6687],[-6.6741,52.6648],[-6.6703,52.6638],[-6.6619,52.6671],[-6.6569,52.6671],[-6.6527,52.664],[-6.6548,52.6594],[-6.6507,52.6563],[-6.6559,52.6556],[-6.6552,52.6567],[-6.6563,52.6574],[-6.6645,52.6597],[-6.6676,52.6581],[-6.6681,52.6569],[-6.661,52.6545],[-6.6641,52.6528],[-6.6639,52.6483],[-6.6651,52.6466],[-6.667,52.6463],[-6.6671,52.6447],[-6.6695,52.6453],[-6.6734,52.6424],[-6.6728,52.6404],[-6.6762,52.6379],[-6.6843,52.6356],[-6.6915,52.6359],[-6.7094,52.6406],[-6.7187,52.6395],[-6.7299,52.6428],[-6.7313,52.6416],[-6.7373,52.6415],[-6.7514,52.6372],[-6.7608,52.6298],[-6.7709,52.6258],[-6.7803,52.6181],[-6.7757,52.6161],[-6.7825,52.5975],[-6.7815,52.5971],[-6.7808,52.5849],[-6.7786,52.5814],[-6.7784,52.5783],[-6.7814,52.5761],[-6.7901,52.5625],[-6.801,52.5655],[-6.8063,52.5614],[-6.8057,52.5491],[-6.8067,52.5479],[-6.8139,52.5443],[-6.8302,52.5328],[-6.8367,52.5305],[-6.8323,52.518],[-6.8392,52.5091],[-6.8436,52.5066],[-6.8546,52.5105],[-6.8701,52.5125],[-6.8705,52.5155],[-6.8723,52.5164],[-6.8775,52.5126],[-6.8874,52.5108],[-6.8895,52.5124],[-6.8906,52.516],[-6.8993,52.5171],[-6.9064,52.5214],[-6.9061,52.5239],[-6.9112,52.5251],[-6.9058,52.53],[-6.9077,52.5365],[-6.9056,52.5406],[-6.9064,52.5445],[-6.9196,52.5461],[-6.9233,52.5475],[-6.9246,52.5508],[-6.9333,52.5516],[-6.9311,52.5542],[-6.9248,52.5576],[-6.9191,52.5584],[-6.9146,52.5623],[-6.9224,52.5696],[-6.9191,52.5766],[-6.9259,52.587],[-6.9394,52.5909],[-6.9432,52.5953],[-6.9505,52.6002],[-6.97,52.6039],[-6.9731,52.6114],[-6.9803,52.6144],[-6.9853,52.6188],[-6.9847,52.6211],[-6.9811,52.6231],[-6.9801,52.6254],[-6.9809,52.6268],[-6.9887,52.6294],[-6.9915,52.6335],[-6.9897,52.6384],[-6.9854,52.6427],[-6.9873,52.6475],[-6.9878,52.6602],[-6.9863,52.6635],[-6.9799,52.669],[-6.9875,52.6709],[-6.9872,52.6727],[-6.993,52.6737],[-6.9919,52.676],[-6.9977,52.6791],[-6.9957,52.6811],[-7.0056,52.6848],[-6.9998,52.6886],[-7.0065,52.6912],[-7.004,52.6933],[-7.0118,52.6976],[-7.0173,52.704],[-7.0254,52.7057],[-7.0286,52.7083],[-7.0363,52.71],[-7.0418,52.7153],[-7.0493,52.7105],[-7.0505,52.7082],[-7.0503,52.7048],[-7.0525,52.703],[-7.0567,52.7104],[-7.0658,52.7082],[-7.0802,52.7265],[-7.0934,52.7252],[-7.1079,52.7255],[-7.1048,52.7314],[-7.0999,52.7324],[-7.0945,52.7315],[-7.09,52.734],[-7.092,52.7377],[-7.0988,52.7393],[-7.1023,52.7464],[-7.1017,52.7486],[-7.0833,52.7571],[-7.0838,52.7617],[-7.0815,52.7699],[-7.0859,52.7752],[-7.0907,52.7762],[-7.0824,52.7791],[-7.0799,52.7818],[-7.0755,52.7838],[-7.0676,52.7852],[-7.0616,52.793],[-7.0489,52.7947],[-7.0417,52.7981],[-7.0431,52.8016],[-7.0399,52.8081],[-7.0214,52.8104],[-7.012,52.8083],[-7.0141,52.8069],[-7.0045,52.8092],[-6.9911,52.808],[-6.9857,52.8091],[-6.9654,52.8095],[-6.9563,52.8128],[-6.9556,52.8136],[-6.9576,52.8157],[-6.9571,52.8186],[-6.9601,52.8303],[-6.9566,52.835],[-6.9575,52.8374],[-6.9556,52.8427],[-6.9512,52.8447],[-6.9492,52.8487],[-6.9388,52.8491],[-6.9378,52.8519],[-6.9348,52.8521],[-6.9337,52.8545],[-6.9368,52.8604],[-6.9341,52.8664],[-6.9358,52.8722],[-6.9399,52.8771],[-6.9394,52.88],[-6.934,52.88],[-6.9332,52.8829],[-6.9295,52.8851],[-6.9218,52.8859],[-6.9228,52.8798],[-6.9211,52.877],[-6.9183,52.8772],[-6.9127,52.8748],[-6.9093,52.8695],[-6.9036,52.8661],[-6.8969,52.8653],[-6.8875,52.8621],[-6.8797,52.8576],[-6.876,52.8604],[-6.8685,52.8617],[-6.8718,52.8676],[-6.8702,52.8678],[-6.8707,52.869],[-6.8765,52.8733],[-6.877,52.8762],[-6.8711,52.8762],[-6.8563,52.8613],[-6.8505,52.8619],[-6.8482,52.8601],[-6.8458,52.8603],[-6.8457,52.864],[-6.8427,52.8622],[-6.8408,52.8635],[-6.8391,52.8618],[-6.8339,52.8635],[-6.8252,52.869],[-6.8281,52.8703],[-6.8262,52.8722],[-6.8183,52.8705],[-6.8165,52.872],[-6.8112,52.8729],[-6.7885,52.8659],[-6.7879,52.8704],[-6.7865,52.8718],[-6.7811,52.8719],[-6.7809,52.8745],[-6.778,52.8763],[-6.7725,52.8791],[-6.7678,52.8795],[-6.7652,52.8861],[-6.7655,52.8894],[-6.7498,52.8896],[-6.7453,52.8986],[-6.7463,52.9045],[-6.7488,52.9071],[-6.7458,52.9126],[-6.7444,52.9115],[-6.7395,52.9121],[-6.7372,52.9158],[-6.7272,52.9139],[-6.7211,52.9142],[-6.7118,52.9179],[-6.701,52.9116],[-6.6927,52.9092],[-6.6932,52.9055],[-6.6853,52.9039],[-6.681,52.9061],[-6.6769,52.9053],[-6.6725,52.9102],[-6.6674,52.9084],[-6.6564,52.9073],[-6.646,52.8962],[-6.6445,52.8969],[-6.6455,52.8991],[-6.6429,52.9019],[-6.6351,52.9037],[-6.6103,52.8974],[-6.6089,52.9005],[-6.6077,52.9006],[-6.5994,52.8978],[-6.5914,52.8975],[-6.5879,52.895],[-6.5894,52.8902],[-6.5868,52.8855],[-6.5881,52.8831],[-6.5868,52.8796],[-6.5645,52.881],[-6.5492,52.8747],[-6.5431,52.8773],[-6.542,52.8793],[-6.5431,52.8824],[-6.5402,52.8833],[-6.5408,52.886],[-6.5375,52.8871],[-6.5377,52.8897],[-6.5298,52.8895],[-6.5301,52.8883],[-6.5288,52.888],[-6.5278,52.8887],[-6.5288,52.8897],[-6.5271,52.8901],[-6.522,52.885],[-6.5086,52.8804],[-6.505,52.8776]]]}},{"type":"Feature","properties":{"d":"Portlaoise","c":"2500C","dv":"Kildare & Laois/Offaly","st":"Portlaoise","hq":"Port Laoise","ad":"Abbeyleix Rd, Portlaois","ph":"8674100","ty":"District HQ","pop":84341,"km2":1800.957},"geometry":{"type":"Polygon","coordinates":[[[-6.9337,52.8545],[-6.9348,52.8521],[-6.9378,52.8519],[-6.9388,52.8491],[-6.9492,52.8487],[-6.9512,52.8447],[-6.9556,52.8427],[-6.9575,52.8374],[-6.9566,52.835],[-6.9601,52.8303],[-6.9571,52.8186],[-6.9576,52.8157],[-6.9556,52.8136],[-6.9591,52.8114],[-6.9654,52.8095],[-6.9857,52.8091],[-6.9911,52.808],[-7.0045,52.8092],[-7.0141,52.8069],[-7.012,52.8083],[-7.0214,52.8104],[-7.0383,52.8084],[-7.0404,52.8077],[-7.0431,52.8016],[-7.0417,52.7981],[-7.0489,52.7947],[-7.0603,52.7931],[-7.0615,52.7974],[-7.0693,52.8081],[-7.0703,52.8128],[-7.0767,52.8161],[-7.0824,52.8158],[-7.0891,52.8174],[-7.0933,52.8209],[-7.0909,52.8218],[-7.0988,52.8269],[-7.1199,52.8239],[-7.1226,52.8289],[-7.1223,52.8309],[-7.1289,52.8381],[-7.1286,52.8411],[-7.131,52.8418],[-7.1362,52.847],[-7.1413,52.8479],[-7.1408,52.8493],[-7.142,52.8497],[-7.141,52.8534],[-7.1387,52.856],[-7.1405,52.8616],[-7.1386,52.8667],[-7.1413,52.87],[-7.1475,52.8728],[-7.149,52.8765],[-7.1532,52.8759],[-7.1596,52.8708],[-7.1643,52.8784],[-7.1632,52.8822],[-7.1689,52.8839],[-7.1755,52.8835],[-7.1799,52.8896],[-7.1846,52.8904],[-7.1841,52.8914],[-7.1894,52.894],[-7.1964,52.8939],[-7.2044,52.8907],[-7.2068,52.887],[-7.2119,52.8847],[-7.2123,52.8818],[-7.2204,52.8771],[-7.2474,52.8783],[-7.2454,52.8725],[-7.2429,52.8697],[-7.2442,52.8662],[-7.2433,52.8628],[-7.2466,52.8622],[-7.2595,52.8491],[-7.2773,52.8542],[-7.2991,52.8636],[-7.3019,52.8617],[-7.3086,52.8663],[-7.3119,52.866],[-7.3197,52.8616],[-7.3243,52.8623],[-7.3271,52.8602],[-7.3265,52.8581],[-7.3296,52.8517],[-7.3353,52.8487],[-7.3374,52.8441],[-7.3402,52.8439],[-7.3397,52.8431],[-7.3429,52.8415],[-7.3434,52.8393],[-7.3453,52.839],[-7.3438,52.8382],[-7.3448,52.8377],[-7.3427,52.8349],[-7.3456,52.8333],[-7.3445,52.8296],[-7.3471,52.8275],[-7.3462,52.8262],[-7.348,52.822],[-7.35,52.8212],[-7.3485,52.8197],[-7.3498,52.8168],[-7.3485,52.8139],[-7.3468,52.8131],[-7.3483,52.8128],[-7.3475,52.8117],[-7.3496,52.813],[-7.3551,52.8124],[-7.3601,52.8139],[-7.3616,52.8196],[-7.3599,52.8238],[-7.3613,52.8284],[-7.3642,52.8305],[-7.3704,52.8318],[-7.3767,52.8288],[-7.3782,52.8236],[-7.3809,52.8215],[-7.3831,52.8227],[-7.3859,52.82],[-7.3887,52.82],[-7.3903,52.816],[-7.3902,52.8115],[-7.3927,52.8081],[-7.3907,52.8062],[-7.391,52.8043],[-7.399,52.7957],[-7.4038,52.7983],[-7.4216,52.8013],[-7.4259,52.804],[-7.4308,52.8023],[-7.4391,52.7963],[-7.4467,52.7954],[-7.4493,52.787],[-7.4519,52.7877],[-7.476,52.7856],[-7.4863,52.792],[-7.4895,52.7976],[-7.4961,52.7992],[-7.4951,52.8011],[-7.5009,52.8022],[-7.5077,52.8001],[-7.5168,52.8007],[-7.5193,52.802],[-7.516,52.8066],[-7.5237,52.8081],[-7.5292,52.8113],[-7.534,52.8114],[-7.5351,52.81],[-7.5341,52.8064],[-7.5351,52.8032],[-7.5474,52.8082],[-7.5512,52.8064],[-7.5595,52.8087],[-7.5567,52.8144],[-7.5603,52.8153],[-7.5596,52.817],[-7.5617,52.8172],[-7.5616,52.8188],[-7.5655,52.8192],[-7.5663,52.8219],[-7.5732,52.8233],[-7.5737,52.8256],[-7.5786,52.8287],[-7.5821,52.8262],[-7.5824,52.8234],[-7.5841,52.8219],[-7.595,52.8165],[-7.6002,52.8155],[-7.5995,52.8146],[-7.6017,52.813],[-7.6065,52.8109],[-7.6089,52.8072],[-7.6128,52.8106],[-7.6168,52.8094],[-7.6165,52.8038],[-7.6131,52.8017],[-7.6145,52.8009],[-7.6132,52.7967],[-7.6145,52.7927],[-7.612,52.792],[-7.6121,52.79],[-7.6256,52.7899],[-7.6357,52.7877],[-7.6475,52.79],[-7.6529,52.7893],[-7.6542,52.7875],[-7.6626,52.784],[-7.6741,52.7813],[-7.6789,52.7943],[-7.6805,52.8055],[-7.6899,52.8087],[-7.6886,52.8158],[-7.6947,52.8247],[-7.6943,52.8293],[-7.6973,52.8319],[-7.7164,52.8375],[-7.7193,52.8415],[-7.7322,52.852],[-7.7347,52.8584],[-7.7174,52.8652],[-7.7207,52.8775],[-7.7229,52.8793],[-7.7252,52.8849],[-7.7253,52.8879],[-7.7201,52.8899],[-7.7087,52.8915],[-7.7087,52.8963],[-7.7058,52.9023],[-7.7,52.9047],[-7.6921,52.9114],[-7.6843,52.9149],[-7.676,52.9154],[-7.6715,52.919],[-7.6658,52.9213],[-7.6629,52.9246],[-7.6642,52.9269],[-7.6603,52.9338],[-7.661,52.9353],[-7.6788,52.9348],[-7.6854,52.9331],[-7.693,52.9346],[-7.7022,52.9341],[-7.7057,52.9382],[-7.7101,52.9401],[-7.7113,52.9422],[-7.7251,52.9452],[-7.7255,52.9494],[-7.7302,52.9528],[-7.7304,52.9631],[-7.7222,52.9678],[-7.7175,52.9689],[-7.7153,52.9738],[-7.7081,52.9778],[-7.7086,52.9828],[-7.7033,52.986],[-7.7123,52.9886],[-7.7067,52.9936],[-7.709,52.997],[-7.7092,53.0093],[-7.7023,53.0161],[-7.6969,53.0271],[-7.6911,53.0309],[-7.6823,53.0325],[-7.6775,53.032],[-7.6544,53.0407],[-7.6584,53.0507],[-7.6388,53.0615],[-7.6222,53.0664],[-7.6113,53.073],[-7.6061,53.0766],[-7.6002,53.0839],[-7.6036,53.0865],[-7.6003,53.0896],[-7.5955,53.0913],[-7.5877,53.0998],[-7.5865,53.1037],[-7.5914,53.106],[-7.6134,53.1113],[-7.6107,53.1138],[-7.6108,53.1186],[-7.6252,53.1301],[-7.6319,53.1308],[-7.6359,53.1363],[-7.6449,53.143],[-7.6467,53.1474],[-7.646,53.1518],[-7.6354,53.1565],[-7.6343,53.1574],[-7.6348,53.1598],[-7.6295,53.1619],[-7.6307,53.1667],[-7.6325,53.168],[-7.6073,53.1728],[-7.5933,53.1718],[-7.5787,53.1758],[-7.5704,53.1743],[-7.5652,53.176],[-7.5473,53.1768],[-7.5374,53.1831],[-7.5323,53.1846],[-7.4938,53.1903],[-7.4872,53.1969],[-7.4823,53.194],[-7.4532,53.1863],[-7.4432,53.1852],[-7.4361,53.1875],[-7.4323,53.1869],[-7.427,53.1931],[-7.4306,53.2056],[-7.4227,53.2095],[-7.4202,53.2103],[-7.4182,53.2081],[-7.4156,53.208],[-7.4138,53.2107],[-7.4056,53.2126],[-7.4028,53.2098],[-7.3912,53.2074],[-7.3799,53.2157],[-7.3787,53.2128],[-7.375,53.2101],[-7.3715,53.211],[-7.3589,53.208],[-7.3567,53.2101],[-7.3596,53.2115],[-7.3588,53.216],[-7.3465,53.2224],[-7.3153,53.2184],[-7.3098,53.2205],[-7.3024,53.2206],[-7.2926,53.2232],[-7.2907,53.2224],[-7.2931,53.2204],[-7.298,53.2211],[-7.2989,53.2187],[-7.294,53.2153],[-7.2953,53.2131],[-7.2921,53.2034],[-7.2944,53.2019],[-7.2949,53.1997],[-7.2878,53.1994],[-7.2837,53.1974],[-7.2776,53.2009],[-7.2809,53.206],[-7.2841,53.2076],[-7.2852,53.2152],[-7.2835,53.2164],[-7.2788,53.2149],[-7.274,53.2219],[-7.2695,53.2215],[-7.2666,53.2192],[-7.2554,53.2199],[-7.2494,53.2171],[-7.2446,53.2172],[-7.2301,53.2095],[-7.225,53.2054],[-7.2232,53.201],[-7.2111,53.2004],[-7.2052,53.1984],[-7.2059,53.1991],[-7.2044,53.201],[-7.2002,53.2004],[-7.177,53.214],[-7.1569,53.1971],[-7.1581,53.1913],[-7.1571,53.1912],[-7.1689,53.1849],[-7.1653,53.1821],[-7.1352,53.1793],[-7.1249,53.1806],[-7.106,53.168],[-7.1032,53.1687],[-7.1021,53.1709],[-7.0992,53.1723],[-7.089,53.1721],[-7.0842,53.1732],[-7.0692,53.1704],[-7.0647,53.1678],[-7.0633,53.162],[-7.0727,53.1493],[-7.0773,53.1507],[-7.0791,53.1534],[-7.0858,53.1578],[-7.0904,53.1575],[-7.0962,53.1591],[-7.1005,53.1582],[-7.0986,53.1548],[-7.0933,53.1517],[-7.0933,53.1498],[-7.0965,53.1406],[-7.103,53.136],[-7.092,53.133],[-7.0886,53.1298],[-7.0837,53.1281],[-7.0852,53.1252],[-7.0783,53.1216],[-7.0793,53.1189],[-7.0757,53.1163],[-7.0772,53.115],[-7.0732,53.1069],[-7.0693,53.1062],[-7.0671,53.1084],[-7.0607,53.1064],[-7.0555,53.1007],[-7.0529,53.094],[-7.0555,53.0901],[-7.0521,53.0866],[-7.0522,53.0836],[-7.0501,53.0806],[-7.0484,53.0801],[-7.0452,53.0734],[-7.0474,53.0685],[-7.0539,53.0672],[-7.0475,53.0591],[-7.0479,53.0564],[-7.0599,53.0525],[-7.0588,53.049],[-7.06,53.0435],[-7.0543,53.0413],[-7.0482,53.0419],[-7.058,53.0377],[-7.0648,53.0375],[-7.0686,53.0361],[-7.0673,53.0353],[-7.0719,53.0312],[-7.0687,53.0213],[-7.0863,53.0142],[-7.0853,53.0108],[-7.0899,53.0069],[-7.0901,53.0014],[-7.0867,52.9983],[-7.0815,52.9963],[-7.0795,52.9975],[-7.0759,52.9938],[-7.071,52.9929],[-7.0686,52.9912],[-7.0654,52.9831],[-7.0576,52.9811],[-7.0561,52.9785],[-7.0531,52.9784],[-7.0494,52.9808],[-7.0484,52.9789],[-7.0431,52.977],[-7.0352,52.9787],[-7.0228,52.9747],[-7.0176,52.9752],[-7.0191,52.9719],[-7.0228,52.9706],[-7.0202,52.9661],[-7.014,52.9689],[-6.9894,52.975],[-6.9845,52.9776],[-6.98,52.9781],[-6.9779,52.9743],[-6.9729,52.9726],[-6.9704,52.969],[-6.9704,52.965],[-6.969,52.9635],[-6.9703,52.9589],[-6.9638,52.9533],[-6.9598,52.9518],[-6.9593,52.949],[-6.9548,52.9472],[-6.9536,52.9435],[-6.9543,52.9387],[-6.9516,52.9371],[-6.946,52.9303],[-6.9454,52.9266],[-6.9371,52.9199],[-6.9347,52.915],[-6.934,52.9113],[-6.937,52.9055],[-6.9358,52.8999],[-6.9407,52.8963],[-6.9434,52.891],[-6.94,52.8868],[-6.9399,52.8771],[-6.9358,52.8722],[-6.9341,52.8664],[-6.9368,52.8604],[-6.9337,52.8545]]]}},{"type":"Feature","properties":{"d":"Enniscorthy","c":"3100C","dv":"Wexford & Wicklow","st":"Enniscorthy","hq":"Wexford","ad":"Lymington Rd, Enniscorthy","ph":"9233534","ty":"District HQ","pop":73608,"km2":1284.108},"geometry":{"type":"Polygon","coordinates":[[[-6.1408,52.7355],[-6.1418,52.7326],[-6.1572,52.7245],[-6.1583,52.7194],[-6.1576,52.7173],[-6.1592,52.7155],[-6.1769,52.7064],[-6.1879,52.6984],[-6.1887,52.6944],[-6.1972,52.6881],[-6.2017,52.681],[-6.2013,52.6794],[-6.2071,52.6733],[-6.2095,52.6688],[-6.2093,52.6664],[-6.2158,52.6601],[-6.2264,52.6461],[-6.226,52.6439],[-6.2238,52.6429],[-6.228,52.635],[-6.2291,52.6242],[-6.2266,52.6229],[-6.2248,52.6183],[-6.2216,52.6173],[-6.2209,52.6122],[-6.2184,52.6112],[-6.2172,52.6083],[-6.2114,52.6048],[-6.2093,52.602],[-6.2123,52.5968],[-6.2125,52.5888],[-6.2078,52.5831],[-6.2033,52.5819],[-6.2035,52.57],[-6.1999,52.5697],[-6.2007,52.5689],[-6.1956,52.5667],[-6.1934,52.5634],[-6.2006,52.5534],[-6.2046,52.5439],[-6.2162,52.53],[-6.2266,52.5234],[-6.2405,52.5116],[-6.2516,52.4979],[-6.2706,52.4842],[-6.2938,52.4648],[-6.3216,52.4349],[-6.3495,52.4131],[-6.3573,52.4],[-6.3647,52.3963],[-6.3646,52.394],[-6.367,52.3937],[-6.3677,52.3922],[-6.3807,52.3943],[-6.3849,52.3936],[-6.3883,52.3975],[-6.3894,52.4019],[-6.3923,52.4055],[-6.4022,52.3974],[-6.4062,52.3988],[-6.408,52.4025],[-6.4054,52.4056],[-6.4255,52.4053],[-6.4256,52.4086],[-6.4222,52.4113],[-6.4204,52.4152],[-6.4211,52.4179],[-6.4229,52.419],[-6.4223,52.4213],[-6.4267,52.4228],[-6.4376,52.431],[-6.4418,52.4319],[-6.4483,52.4317],[-6.4526,52.4297],[-6.4529,52.4239],[-6.4585,52.4147],[-6.4572,52.4104],[-6.4707,52.4046],[-6.4713,52.4018],[-6.4895,52.4079],[-6.4903,52.4073],[-6.4881,52.4053],[-6.4889,52.4026],[-6.488,52.4012],[-6.5072,52.3985],[-6.5054,52.3965],[-6.5082,52.3963],[-6.506,52.391],[-6.52,52.3902],[-6.5226,52.3904],[-6.5239,52.3929],[-6.5271,52.3937],[-6.5275,52.3951],[-6.5362,52.3961],[-6.5417,52.3989],[-6.5491,52.3977],[-6.5492,52.4089],[-6.5511,52.4129],[-6.5579,52.4197],[-6.5652,52.4242],[-6.5681,52.43],[-6.5634,52.4335],[-6.5628,52.4362],[-6.6014,52.439],[-6.6054,52.433],[-6.6041,52.4271],[-6.6023,52.426],[-6.6073,52.4237],[-6.6125,52.4235],[-6.6244,52.416],[-6.629,52.4216],[-6.6474,52.4181],[-6.6548,52.4182],[-6.6613,52.4215],[-6.668,52.4221],[-6.6692,52.427],[-6.6733,52.4299],[-6.6724,52.4321],[-6.6833,52.4304],[-6.6857,52.4272],[-6.6902,52.4247],[-6.696,52.4257],[-6.7023,52.4293],[-6.7064,52.43],[-6.7085,52.4292],[-6.7098,52.427],[-6.7142,52.4276],[-6.7196,52.4245],[-6.7254,52.4254],[-6.7466,52.4212],[-6.7576,52.424],[-6.7651,52.4221],[-6.7751,52.4217],[-6.7785,52.4197],[-6.7861,52.4185],[-6.7904,52.4194],[-6.7945,52.4246],[-6.7995,52.4256],[-6.8037,52.4244],[-6.8087,52.4282],[-6.7973,52.4334],[-6.7933,52.4393],[-6.792,52.4393],[-6.7915,52.4427],[-6.7885,52.4458],[-6.7916,52.4472],[-6.7814,52.4599],[-6.7791,52.4606],[-6.7756,52.4591],[-6.7743,52.4604],[-6.7689,52.4612],[-6.7679,52.4644],[-6.7705,52.4682],[-6.7614,52.4713],[-6.7581,52.4752],[-6.7594,52.4821],[-6.7575,52.485],[-6.7753,52.4892],[-6.7818,52.4953],[-6.7876,52.4977],[-6.7871,52.4985],[-6.79,52.5009],[-6.7911,52.504],[-6.7988,52.5091],[-6.8034,52.5142],[-6.8322,52.5196],[-6.8346,52.523],[-6.8367,52.5305],[-6.8302,52.5328],[-6.8139,52.5443],[-6.8067,52.5479],[-6.8057,52.5491],[-6.8063,52.5614],[-6.801,52.5655],[-6.7901,52.5625],[-6.7814,52.5761],[-6.7784,52.5783],[-6.7786,52.5814],[-6.7808,52.5849],[-6.7815,52.5971],[-6.7825,52.5975],[-6.7757,52.6161],[-6.7803,52.6181],[-6.7709,52.6258],[-6.7608,52.6298],[-6.7514,52.6372],[-6.7373,52.6415],[-6.7313,52.6416],[-6.7299,52.6428],[-6.7187,52.6395],[-6.7094,52.6406],[-6.6915,52.6359],[-6.6843,52.6356],[-6.6762,52.6379],[-6.6728,52.6404],[-6.6734,52.6424],[-6.6695,52.6453],[-6.6671,52.6447],[-6.667,52.6463],[-6.6651,52.6466],[-6.6639,52.6483],[-6.6641,52.6528],[-6.661,52.6545],[-6.6681,52.6569],[-6.6676,52.6581],[-6.6645,52.6597],[-6.6563,52.6574],[-6.6552,52.6567],[-6.6559,52.6556],[-6.6507,52.6563],[-6.6548,52.6594],[-6.6527,52.664],[-6.6569,52.6671],[-6.6619,52.6671],[-6.6703,52.6638],[-6.6741,52.6648],[-6.6798,52.6687],[-6.675,52.6779],[-6.6662,52.6837],[-6.664,52.6866],[-6.6537,52.6856],[-6.6464,52.6882],[-6.6443,52.6903],[-6.6447,52.693],[-6.6407,52.6967],[-6.6335,52.6986],[-6.6341,52.7035],[-6.6331,52.7046],[-6.6176,52.7097],[-6.6154,52.7113],[-6.6162,52.7134],[-6.6119,52.7135],[-6.6062,52.7102],[-6.599,52.7103],[-6.5974,52.7018],[-6.5872,52.7007],[-6.5743,52.7047],[-6.5747,52.7017],[-6.5704,52.701],[-6.5704,52.6936],[-6.5688,52.6904],[-6.5708,52.6855],[-6.5656,52.682],[-6.5586,52.6851],[-6.5358,52.6831],[-6.5329,52.686],[-6.5264,52.6844],[-6.52,52.6848],[-6.5057,52.6895],[-6.5036,52.6916],[-6.5039,52.6944],[-6.4974,52.6903],[-6.4888,52.6976],[-6.4886,52.7016],[-6.4827,52.7019],[-6.4785,52.7046],[-6.4794,52.7055],[-6.4717,52.71],[-6.4714,52.7124],[-6.4731,52.7147],[-6.461,52.7186],[-6.4623,52.7207],[-6.4597,52.7215],[-6.4603,52.7223],[-6.4532,52.7239],[-6.4534,52.7258],[-6.4476,52.7264],[-6.4385,52.7328],[-6.4394,52.7344],[-6.4384,52.7359],[-6.4327,52.7351],[-6.4341,52.7393],[-6.4329,52.7415],[-6.4324,52.7547],[-6.4258,52.7534],[-6.417,52.7554],[-6.4162,52.7582],[-6.4175,52.7618],[-6.4157,52.7616],[-6.4169,52.7634],[-6.4137,52.7679],[-6.4165,52.772],[-6.4159,52.7762],[-6.4136,52.7767],[-6.4059,52.7835],[-6.3957,52.7886],[-6.3931,52.7858],[-6.388,52.7848],[-6.3828,52.7879],[-6.378,52.7891],[-6.3739,52.793],[-6.3686,52.7953],[-6.3576,52.7943],[-6.3529,52.7961],[-6.3491,52.7908],[-6.3396,52.7902],[-6.3343,52.7962],[-6.3241,52.7955],[-6.3176,52.7975],[-6.3153,52.7941],[-6.3025,52.7839],[-6.2919,52.7819],[-6.2744,52.7916],[-6.262,52.7948],[-6.2558,52.7944],[-6.253,52.7936],[-6.2544,52.7906],[-6.2521,52.7863],[-6.2429,52.7784],[-6.2341,52.7776],[-6.2294,52.7795],[-6.2259,52.7781],[-6.2197,52.7723],[-6.2139,52.7773],[-6.2118,52.7773],[-6.2043,52.7737],[-6.2029,52.7711],[-6.1978,52.768],[-6.188,52.768],[-6.184,52.7693],[-6.1805,52.767],[-6.168,52.7663],[-6.1698,52.7632],[-6.173,52.762],[-6.171,52.7607],[-6.1738,52.7582],[-6.1733,52.7565],[-6.1759,52.7555],[-6.1737,52.7525],[-6.1698,52.7524],[-6.1703,52.7504],[-6.1683,52.7491],[-6.1704,52.7504],[-6.177,52.7507],[-6.1788,52.7495],[-6.1828,52.7497],[-6.1836,52.7481],[-6.1743,52.748],[-6.1652,52.7452],[-6.1631,52.7435],[-6.1645,52.7426],[-6.1635,52.7406],[-6.156,52.738],[-6.1445,52.7377],[-6.1408,52.7355]]]}},{"type":"Feature","properties":{"d":"Wexford","c":"3000G","dv":"Wexford & Wicklow","st":"Wexford","hq":"Wexford","ad":"3 Roches Road, Wexford, Co. Wexford","ph":"9165200","ty":"District HQ","pop":48883,"km2":511.123},"geometry":{"type":"Polygon","coordinates":[[[-6.3136,52.2409],[-6.3233,52.2339],[-6.3239,52.2321],[-6.3229,52.23],[-6.3247,52.2287],[-6.3236,52.2288],[-6.3257,52.2249],[-6.3432,52.2131],[-6.3451,52.2071],[-6.3499,52.2033],[-6.3511,52.2003],[-6.3492,52.1978],[-6.3471,52.1987],[-6.3468,52.1961],[-6.3484,52.1925],[-6.345,52.1899],[-6.3513,52.1878],[-6.352,52.1859],[-6.3578,52.1836],[-6.3579,52.1775],[-6.3601,52.1745],[-6.3631,52.1732],[-6.3694,52.1756],[-6.3876,52.1775],[-6.3984,52.1827],[-6.4184,52.1875],[-6.4486,52.1903],[-6.4766,52.1911],[-6.492,52.1907],[-6.5138,52.1871],[-6.5394,52.1853],[-6.5619,52.1777],[-6.5735,52.1758],[-6.5781,52.1763],[-6.5866,52.174],[-6.578,52.1524],[-6.577,52.1411],[-6.5795,52.1333],[-6.5975,52.1172],[-6.613,52.1092],[-6.623,52.1067],[-6.6283,52.1075],[-6.6323,52.1098],[-6.6237,52.1245],[-6.6035,52.1515],[-6.5941,52.1687],[-6.5931,52.1718],[-6.596,52.1705],[-6.5936,52.1723],[-6.5957,52.1766],[-6.6137,52.1889],[-6.6554,52.2058],[-6.6808,52.2122],[-6.702,52.2153],[-6.715,52.2159],[-6.7058,52.2186],[-6.7022,52.2173],[-6.6854,52.2174],[-6.6741,52.214],[-6.662,52.214],[-6.6557,52.2127],[-6.6502,52.2135],[-6.6505,52.2174],[-6.6442,52.2215],[-6.648,52.2243],[-6.6421,52.2268],[-6.6463,52.2296],[-6.6493,52.2344],[-6.6517,52.2327],[-6.6524,52.2342],[-6.6486,52.2352],[-6.6444,52.2392],[-6.6395,52.2403],[-6.64,52.2446],[-6.6373,52.2456],[-6.6407,52.2477],[-6.6593,52.2513],[-6.6538,52.2555],[-6.6551,52.2584],[-6.6515,52.2596],[-6.6524,52.2609],[-6.6514,52.2614],[-6.6517,52.2635],[-6.6531,52.2646],[-6.6548,52.264],[-6.6552,52.2651],[-6.6493,52.2676],[-6.6483,52.2687],[-6.6496,52.2707],[-6.6424,52.2761],[-6.6426,52.2772],[-6.6498,52.2758],[-6.6449,52.2811],[-6.6498,52.2816],[-6.6502,52.283],[-6.655,52.2822],[-6.6557,52.2801],[-6.6624,52.2791],[-6.6667,52.2826],[-6.6705,52.2814],[-6.6803,52.2833],[-6.685,52.281],[-6.6919,52.2847],[-6.692,52.2857],[-6.6796,52.2878],[-6.681,52.2925],[-6.679,52.2926],[-6.6796,52.2956],[-6.6766,52.2978],[-6.6812,52.298],[-6.6815,52.3022],[-6.6999,52.2962],[-6.7024,52.2963],[-6.7026,52.2977],[-6.7049,52.2986],[-6.7106,52.2951],[-6.7158,52.2996],[-6.7247,52.3017],[-6.7289,52.3046],[-6.7237,52.3088],[-6.7227,52.3129],[-6.7185,52.3132],[-6.7137,52.3188],[-6.7079,52.3227],[-6.6969,52.3272],[-6.6862,52.3275],[-6.6857,52.3297],[-6.6825,52.3314],[-6.6828,52.3332],[-6.6852,52.3351],[-6.6827,52.3368],[-6.6839,52.3383],[-6.6924,52.3411],[-6.6868,52.3425],[-6.6826,52.3407],[-6.6812,52.3446],[-6.6831,52.3456],[-6.6833,52.3479],[-6.6802,52.3499],[-6.6808,52.3524],[-6.6795,52.3544],[-6.6742,52.3566],[-6.6667,52.3568],[-6.6553,52.3622],[-6.6531,52.3696],[-6.6545,52.3745],[-6.6685,52.3858],[-6.6657,52.3907],[-6.6547,52.3933],[-6.6531,52.3955],[-6.6624,52.3966],[-6.6706,52.3994],[-6.6767,52.4043],[-6.6766,52.4132],[-6.6711,52.4178],[-6.668,52.4221],[-6.6613,52.4215],[-6.6548,52.4182],[-6.6474,52.4181],[-6.629,52.4216],[-6.6244,52.416],[-6.6125,52.4235],[-6.6073,52.4237],[-6.6023,52.426],[-6.6041,52.4271],[-6.6054,52.433],[-6.6014,52.439],[-6.5628,52.4362],[-6.5634,52.4335],[-6.5681,52.43],[-6.5652,52.4242],[-6.5579,52.4197],[-6.5511,52.4129],[-6.5492,52.4089],[-6.5491,52.3977],[-6.5417,52.3989],[-6.5362,52.3961],[-6.5275,52.3951],[-6.5271,52.3937],[-6.5239,52.3929],[-6.5226,52.3904],[-6.52,52.3902],[-6.506,52.391],[-6.5082,52.3963],[-6.5054,52.3965],[-6.5072,52.3985],[-6.488,52.4012],[-6.4889,52.4026],[-6.4881,52.4053],[-6.4903,52.4073],[-6.4895,52.4079],[-6.4713,52.4018],[-6.4707,52.4046],[-6.4572,52.4104],[-6.4585,52.4147],[-6.4529,52.4239],[-6.4526,52.4297],[-6.4483,52.4317],[-6.4418,52.4319],[-6.4376,52.431],[-6.4267,52.4228],[-6.4223,52.4213],[-6.4229,52.419],[-6.4211,52.4179],[-6.4204,52.4152],[-6.4222,52.4113],[-6.4256,52.4086],[-6.4255,52.4053],[-6.4054,52.4056],[-6.408,52.4025],[-6.4062,52.3988],[-6.4022,52.3974],[-6.3923,52.4055],[-6.3894,52.4019],[-6.3883,52.3975],[-6.3849,52.3936],[-6.3807,52.3943],[-6.3677,52.3922],[-6.367,52.3937],[-6.3646,52.394],[-6.3647,52.3963],[-6.3573,52.4],[-6.3623,52.3873],[-6.3642,52.3733],[-6.3612,52.3555],[-6.3571,52.3457],[-6.3653,52.3433],[-6.3697,52.3435],[-6.3741,52.3457],[-6.3739,52.3485],[-6.3783,52.3529],[-6.3853,52.3555],[-6.4355,52.3561],[-6.4434,52.3536],[-6.4494,52.3467],[-6.4537,52.3438],[-6.4614,52.3416],[-6.4591,52.3375],[-6.4575,52.3378],[-6.4582,52.3392],[-6.4536,52.3337],[-6.4522,52.3344],[-6.4496,52.3333],[-6.4509,52.3318],[-6.4493,52.3322],[-6.4495,52.331],[-6.4474,52.3302],[-6.4455,52.326],[-6.4486,52.3186],[-6.4479,52.3165],[-6.4489,52.3163],[-6.4474,52.3159],[-6.4485,52.3132],[-6.4471,52.3123],[-6.4485,52.3118],[-6.4465,52.3113],[-6.4476,52.3096],[-6.447,52.3078],[-6.4306,52.307],[-6.4129,52.2995],[-6.4099,52.2962],[-6.4116,52.2963],[-6.4149,52.2991],[-6.4134,52.2973],[-6.4169,52.2926],[-6.4144,52.2924],[-6.4087,52.2889],[-6.4096,52.2884],[-6.4072,52.2882],[-6.3998,52.2883],[-6.3988,52.2955],[-6.3997,52.2959],[-6.3976,52.3],[-6.3977,52.3028],[-6.393,52.305],[-6.3919,52.2994],[-6.3934,52.2972],[-6.3931,52.2923],[-6.3904,52.2923],[-6.389,52.2811],[-6.3905,52.2807],[-6.389,52.2782],[-6.3898,52.2773],[-6.3731,52.2567],[-6.3637,52.2514],[-6.3485,52.2522],[-6.351,52.253],[-6.3412,52.2542],[-6.3388,52.2527],[-6.3369,52.2536],[-6.3388,52.2553],[-6.3367,52.2536],[-6.3347,52.2549],[-6.338,52.2572],[-6.3347,52.2555],[-6.3277,52.2469],[-6.3136,52.2409]]]}},{"type":"Feature","properties":{"d":"New Ross","c":"3170D","dv":"Wexford & Wicklow","st":"New Ross","hq":"Wexford","ad":"Marshmeadows, New Ross","ph":"426030","ty":"District HQ","pop":27506,"km2":596.619},"geometry":{"type":"Polygon","coordinates":[[[-6.6373,52.2456],[-6.64,52.2446],[-6.6395,52.2403],[-6.6444,52.2392],[-6.6486,52.2352],[-6.6524,52.2342],[-6.6517,52.2327],[-6.6493,52.2344],[-6.6463,52.2296],[-6.6421,52.2268],[-6.648,52.2243],[-6.6442,52.2215],[-6.6505,52.2174],[-6.6502,52.2135],[-6.6557,52.2127],[-6.662,52.214],[-6.6741,52.214],[-6.6854,52.2174],[-6.7022,52.2173],[-6.7058,52.2186],[-6.715,52.2159],[-6.73,52.2152],[-6.7406,52.2118],[-6.7446,52.2127],[-6.7332,52.2029],[-6.7305,52.1991],[-6.7317,52.1964],[-6.7364,52.1947],[-6.7445,52.1953],[-6.7662,52.2083],[-6.7707,52.2061],[-6.7807,52.2063],[-6.7854,52.2043],[-6.7966,52.2103],[-6.8043,52.2113],[-6.8054,52.2135],[-6.8084,52.2133],[-6.8216,52.2066],[-6.83,52.1968],[-6.8304,52.1935],[-6.8284,52.1908],[-6.8227,52.193],[-6.8197,52.1917],[-6.8282,52.1872],[-6.8318,52.1833],[-6.8322,52.1799],[-6.8295,52.1784],[-6.8302,52.1761],[-6.8244,52.1754],[-6.831,52.1721],[-6.8338,52.1729],[-6.8329,52.1742],[-6.8345,52.1751],[-6.8431,52.1749],[-6.8467,52.1731],[-6.8478,52.1706],[-6.8538,52.168],[-6.882,52.1617],[-6.8825,52.1587],[-6.8892,52.1552],[-6.8884,52.1543],[-6.8895,52.1538],[-6.8886,52.1524],[-6.8894,52.1514],[-6.8952,52.148],[-6.8994,52.148],[-6.9033,52.1462],[-6.902,52.1437],[-6.9056,52.1416],[-6.9054,52.1398],[-6.9106,52.1351],[-6.9097,52.1344],[-6.9108,52.134],[-6.908,52.1334],[-6.9085,52.1313],[-6.9153,52.1288],[-6.9184,52.1258],[-6.9245,52.1258],[-6.9246,52.1239],[-6.93,52.1233],[-6.9312,52.1241],[-6.9295,52.1262],[-6.9301,52.1302],[-6.9344,52.1304],[-6.9308,52.1351],[-6.9264,52.1394],[-6.9132,52.1466],[-6.9131,52.1503],[-6.9009,52.1555],[-6.8993,52.1583],[-6.9002,52.1699],[-6.8975,52.1743],[-6.9006,52.1765],[-6.9032,52.1817],[-6.9097,52.1862],[-6.9086,52.1869],[-6.9106,52.1876],[-6.913,52.1913],[-6.9025,52.1959],[-6.9044,52.1978],[-6.9033,52.1987],[-6.9035,52.2008],[-6.908,52.2023],[-6.9129,52.21],[-6.9179,52.2109],[-6.9205,52.2137],[-6.9215,52.2163],[-6.9201,52.2173],[-6.9203,52.2188],[-6.9381,52.2204],[-6.9367,52.2214],[-6.938,52.2222],[-6.9349,52.2227],[-6.9363,52.227],[-6.9421,52.231],[-6.9427,52.2339],[-6.9526,52.2404],[-6.9523,52.2422],[-6.9557,52.2429],[-6.9658,52.2405],[-6.9863,52.249],[-6.9904,52.2531],[-6.9916,52.2583],[-6.9905,52.2605],[-6.9835,52.266],[-6.9835,52.2695],[-6.9852,52.2724],[-6.9878,52.2744],[-7.0002,52.2757],[-7.0008,52.2784],[-7.0177,52.2959],[-7.0077,52.3044],[-7.0041,52.3129],[-7.0,52.3153],[-6.9888,52.3181],[-6.9857,52.3211],[-6.9863,52.3249],[-6.9933,52.3303],[-6.993,52.3396],[-6.9971,52.348],[-6.9938,52.355],[-6.994,52.3588],[-6.992,52.3636],[-6.988,52.3677],[-6.9858,52.3682],[-6.97,52.3673],[-6.9652,52.3684],[-6.964,52.3707],[-6.9655,52.3751],[-6.9645,52.38],[-6.9538,52.3903],[-6.9569,52.3919],[-6.9547,52.3988],[-6.9411,52.4028],[-6.9403,52.4095],[-6.9417,52.412],[-6.9566,52.416],[-6.9614,52.4193],[-6.9615,52.4216],[-6.9513,52.4257],[-6.9452,52.425],[-6.9404,52.4216],[-6.9313,52.4201],[-6.9255,52.4207],[-6.9253,52.4248],[-6.918,52.4265],[-6.9151,52.4299],[-6.9162,52.4317],[-6.9214,52.4341],[-6.9271,52.4411],[-6.9234,52.4513],[-6.925,52.456],[-6.915,52.4605],[-6.9145,52.4618],[-6.9173,52.4637],[-6.9163,52.4645],[-6.9028,52.4671],[-6.8931,52.4651],[-6.8891,52.4679],[-6.8837,52.4662],[-6.8838,52.4673],[-6.8775,52.4718],[-6.8708,52.473],[-6.8654,52.4761],[-6.8538,52.4979],[-6.8392,52.5091],[-6.8339,52.5149],[-6.8322,52.5196],[-6.8034,52.5142],[-6.7988,52.5091],[-6.7911,52.504],[-6.79,52.5009],[-6.7871,52.4985],[-6.7876,52.4977],[-6.7818,52.4953],[-6.7753,52.4892],[-6.7575,52.485],[-6.7594,52.4821],[-6.7586,52.4741],[-6.7648,52.4694],[-6.7705,52.4682],[-6.7679,52.4644],[-6.7689,52.4612],[-6.7743,52.4604],[-6.7756,52.4591],[-6.7791,52.4606],[-6.7814,52.4599],[-6.7916,52.4472],[-6.7885,52.4458],[-6.7915,52.4427],[-6.792,52.4393],[-6.7933,52.4393],[-6.7973,52.4334],[-6.8087,52.4282],[-6.8037,52.4244],[-6.7995,52.4256],[-6.7945,52.4246],[-6.7904,52.4194],[-6.7861,52.4185],[-6.7785,52.4197],[-6.7751,52.4217],[-6.7651,52.4221],[-6.7576,52.424],[-6.7466,52.4212],[-6.7254,52.4254],[-6.7196,52.4245],[-6.7142,52.4276],[-6.7098,52.427],[-6.7085,52.4292],[-6.7064,52.43],[-6.7023,52.4293],[-6.696,52.4257],[-6.6902,52.4247],[-6.6857,52.4272],[-6.6833,52.4304],[-6.6724,52.4321],[-6.6733,52.4299],[-6.6692,52.427],[-6.6678,52.4216],[-6.6766,52.4132],[-6.6767,52.4043],[-6.6706,52.3994],[-6.6624,52.3966],[-6.6531,52.3955],[-6.6547,52.3933],[-6.6657,52.3907],[-6.6685,52.3858],[-6.6545,52.3745],[-6.6531,52.3696],[-6.6553,52.3622],[-6.6667,52.3568],[-6.6742,52.3566],[-6.6795,52.3544],[-6.6808,52.3524],[-6.6802,52.3499],[-6.6833,52.3479],[-6.6831,52.3456],[-6.6812,52.3446],[-6.6826,52.3407],[-6.6868,52.3425],[-6.6924,52.3411],[-6.6839,52.3383],[-6.6827,52.3368],[-6.6852,52.3351],[-6.6828,52.3332],[-6.6825,52.3314],[-6.6857,52.3297],[-6.6862,52.3275],[-6.6969,52.3272],[-6.7079,52.3227],[-6.7137,52.3188],[-6.7185,52.3132],[-6.7227,52.3129],[-6.7237,52.3088],[-6.7289,52.3046],[-6.7247,52.3017],[-6.7158,52.2996],[-6.7106,52.2951],[-6.7049,52.2986],[-6.7026,52.2977],[-6.7024,52.2963],[-6.6999,52.2962],[-6.6815,52.3022],[-6.6812,52.298],[-6.6766,52.2978],[-6.6796,52.2956],[-6.679,52.2926],[-6.681,52.2925],[-6.6796,52.2878],[-6.692,52.2857],[-6.685,52.281],[-6.6803,52.2833],[-6.6705,52.2814],[-6.6667,52.2826],[-6.6624,52.2791],[-6.6557,52.2801],[-6.655,52.2822],[-6.6526,52.283],[-6.6449,52.2811],[-6.6498,52.2758],[-6.6444,52.2773],[-6.6426,52.2772],[-6.6424,52.2761],[-6.6488,52.2717],[-6.6496,52.2707],[-6.6483,52.2687],[-6.6493,52.2676],[-6.6552,52.2651],[-6.6548,52.264],[-6.6531,52.2646],[-6.6517,52.2635],[-6.6514,52.2614],[-6.6524,52.2609],[-6.6515,52.2596],[-6.6551,52.2584],[-6.6538,52.2555],[-6.6593,52.2513],[-6.6407,52.2477],[-6.6373,52.2456]]]}},{"type":"Feature","properties":{"d":"Thomastown","c":"3570L","dv":"Kilkenny/Carlow & Waterford","st":"Thomastown","hq":"Waterford","ad":"Low St, Thomastown","ph":"7754150","ty":"District HQ","pop":38383,"km2":1115.297},"geometry":{"type":"Polygon","coordinates":[[[-6.8436,52.5066],[-6.8538,52.4979],[-6.8632,52.4789],[-6.8678,52.4746],[-6.8775,52.4718],[-6.8838,52.4673],[-6.8837,52.4662],[-6.8891,52.4679],[-6.8931,52.4651],[-6.9028,52.4671],[-6.9163,52.4645],[-6.9173,52.4637],[-6.9145,52.4618],[-6.915,52.4605],[-6.925,52.456],[-6.9234,52.4513],[-6.9271,52.4411],[-6.9214,52.4341],[-6.9162,52.4317],[-6.9151,52.4299],[-6.918,52.4265],[-6.9253,52.4248],[-6.9255,52.4207],[-6.9313,52.4201],[-6.9404,52.4216],[-6.9452,52.425],[-6.9513,52.4257],[-6.9615,52.4216],[-6.9614,52.4193],[-6.9566,52.416],[-6.9417,52.412],[-6.9403,52.4095],[-6.9411,52.4028],[-6.9547,52.3988],[-6.9569,52.3919],[-6.9538,52.3903],[-6.9645,52.38],[-6.9655,52.3751],[-6.964,52.3707],[-6.9652,52.3684],[-6.97,52.3673],[-6.9858,52.3682],[-6.988,52.3677],[-6.992,52.3636],[-6.994,52.3588],[-6.9938,52.355],[-6.9971,52.348],[-6.993,52.3396],[-6.9933,52.3303],[-6.9863,52.3249],[-6.9857,52.3211],[-6.9888,52.3181],[-7.0,52.3153],[-7.0041,52.3129],[-7.0077,52.3044],[-7.0177,52.2959],[-7.0315,52.2966],[-7.0298,52.2935],[-7.0303,52.292],[-7.0376,52.2894],[-7.0434,52.29],[-7.0461,52.2886],[-7.0461,52.2914],[-7.0546,52.292],[-7.0928,52.2881],[-7.1122,52.2901],[-7.1391,52.2857],[-7.1505,52.279],[-7.156,52.2798],[-7.163,52.2779],[-7.1705,52.2736],[-7.1811,52.2646],[-7.1919,52.2574],[-7.1982,52.2502],[-7.2126,52.2431],[-7.2152,52.2429],[-7.2226,52.2441],[-7.2303,52.2484],[-7.2369,52.2594],[-7.24,52.2615],[-7.2588,52.2645],[-7.2642,52.2669],[-7.2669,52.2692],[-7.2763,52.2831],[-7.2832,52.2889],[-7.2839,52.2962],[-7.2851,52.2977],[-7.2983,52.3021],[-7.3005,52.3042],[-7.3001,52.3121],[-7.3027,52.3159],[-7.3107,52.3213],[-7.3179,52.3242],[-7.3239,52.3308],[-7.3553,52.3359],[-7.3574,52.3375],[-7.3568,52.3404],[-7.3587,52.3423],[-7.3723,52.3431],[-7.3737,52.3453],[-7.3721,52.3456],[-7.3742,52.3468],[-7.3729,52.3471],[-7.3757,52.3478],[-7.375,52.3489],[-7.3773,52.3494],[-7.3761,52.3503],[-7.3774,52.3513],[-7.3801,52.352],[-7.383,52.3549],[-7.3888,52.3565],[-7.3906,52.3596],[-7.3938,52.3604],[-7.395,52.3632],[-7.3971,52.3641],[-7.3964,52.3671],[-7.3938,52.3688],[-7.394,52.3723],[-7.3896,52.3778],[-7.3922,52.3805],[-7.3882,52.3837],[-7.3945,52.3948],[-7.3931,52.3985],[-7.3905,52.4],[-7.3891,52.4075],[-7.3855,52.4104],[-7.3855,52.4155],[-7.3832,52.4165],[-7.3824,52.4201],[-7.3848,52.4247],[-7.3885,52.4251],[-7.3908,52.4285],[-7.3999,52.4279],[-7.4035,52.4345],[-7.4084,52.4354],[-7.4097,52.438],[-7.4187,52.442],[-7.4229,52.4521],[-7.4294,52.4532],[-7.4306,52.4551],[-7.4325,52.455],[-7.4411,52.4596],[-7.4417,52.4622],[-7.4411,52.466],[-7.4191,52.4642],[-7.4179,52.4709],[-7.4163,52.4731],[-7.4133,52.4728],[-7.4104,52.4758],[-7.4031,52.4727],[-7.3896,52.4715],[-7.3839,52.4729],[-7.38,52.4724],[-7.3719,52.4748],[-7.3635,52.4743],[-7.3582,52.4781],[-7.3514,52.4779],[-7.3473,52.4795],[-7.3497,52.4896],[-7.3478,52.492],[-7.3383,52.4918],[-7.3347,52.4937],[-7.3299,52.4924],[-7.3314,52.5002],[-7.3204,52.502],[-7.3162,52.5049],[-7.3184,52.515],[-7.3163,52.5151],[-7.3136,52.5181],[-7.3156,52.5191],[-7.3158,52.5229],[-7.317,52.5238],[-7.3162,52.526],[-7.3124,52.5249],[-7.3086,52.5271],[-7.3089,52.5279],[-7.305,52.5283],[-7.3043,52.53],[-7.3071,52.5352],[-7.3057,52.5381],[-7.3184,52.5398],[-7.3128,52.5419],[-7.3161,52.5436],[-7.314,52.5476],[-7.3121,52.5478],[-7.3119,52.5512],[-7.3125,52.5543],[-7.3187,52.5623],[-7.3211,52.5627],[-7.3171,52.5665],[-7.2948,52.5658],[-7.2944,52.5646],[-7.2872,52.5663],[-7.2904,52.5722],[-7.2896,52.5753],[-7.2852,52.5765],[-7.2867,52.5772],[-7.2857,52.5777],[-7.2863,52.5789],[-7.271,52.5825],[-7.2668,52.5896],[-7.263,52.5934],[-7.2613,52.6004],[-7.2634,52.6059],[-7.2661,52.6093],[-7.2488,52.6103],[-7.2466,52.611],[-7.2455,52.6131],[-7.2408,52.6146],[-7.2325,52.6113],[-7.2256,52.6147],[-7.2214,52.6124],[-7.2183,52.6134],[-7.212,52.6167],[-7.2164,52.6217],[-7.2211,52.6238],[-7.2068,52.6291],[-7.1977,52.6309],[-7.1997,52.6358],[-7.1941,52.6367],[-7.1941,52.6377],[-7.1811,52.639],[-7.1805,52.64],[-7.1752,52.6389],[-7.1706,52.6403],[-7.1674,52.6386],[-7.1586,52.6384],[-7.1606,52.6326],[-7.1591,52.6293],[-7.1443,52.6321],[-7.1432,52.6344],[-7.1331,52.6385],[-7.1265,52.6361],[-7.1228,52.6364],[-7.1196,52.6371],[-7.1197,52.6384],[-7.1137,52.6409],[-7.1088,52.6362],[-7.1079,52.6369],[-7.1085,52.6407],[-7.1031,52.6433],[-7.1018,52.6447],[-7.1028,52.6457],[-7.0998,52.6456],[-7.0893,52.6496],[-7.0841,52.6445],[-7.0704,52.6496],[-7.0652,52.6499],[-7.0643,52.6512],[-7.0684,52.6513],[-7.074,52.6548],[-7.0732,52.6553],[-7.0744,52.6573],[-7.0718,52.6561],[-7.0707,52.6572],[-7.075,52.6598],[-7.0763,52.6636],[-7.0846,52.6639],[-7.0878,52.6658],[-7.0886,52.6685],[-7.0923,52.6716],[-7.0963,52.6729],[-7.1001,52.6724],[-7.1026,52.6748],[-7.1015,52.6801],[-7.1077,52.6813],[-7.1078,52.6838],[-7.1046,52.6864],[-7.1018,52.6873],[-7.0972,52.685],[-7.0881,52.6887],[-7.0901,52.6898],[-7.0894,52.6914],[-7.0917,52.6936],[-7.0994,52.6968],[-7.1038,52.7043],[-7.1081,52.709],[-7.1123,52.7114],[-7.1142,52.7155],[-7.1122,52.7177],[-7.1107,52.7225],[-7.1075,52.7252],[-7.0802,52.7265],[-7.0658,52.7082],[-7.0567,52.7104],[-7.0525,52.703],[-7.0503,52.7048],[-7.0505,52.7082],[-7.0493,52.7105],[-7.0418,52.7153],[-7.0363,52.71],[-7.0286,52.7083],[-7.0254,52.7057],[-7.0173,52.704],[-7.0118,52.6976],[-7.004,52.6933],[-7.0065,52.6912],[-6.9998,52.6886],[-7.0056,52.6848],[-6.9957,52.6811],[-6.9977,52.6791],[-6.9919,52.676],[-6.993,52.6737],[-6.9872,52.6727],[-6.9875,52.6709],[-6.9799,52.669],[-6.9863,52.6635],[-6.9878,52.6602],[-6.9873,52.6475],[-6.9854,52.6427],[-6.9897,52.6384],[-6.9915,52.6335],[-6.9887,52.6294],[-6.9809,52.6268],[-6.9801,52.6254],[-6.9811,52.6231],[-6.9847,52.6211],[-6.9853,52.6188],[-6.9803,52.6144],[-6.9731,52.6114],[-6.97,52.6039],[-6.9505,52.6002],[-6.9432,52.5953],[-6.9394,52.5909],[-6.9259,52.587],[-6.9191,52.5766],[-6.9224,52.5696],[-6.9146,52.5623],[-6.9191,52.5584],[-6.9248,52.5576],[-6.9311,52.5542],[-6.9333,52.5516],[-6.9246,52.5508],[-6.9233,52.5475],[-6.9196,52.5461],[-6.9064,52.5445],[-6.9056,52.5406],[-6.9077,52.5365],[-6.9058,52.53],[-6.9112,52.5251],[-6.9061,52.5239],[-6.9064,52.5214],[-6.8993,52.5171],[-6.8906,52.516],[-6.8895,52.5124],[-6.8874,52.5108],[-6.8775,52.5126],[-6.8723,52.5164],[-6.8705,52.5155],[-6.8701,52.5125],[-6.8546,52.5105],[-6.8436,52.5066]]]}},{"type":"Feature","properties":{"d":"Waterford","c":"3300F","dv":"Kilkenny/Carlow & Waterford","st":"Waterford","hq":"Waterford","ad":"Ballybricken, Waterford City, Co. Waterford","ph":"305300","ty":"Division HQ","pop":61635,"km2":172.229},"geometry":{"type":"Polygon","coordinates":[[[-6.9501,52.1797],[-6.952,52.1772],[-6.9622,52.1759],[-6.9719,52.1721],[-6.9728,52.1695],[-6.9746,52.1691],[-6.9746,52.1639],[-6.9767,52.1619],[-6.9834,52.1596],[-6.9874,52.155],[-6.9895,52.1546],[-6.9914,52.1559],[-6.9945,52.155],[-6.9929,52.1536],[-6.9937,52.1525],[-6.9918,52.1521],[-6.9939,52.1503],[-6.993,52.1498],[-6.9937,52.1491],[-6.9914,52.1495],[-6.9923,52.1471],[-6.9904,52.1474],[-6.99,52.1497],[-6.989,52.1488],[-6.9902,52.1465],[-6.9892,52.1462],[-6.9995,52.1409],[-7.0032,52.141],[-7.0064,52.1391],[-7.0135,52.1381],[-7.0165,52.1397],[-7.0161,52.1375],[-7.0203,52.1345],[-7.022,52.1348],[-7.0238,52.1332],[-7.026,52.1334],[-7.0271,52.1348],[-7.0335,52.1326],[-7.0353,52.1329],[-7.0343,52.1344],[-7.0397,52.1353],[-7.0411,52.1376],[-7.0431,52.1359],[-7.0454,52.1375],[-7.0497,52.1381],[-7.0495,52.1389],[-7.0547,52.1378],[-7.056,52.1397],[-7.0569,52.1394],[-7.0557,52.1375],[-7.0571,52.1371],[-7.064,52.1369],[-7.0743,52.1342],[-7.0789,52.1351],[-7.0818,52.1338],[-7.0812,52.1348],[-7.0821,52.135],[-7.0876,52.1325],[-7.0879,52.1311],[-7.0938,52.1298],[-7.097,52.1273],[-7.097,52.1281],[-7.0988,52.1273],[-7.0985,52.129],[-7.103,52.1292],[-7.1039,52.1278],[-7.1079,52.1276],[-7.1087,52.1285],[-7.1062,52.131],[-7.1058,52.1333],[-7.1072,52.1331],[-7.108,52.1338],[-7.092,52.143],[-7.0934,52.1467],[-7.0793,52.1559],[-7.0769,52.1588],[-7.0778,52.1615],[-7.0699,52.1702],[-7.0705,52.1716],[-7.0732,52.1725],[-7.0736,52.1783],[-7.0769,52.185],[-7.0765,52.1922],[-7.0776,52.1968],[-7.0816,52.2035],[-7.0875,52.2091],[-7.095,52.2063],[-7.1056,52.2068],[-7.1092,52.206],[-7.1104,52.2043],[-7.1177,52.2046],[-7.1201,52.2064],[-7.1172,52.208],[-7.1182,52.2111],[-7.1221,52.2127],[-7.1193,52.2129],[-7.1249,52.2151],[-7.1269,52.2192],[-7.1315,52.2181],[-7.1405,52.2183],[-7.1449,52.222],[-7.1508,52.2196],[-7.1617,52.2208],[-7.1658,52.2194],[-7.1705,52.2195],[-7.1753,52.2217],[-7.1769,52.226],[-7.185,52.2239],[-7.1888,52.2282],[-7.1868,52.2295],[-7.1901,52.2319],[-7.1846,52.2345],[-7.1902,52.2367],[-7.1904,52.2416],[-7.1916,52.2431],[-7.2018,52.2481],[-7.1982,52.2502],[-7.1919,52.2574],[-7.1811,52.2646],[-7.1705,52.2736],[-7.1593,52.2794],[-7.1527,52.2798],[-7.1499,52.2786],[-7.1505,52.279],[-7.1445,52.2832],[-7.1391,52.2857],[-7.1122,52.2901],[-7.0928,52.2881],[-7.0546,52.292],[-7.0461,52.2914],[-7.0461,52.2886],[-7.0434,52.29],[-7.0376,52.2894],[-7.0303,52.292],[-7.0298,52.2935],[-7.0315,52.2966],[-7.0177,52.2959],[-7.0008,52.2784],[-7.0002,52.2757],[-6.9878,52.2744],[-6.9852,52.2724],[-6.9835,52.2695],[-6.9835,52.266],[-6.9905,52.2605],[-6.9916,52.2557],[-6.9904,52.2531],[-6.9863,52.249],[-6.9658,52.2405],[-6.9701,52.2393],[-6.9714,52.2372],[-6.9687,52.2266],[-6.9766,52.2135],[-6.9741,52.2099],[-6.9712,52.2088],[-6.9711,52.2071],[-6.9761,52.2034],[-6.9805,52.1979],[-6.9834,52.1893],[-6.9829,52.1872],[-6.9819,52.186],[-6.9729,52.1846],[-6.9749,52.183],[-6.9746,52.1817],[-6.9698,52.1775],[-6.9536,52.1802],[-6.9501,52.1797]]]}},{"type":"Feature","properties":{"d":"Tramore","c":"3400B","dv":"Kilkenny/Carlow & Waterford","st":"Tramore","hq":"Waterford","ad":"Off Market Street, Tramore, Co. Waterford","ph":"391620","ty":"District HQ","pop":27976,"km2":669.277},"geometry":{"type":"Polygon","coordinates":[[[-7.0699,52.1702],[-7.0778,52.1615],[-7.0769,52.1588],[-7.0793,52.1559],[-7.0898,52.1483],[-7.0904,52.1495],[-7.0956,52.149],[-7.1031,52.1503],[-7.1323,52.158],[-7.1509,52.1593],[-7.1537,52.1562],[-7.1569,52.1559],[-7.1593,52.1535],[-7.1579,52.1532],[-7.1619,52.1508],[-7.1634,52.149],[-7.1631,52.146],[-7.1658,52.1442],[-7.165,52.1433],[-7.1664,52.1433],[-7.1659,52.1424],[-7.1682,52.14],[-7.1703,52.1394],[-7.1706,52.1365],[-7.1752,52.1382],[-7.1779,52.1374],[-7.1783,52.136],[-7.1794,52.1365],[-7.1805,52.1343],[-7.1823,52.1353],[-7.1855,52.1334],[-7.1862,52.1346],[-7.1893,52.1335],[-7.1896,52.1355],[-7.1911,52.1358],[-7.1923,52.1346],[-7.195,52.1351],[-7.1955,52.1338],[-7.197,52.135],[-7.2009,52.1338],[-7.2009,52.135],[-7.2075,52.1362],[-7.2091,52.1346],[-7.2123,52.1351],[-7.218,52.1327],[-7.2126,52.1303],[-7.2138,52.1288],[-7.219,52.1276],[-7.2381,52.1281],[-7.2389,52.1293],[-7.2378,52.1307],[-7.2324,52.1341],[-7.2417,52.1343],[-7.2445,52.1325],[-7.246,52.1349],[-7.2598,52.1368],[-7.2743,52.1364],[-7.2743,52.1401],[-7.2785,52.1388],[-7.292,52.1411],[-7.3001,52.1401],[-7.3035,52.1387],[-7.3039,52.1377],[-7.3027,52.1376],[-7.304,52.1372],[-7.3022,52.1367],[-7.3053,52.1355],[-7.3044,52.1342],[-7.3076,52.1326],[-7.3088,52.1333],[-7.3074,52.1341],[-7.3086,52.1341],[-7.3088,52.136],[-7.3128,52.1359],[-7.3146,52.1375],[-7.3182,52.1367],[-7.3197,52.1375],[-7.3185,52.1387],[-7.3196,52.1394],[-7.3223,52.1388],[-7.3215,52.1375],[-7.3233,52.1372],[-7.3237,52.1355],[-7.3288,52.1376],[-7.3331,52.1363],[-7.3404,52.1383],[-7.3613,52.1373],[-7.361,52.1389],[-7.3679,52.1388],[-7.3715,52.1379],[-7.3744,52.1339],[-7.3772,52.1343],[-7.3822,52.1324],[-7.3821,52.1303],[-7.3851,52.1311],[-7.3862,52.1299],[-7.3909,52.1291],[-7.3927,52.1301],[-7.3934,52.1277],[-7.3954,52.1297],[-7.3964,52.1284],[-7.3968,52.1295],[-7.399,52.1288],[-7.4011,52.1315],[-7.4047,52.1318],[-7.4079,52.13],[-7.4158,52.1303],[-7.4187,52.1287],[-7.4195,52.1301],[-7.4225,52.1287],[-7.4241,52.1305],[-7.4258,52.1305],[-7.4351,52.1271],[-7.4431,52.1272],[-7.4476,52.1228],[-7.4532,52.1223],[-7.4586,52.1196],[-7.4596,52.1199],[-7.459,52.1247],[-7.4602,52.1253],[-7.4627,52.1217],[-7.4626,52.1199],[-7.4687,52.1176],[-7.4674,52.1159],[-7.4681,52.1147],[-7.4712,52.1141],[-7.4724,52.112],[-7.477,52.1109],[-7.4804,52.1123],[-7.4819,52.1099],[-7.4843,52.1095],[-7.4855,52.1068],[-7.4882,52.1077],[-7.492,52.1066],[-7.4915,52.1041],[-7.4933,52.1042],[-7.4935,52.103],[-7.4959,52.1045],[-7.4988,52.1026],[-7.5031,52.1045],[-7.504,52.1033],[-7.5106,52.106],[-7.5111,52.1077],[-7.5095,52.11],[-7.511,52.1122],[-7.5072,52.1138],[-7.5076,52.1157],[-7.5137,52.1181],[-7.5206,52.1188],[-7.5244,52.1209],[-7.525,52.1226],[-7.5305,52.1239],[-7.5331,52.1265],[-7.5417,52.1268],[-7.5418,52.128],[-7.5502,52.1292],[-7.5586,52.1338],[-7.5598,52.1366],[-7.579,52.1385],[-7.5873,52.1497],[-7.5896,52.154],[-7.5894,52.1575],[-7.5912,52.1599],[-7.6017,52.1593],[-7.6089,52.1654],[-7.6164,52.1687],[-7.6198,52.1723],[-7.6234,52.1739],[-7.6263,52.1741],[-7.6342,52.1714],[-7.6434,52.1728],[-7.6497,52.1765],[-7.642,52.1839],[-7.6362,52.185],[-7.6412,52.1852],[-7.6445,52.1885],[-7.6482,52.1882],[-7.647,52.1895],[-7.6475,52.1928],[-7.6413,52.1941],[-7.6475,52.1952],[-7.6506,52.1977],[-7.6514,52.2004],[-7.6504,52.2019],[-7.6545,52.2043],[-7.6558,52.2035],[-7.6561,52.2048],[-7.6493,52.2098],[-7.6488,52.2132],[-7.6474,52.2134],[-7.6453,52.217],[-7.6358,52.2193],[-7.6242,52.2199],[-7.6132,52.2228],[-7.6009,52.2226],[-7.5988,52.2249],[-7.5937,52.226],[-7.5748,52.2347],[-7.5685,52.2395],[-7.5591,52.2442],[-7.5459,52.249],[-7.5512,52.2592],[-7.5511,52.2636],[-7.5544,52.2682],[-7.5587,52.2722],[-7.5745,52.2797],[-7.5818,52.2887],[-7.5824,52.2924],[-7.5919,52.2978],[-7.5946,52.3031],[-7.6052,52.3025],[-7.61,52.2999],[-7.6163,52.3086],[-7.6257,52.3109],[-7.6277,52.3217],[-7.6363,52.3194],[-7.64,52.3216],[-7.6423,52.3245],[-7.6421,52.3273],[-7.6477,52.333],[-7.6442,52.3344],[-7.6416,52.3395],[-7.6328,52.3387],[-7.6275,52.3402],[-7.6367,52.3474],[-7.6352,52.3528],[-7.6359,52.3558],[-7.6347,52.3568],[-7.6362,52.3587],[-7.6282,52.3587],[-7.6215,52.3623],[-7.6085,52.3621],[-7.5971,52.3639],[-7.5703,52.3582],[-7.5645,52.3581],[-7.5624,52.3605],[-7.5563,52.3615],[-7.5499,52.3614],[-7.5438,52.3597],[-7.5304,52.3603],[-7.5154,52.3588],[-7.5092,52.3555],[-7.4829,52.3512],[-7.4462,52.3496],[-7.4378,52.3478],[-7.4378,52.3412],[-7.4356,52.3393],[-7.4375,52.3372],[-7.4311,52.3363],[-7.4314,52.3333],[-7.4288,52.3331],[-7.4291,52.3304],[-7.4046,52.3315],[-7.4009,52.3335],[-7.399,52.3363],[-7.374,52.3336],[-7.3737,52.3346],[-7.3788,52.3363],[-7.3748,52.3373],[-7.3744,52.3385],[-7.3759,52.341],[-7.3743,52.3406],[-7.3721,52.3419],[-7.3723,52.3431],[-7.3587,52.3423],[-7.3568,52.3404],[-7.3574,52.3375],[-7.3553,52.3359],[-7.3239,52.3308],[-7.3179,52.3242],[-7.3107,52.3213],[-7.3027,52.3159],[-7.3001,52.3121],[-7.3005,52.3042],[-7.2948,52.3006],[-7.2851,52.2977],[-7.2839,52.2962],[-7.2832,52.2889],[-7.2763,52.2831],[-7.2669,52.2692],[-7.2642,52.2669],[-7.2588,52.2645],[-7.24,52.2615],[-7.2369,52.2594],[-7.2303,52.2484],[-7.2226,52.2441],[-7.2126,52.2431],[-7.2018,52.2481],[-7.1929,52.2441],[-7.1904,52.2416],[-7.1902,52.2367],[-7.1846,52.2345],[-7.1901,52.2319],[-7.1868,52.2295],[-7.1888,52.2282],[-7.185,52.2239],[-7.1769,52.226],[-7.1753,52.2217],[-7.1705,52.2195],[-7.1658,52.2194],[-7.1617,52.2208],[-7.1508,52.2196],[-7.1449,52.222],[-7.1405,52.2183],[-7.1315,52.2181],[-7.1269,52.2192],[-7.1249,52.2151],[-7.1193,52.2129],[-7.1221,52.2127],[-7.1182,52.2111],[-7.1172,52.208],[-7.1201,52.2064],[-7.1177,52.2046],[-7.1104,52.2043],[-7.1092,52.206],[-7.1056,52.2068],[-7.095,52.2063],[-7.0875,52.2091],[-7.0816,52.2035],[-7.0776,52.1968],[-7.0765,52.1922],[-7.0769,52.185],[-7.0736,52.1783],[-7.0732,52.1725],[-7.0705,52.1716],[-7.0699,52.1702]]]}},{"type":"Feature","properties":{"d":"Kilkenny","c":"3500K","dv":"Kilkenny/Carlow & Waterford","st":"Kilkenny","hq":"Waterford","ad":"Dominic Street, Kilkenny","ph":"7775000","ty":"District HQ","pop":55321,"km2":955.219},"geometry":{"type":"Polygon","coordinates":[[[-7.0599,52.7936],[-7.0658,52.7888],[-7.0676,52.7852],[-7.0755,52.7838],[-7.0799,52.7818],[-7.0824,52.7791],[-7.0907,52.7762],[-7.0859,52.7752],[-7.0815,52.7699],[-7.0838,52.7617],[-7.0833,52.7571],[-7.1017,52.7486],[-7.1023,52.7464],[-7.0988,52.7393],[-7.092,52.7377],[-7.09,52.734],[-7.0945,52.7315],[-7.0999,52.7324],[-7.1048,52.7314],[-7.1075,52.7252],[-7.1107,52.7225],[-7.1122,52.7177],[-7.1142,52.7155],[-7.1123,52.7114],[-7.1081,52.709],[-7.1038,52.7043],[-7.0994,52.6968],[-7.0917,52.6936],[-7.0894,52.6914],[-7.0901,52.6898],[-7.0881,52.6887],[-7.0972,52.685],[-7.1018,52.6873],[-7.1046,52.6864],[-7.1078,52.6838],[-7.1077,52.6813],[-7.1015,52.6801],[-7.1026,52.6748],[-7.1001,52.6724],[-7.0963,52.6729],[-7.0923,52.6716],[-7.0886,52.6685],[-7.0878,52.6658],[-7.0846,52.6639],[-7.0763,52.6636],[-7.075,52.6598],[-7.0707,52.6572],[-7.0718,52.6561],[-7.0744,52.6573],[-7.0732,52.6553],[-7.074,52.6548],[-7.0684,52.6513],[-7.0643,52.6512],[-7.0652,52.6499],[-7.0704,52.6496],[-7.0841,52.6445],[-7.0893,52.6496],[-7.0998,52.6456],[-7.1028,52.6457],[-7.1018,52.6447],[-7.1031,52.6433],[-7.1085,52.6407],[-7.1079,52.6369],[-7.1088,52.6362],[-7.1137,52.6409],[-7.1197,52.6384],[-7.1196,52.6371],[-7.1228,52.6364],[-7.1265,52.6361],[-7.1331,52.6385],[-7.1432,52.6344],[-7.1443,52.6321],[-7.1591,52.6293],[-7.1606,52.6326],[-7.1586,52.6384],[-7.1674,52.6386],[-7.1706,52.6403],[-7.1752,52.6389],[-7.1805,52.64],[-7.1811,52.639],[-7.1941,52.6377],[-7.1941,52.6367],[-7.1997,52.6358],[-7.1977,52.6309],[-7.2068,52.6291],[-7.2211,52.6238],[-7.2164,52.6217],[-7.212,52.6167],[-7.2183,52.6134],[-7.2214,52.6124],[-7.2256,52.6147],[-7.2325,52.6113],[-7.2408,52.6146],[-7.2455,52.6131],[-7.2466,52.611],[-7.2488,52.6103],[-7.2661,52.6093],[-7.2634,52.6059],[-7.2613,52.6004],[-7.263,52.5934],[-7.2668,52.5896],[-7.271,52.5825],[-7.2863,52.5789],[-7.2857,52.5777],[-7.2867,52.5772],[-7.2852,52.5765],[-7.2896,52.5753],[-7.2904,52.5722],[-7.2872,52.5663],[-7.2944,52.5646],[-7.2948,52.5658],[-7.3171,52.5665],[-7.3211,52.5627],[-7.3187,52.5623],[-7.3125,52.5543],[-7.3119,52.5512],[-7.3121,52.5478],[-7.314,52.5476],[-7.3161,52.5436],[-7.3128,52.5419],[-7.3184,52.5398],[-7.3057,52.5381],[-7.3071,52.5352],[-7.3043,52.53],[-7.305,52.5283],[-7.3089,52.5279],[-7.3086,52.5271],[-7.3124,52.5249],[-7.3162,52.526],[-7.317,52.5238],[-7.3158,52.5229],[-7.3156,52.5191],[-7.3136,52.5181],[-7.3163,52.5151],[-7.3184,52.515],[-7.3162,52.5049],[-7.3204,52.502],[-7.3314,52.5002],[-7.3299,52.4924],[-7.3347,52.4937],[-7.3383,52.4918],[-7.3429,52.4925],[-7.3492,52.491],[-7.347,52.4808],[-7.3489,52.4784],[-7.3582,52.4781],[-7.3635,52.4743],[-7.3719,52.4748],[-7.38,52.4724],[-7.3839,52.4729],[-7.3896,52.4715],[-7.4031,52.4727],[-7.4104,52.4758],[-7.4133,52.4728],[-7.4163,52.4731],[-7.4179,52.4709],[-7.4191,52.4642],[-7.4476,52.4666],[-7.461,52.4659],[-7.4628,52.4693],[-7.4679,52.4723],[-7.46,52.4762],[-7.4585,52.4803],[-7.4595,52.4823],[-7.4569,52.4826],[-7.4439,52.4913],[-7.432,52.4952],[-7.4326,52.4959],[-7.4303,52.4976],[-7.4295,52.5031],[-7.4252,52.5045],[-7.4201,52.5109],[-7.4324,52.5186],[-7.4434,52.5104],[-7.4484,52.5092],[-7.4532,52.5107],[-7.4534,52.512],[-7.4514,52.5132],[-7.4517,52.5159],[-7.4503,52.5164],[-7.4541,52.5215],[-7.4588,52.5214],[-7.4573,52.5233],[-7.4571,52.5295],[-7.4586,52.5357],[-7.4565,52.5398],[-7.4563,52.5434],[-7.4528,52.5455],[-7.4544,52.5469],[-7.4544,52.5497],[-7.4515,52.5542],[-7.4527,52.5576],[-7.4592,52.5579],[-7.4594,52.56],[-7.4556,52.5635],[-7.4576,52.5673],[-7.4551,52.5702],[-7.4553,52.574],[-7.4585,52.5741],[-7.4528,52.5787],[-7.4514,52.5819],[-7.4756,52.5907],[-7.4757,52.5925],[-7.4799,52.596],[-7.4788,52.5973],[-7.4811,52.6039],[-7.4784,52.6055],[-7.479,52.6065],[-7.4763,52.6074],[-7.4747,52.6111],[-7.4761,52.6123],[-7.4746,52.6147],[-7.4763,52.6149],[-7.4753,52.616],[-7.4762,52.6173],[-7.478,52.6174],[-7.4782,52.6197],[-7.4822,52.6208],[-7.4831,52.6231],[-7.4883,52.6251],[-7.4899,52.6279],[-7.4997,52.6333],[-7.4993,52.6342],[-7.5023,52.6354],[-7.5037,52.6384],[-7.5108,52.6425],[-7.5123,52.647],[-7.5212,52.6547],[-7.519,52.6591],[-7.52,52.6621],[-7.5267,52.6686],[-7.5275,52.6728],[-7.5315,52.6738],[-7.5356,52.6791],[-7.5386,52.6803],[-7.5336,52.6832],[-7.5362,52.6891],[-7.5417,52.6933],[-7.547,52.6948],[-7.5477,52.7004],[-7.5535,52.7027],[-7.5606,52.7028],[-7.561,52.7057],[-7.5697,52.7085],[-7.5767,52.7125],[-7.5809,52.7113],[-7.5871,52.7132],[-7.5929,52.7162],[-7.5946,52.7203],[-7.6035,52.7196],[-7.6087,52.721],[-7.6111,52.7244],[-7.6147,52.7254],[-7.6262,52.7337],[-7.6478,52.7321],[-7.648,52.7335],[-7.6462,52.7351],[-7.6541,52.7467],[-7.6699,52.7557],[-7.6697,52.7592],[-7.6674,52.7609],[-7.6713,52.7775],[-7.6741,52.7813],[-7.6626,52.784],[-7.6542,52.7875],[-7.6529,52.7893],[-7.6475,52.79],[-7.6357,52.7877],[-7.6256,52.7899],[-7.6121,52.79],[-7.612,52.792],[-7.6145,52.7927],[-7.6132,52.7967],[-7.6145,52.8009],[-7.6131,52.8017],[-7.6165,52.8038],[-7.6168,52.8094],[-7.6128,52.8106],[-7.6089,52.8072],[-7.6065,52.8109],[-7.6017,52.813],[-7.5995,52.8146],[-7.6002,52.8155],[-7.595,52.8165],[-7.5841,52.8219],[-7.5824,52.8234],[-7.5821,52.8262],[-7.5786,52.8287],[-7.5737,52.8256],[-7.5732,52.8233],[-7.5663,52.8219],[-7.5655,52.8192],[-7.5616,52.8188],[-7.5617,52.8172],[-7.5596,52.817],[-7.5603,52.8153],[-7.5567,52.8144],[-7.5595,52.8087],[-7.5512,52.8064],[-7.5474,52.8082],[-7.5351,52.8032],[-7.5341,52.8064],[-7.5351,52.81],[-7.534,52.8114],[-7.5292,52.8113],[-7.5237,52.8081],[-7.516,52.8066],[-7.5193,52.802],[-7.5168,52.8007],[-7.5077,52.8001],[-7.5009,52.8022],[-7.4951,52.8011],[-7.4961,52.7992],[-7.4895,52.7976],[-7.4863,52.792],[-7.476,52.7856],[-7.4519,52.7877],[-7.4493,52.787],[-7.4467,52.7954],[-7.4391,52.7963],[-7.4308,52.8023],[-7.4259,52.804],[-7.4216,52.8013],[-7.4038,52.7983],[-7.399,52.7957],[-7.391,52.8043],[-7.3907,52.8062],[-7.3927,52.8081],[-7.3902,52.8115],[-7.3903,52.816],[-7.3887,52.82],[-7.3859,52.82],[-7.3831,52.8227],[-7.3809,52.8215],[-7.3782,52.8236],[-7.3767,52.8288],[-7.3704,52.8318],[-7.3642,52.8305],[-7.3613,52.8284],[-7.3599,52.8238],[-7.3616,52.8196],[-7.3601,52.8139],[-7.3551,52.8124],[-7.3496,52.813],[-7.3475,52.8117],[-7.3483,52.8128],[-7.3468,52.8131],[-7.3485,52.8139],[-7.3498,52.8168],[-7.3485,52.8197],[-7.35,52.8212],[-7.348,52.822],[-7.3462,52.8262],[-7.3471,52.8275],[-7.3445,52.8296],[-7.3456,52.8333],[-7.3427,52.8349],[-7.3448,52.8377],[-7.3438,52.8382],[-7.3453,52.839],[-7.3434,52.8393],[-7.3429,52.8415],[-7.3397,52.8431],[-7.3402,52.8439],[-7.3374,52.8441],[-7.3353,52.8487],[-7.3296,52.8517],[-7.3265,52.8581],[-7.3271,52.8602],[-7.3243,52.8623],[-7.3197,52.8616],[-7.3119,52.866],[-7.3086,52.8663],[-7.3019,52.8617],[-7.2991,52.8636],[-7.2773,52.8542],[-7.2595,52.8491],[-7.2466,52.8622],[-7.2433,52.8628],[-7.2442,52.8662],[-7.2429,52.8697],[-7.2454,52.8725],[-7.2474,52.8783],[-7.2204,52.8771],[-7.2123,52.8818],[-7.2119,52.8847],[-7.2068,52.887],[-7.2044,52.8907],[-7.1964,52.8939],[-7.1894,52.894],[-7.1841,52.8914],[-7.1846,52.8904],[-7.1799,52.8896],[-7.1755,52.8835],[-7.1689,52.8839],[-7.1632,52.8822],[-7.1643,52.8784],[-7.1596,52.8708],[-7.1532,52.8759],[-7.149,52.8765],[-7.1475,52.8728],[-7.1413,52.87],[-7.1386,52.8667],[-7.1405,52.8616],[-7.1387,52.856],[-7.141,52.8534],[-7.142,52.8497],[-7.1408,52.8493],[-7.1413,52.8479],[-7.1362,52.847],[-7.131,52.8418],[-7.1286,52.8411],[-7.1289,52.8381],[-7.1223,52.8309],[-7.1226,52.8289],[-7.1199,52.8239],[-7.0988,52.8269],[-7.0909,52.8218],[-7.0933,52.8209],[-7.0891,52.8174],[-7.0824,52.8158],[-7.0767,52.8161],[-7.0703,52.8128],[-7.0693,52.8081],[-7.0629,52.7997],[-7.0599,52.7936]]]}},{"type":"Feature","properties":{"d":"Thurles","c":"3600E","dv":"Clare & Tipperary","st":"Thurles","hq":"Ennis","ad":"Slievenamon Road, Thurles, Co. Tipperary","ph":"25100","ty":"District HQ","pop":35244,"km2":1098.327},"geometry":{"type":"Polygon","coordinates":[[[-7.4515,52.5542],[-7.4532,52.552],[-7.4627,52.5542],[-7.4749,52.5544],[-7.497,52.5491],[-7.5035,52.5488],[-7.503,52.5461],[-7.512,52.5479],[-7.5177,52.5475],[-7.5222,52.5498],[-7.5276,52.5507],[-7.5265,52.5523],[-7.5321,52.5531],[-7.5323,52.5517],[-7.528,52.5509],[-7.5326,52.5448],[-7.536,52.5449],[-7.5388,52.538],[-7.5325,52.5349],[-7.5289,52.5346],[-7.5267,52.5319],[-7.5259,52.5303],[-7.5278,52.5229],[-7.5383,52.5196],[-7.5419,52.5228],[-7.5584,52.5253],[-7.563,52.5248],[-7.5678,52.5281],[-7.5688,52.5281],[-7.5689,52.5251],[-7.5797,52.5312],[-7.5827,52.5311],[-7.5826,52.5334],[-7.5841,52.5346],[-7.5939,52.5364],[-7.5997,52.5357],[-7.6022,52.5323],[-7.6012,52.5282],[-7.6064,52.5275],[-7.6118,52.5238],[-7.614,52.5244],[-7.6126,52.5199],[-7.6141,52.5188],[-7.6138,52.514],[-7.6151,52.5124],[-7.6276,52.5161],[-7.6263,52.5184],[-7.6288,52.5181],[-7.6309,52.52],[-7.6298,52.5207],[-7.6309,52.523],[-7.6262,52.5267],[-7.6371,52.5265],[-7.6347,52.5292],[-7.6383,52.5293],[-7.6425,52.5354],[-7.6536,52.5337],[-7.6536,52.5354],[-7.6597,52.5364],[-7.6641,52.5317],[-7.6661,52.5322],[-7.668,52.5348],[-7.6734,52.5352],[-7.6726,52.5326],[-7.6738,52.5323],[-7.6713,52.5253],[-7.6738,52.525],[-7.677,52.5253],[-7.6801,52.5272],[-7.6846,52.527],[-7.6944,52.5314],[-7.7016,52.5327],[-7.7034,52.5298],[-7.7181,52.5237],[-7.718,52.5189],[-7.7111,52.5114],[-7.7163,52.5095],[-7.7217,52.5179],[-7.7204,52.5192],[-7.7204,52.522],[-7.7248,52.5279],[-7.7253,52.5329],[-7.7294,52.5323],[-7.735,52.5341],[-7.7339,52.5401],[-7.7367,52.5414],[-7.7448,52.5397],[-7.7435,52.5302],[-7.7476,52.5271],[-7.7474,52.5254],[-7.7709,52.5209],[-7.7719,52.5244],[-7.7764,52.5232],[-7.78,52.5276],[-7.7853,52.5256],[-7.7852,52.5215],[-7.7986,52.5245],[-7.8109,52.5212],[-7.812,52.5244],[-7.8108,52.5247],[-7.8142,52.5313],[-7.8218,52.5309],[-7.8191,52.5355],[-7.8184,52.541],[-7.8227,52.5411],[-7.8232,52.5423],[-7.8365,52.5454],[-7.8407,52.5436],[-7.8386,52.541],[-7.837,52.5413],[-7.836,52.5399],[-7.8375,52.5385],[-7.8424,52.5367],[-7.8426,52.5348],[-7.8494,52.5345],[-7.8488,52.5361],[-7.8543,52.5356],[-7.8537,52.5372],[-7.8617,52.5393],[-7.8576,52.5422],[-7.8583,52.545],[-7.8566,52.5466],[-7.8504,52.5479],[-7.8469,52.5473],[-7.855,52.5534],[-7.8531,52.5542],[-7.8547,52.5558],[-7.8507,52.559],[-7.8496,52.5624],[-7.8526,52.5636],[-7.8535,52.5698],[-7.8477,52.569],[-7.8472,52.5734],[-7.8501,52.5743],[-7.8378,52.5872],[-7.8338,52.5894],[-7.8535,52.5952],[-7.8591,52.5902],[-7.8676,52.5931],[-7.8672,52.5916],[-7.8725,52.5844],[-7.8819,52.5888],[-7.9061,52.5955],[-7.9067,52.5939],[-7.9055,52.5927],[-7.9065,52.5916],[-7.9186,52.5906],[-7.9212,52.5853],[-7.9208,52.5838],[-7.9226,52.5829],[-7.9271,52.5839],[-7.9291,52.5815],[-7.9373,52.5832],[-7.9386,52.5848],[-7.9455,52.5868],[-7.9521,52.5826],[-7.953,52.5847],[-7.9519,52.5865],[-7.9535,52.5876],[-7.9685,52.5919],[-7.9676,52.598],[-7.9633,52.6021],[-7.9693,52.6043],[-7.9703,52.6084],[-7.9756,52.6097],[-7.9757,52.6107],[-7.9732,52.6145],[-7.9596,52.6124],[-7.9585,52.6157],[-7.9595,52.6161],[-7.9554,52.6198],[-7.9586,52.62],[-7.9599,52.6168],[-7.9684,52.621],[-7.9793,52.6217],[-7.9841,52.6236],[-7.983,52.625],[-7.9897,52.6276],[-7.9842,52.6351],[-7.9966,52.6359],[-8.0,52.638],[-8.0029,52.6379],[-8.0027,52.6352],[-8.007,52.6294],[-8.0057,52.6277],[-8.0063,52.6256],[-8.0159,52.6271],[-8.025,52.6344],[-8.0323,52.6377],[-8.0413,52.6398],[-8.0505,52.6392],[-8.0679,52.6491],[-8.0754,52.6492],[-8.0754,52.6514],[-8.0805,52.6533],[-8.0811,52.6593],[-8.0909,52.6624],[-8.096,52.6657],[-8.1024,52.6623],[-8.1083,52.6611],[-8.1126,52.6648],[-8.1224,52.6586],[-8.1113,52.6541],[-8.1113,52.6495],[-8.1201,52.6468],[-8.1238,52.6491],[-8.1211,52.6514],[-8.1241,52.6525],[-8.1268,52.649],[-8.1317,52.6456],[-8.1328,52.6461],[-8.1334,52.6498],[-8.1379,52.6544],[-8.1326,52.6551],[-8.1329,52.656],[-8.1428,52.6638],[-8.1466,52.6651],[-8.1498,52.6689],[-8.1486,52.6705],[-8.1491,52.6743],[-8.146,52.6759],[-8.1466,52.6802],[-8.1488,52.683],[-8.1405,52.6835],[-8.1346,52.6867],[-8.1397,52.6937],[-8.1359,52.6954],[-8.1385,52.7003],[-8.133,52.7029],[-8.137,52.7089],[-8.1351,52.7108],[-8.1369,52.7129],[-8.1405,52.7142],[-8.1289,52.7195],[-8.1155,52.7216],[-8.1062,52.7253],[-8.1083,52.7283],[-8.1177,52.733],[-8.1218,52.733],[-8.1268,52.7372],[-8.1348,52.7363],[-8.137,52.7407],[-8.1461,52.7427],[-8.1479,52.747],[-8.1469,52.7492],[-8.152,52.7496],[-8.148,52.7626],[-8.1408,52.7661],[-8.1346,52.7667],[-8.1211,52.7715],[-8.118,52.7761],[-8.1126,52.779],[-8.1107,52.7821],[-8.1059,52.7836],[-8.1036,52.7859],[-8.1124,52.7887],[-8.1154,52.7918],[-8.1065,52.7931],[-8.0977,52.7966],[-8.0861,52.7947],[-8.08,52.7961],[-8.0778,52.794],[-8.0727,52.7941],[-8.0715,52.7969],[-8.0683,52.7937],[-8.0687,52.7915],[-8.0627,52.786],[-8.0613,52.7854],[-8.0602,52.787],[-8.0559,52.7875],[-8.0501,52.786],[-8.0481,52.7838],[-8.0424,52.7852],[-8.0385,52.7896],[-8.0388,52.7906],[-8.0358,52.7891],[-8.0321,52.7847],[-8.0302,52.7845],[-8.0229,52.7861],[-8.0157,52.7916],[-8.0057,52.7931],[-7.9849,52.7915],[-7.9721,52.7848],[-7.9703,52.7884],[-7.9677,52.7903],[-7.9565,52.7908],[-7.9579,52.7922],[-7.9574,52.7957],[-7.9603,52.7987],[-7.9526,52.8019],[-7.9543,52.8046],[-7.958,52.8067],[-7.9547,52.8115],[-7.9569,52.8154],[-7.9551,52.8159],[-7.9513,52.812],[-7.941,52.8084],[-7.9386,52.8104],[-7.9255,52.8133],[-7.9176,52.8167],[-7.9157,52.8217],[-7.9145,52.8218],[-7.9147,52.8284],[-7.9102,52.8351],[-7.9178,52.8451],[-7.919,52.8499],[-7.9241,52.854],[-7.9239,52.8597],[-7.8985,52.8586],[-7.8928,52.8622],[-7.8945,52.8638],[-7.8917,52.8684],[-7.8839,52.8684],[-7.8865,52.8711],[-7.8857,52.8755],[-7.8771,52.8741],[-7.8766,52.8753],[-7.8785,52.8793],[-7.8739,52.8805],[-7.8752,52.8817],[-7.8725,52.887],[-7.8755,52.8877],[-7.8799,52.894],[-7.8734,52.8959],[-7.866,52.8921],[-7.856,52.8901],[-7.8458,52.8847],[-7.8432,52.8862],[-7.8468,52.8895],[-7.8429,52.8904],[-7.8331,52.8921],[-7.8313,52.8897],[-7.8264,52.8912],[-7.8221,52.8897],[-7.8131,52.8905],[-7.8096,52.8891],[-7.8059,52.8842],[-7.8028,52.8848],[-7.8003,52.8829],[-7.7951,52.8844],[-7.7868,52.8737],[-7.7846,52.8669],[-7.7774,52.8642],[-7.7722,52.8635],[-7.7634,52.8693],[-7.7604,52.874],[-7.7561,52.8678],[-7.7253,52.8621],[-7.7347,52.8584],[-7.7322,52.852],[-7.7193,52.8415],[-7.7164,52.8375],[-7.6973,52.8319],[-7.6943,52.8293],[-7.6947,52.8247],[-7.6886,52.8158],[-7.6902,52.8106],[-7.6896,52.8081],[-7.6805,52.8055],[-7.6789,52.7943],[-7.6741,52.7813],[-7.6713,52.7775],[-7.6674,52.7609],[-7.6697,52.7592],[-7.6699,52.7557],[-7.6541,52.7467],[-7.6462,52.7351],[-7.648,52.7335],[-7.6478,52.7321],[-7.6262,52.7337],[-7.6147,52.7254],[-7.6111,52.7244],[-7.6087,52.721],[-7.6035,52.7196],[-7.5946,52.7203],[-7.5929,52.7162],[-7.5871,52.7132],[-7.5809,52.7113],[-7.5767,52.7125],[-7.5697,52.7085],[-7.561,52.7057],[-7.5606,52.7028],[-7.5535,52.7027],[-7.5477,52.7004],[-7.547,52.6948],[-7.5417,52.6933],[-7.5362,52.6891],[-7.5336,52.6832],[-7.5386,52.6803],[-7.5356,52.6791],[-7.5315,52.6738],[-7.5275,52.6728],[-7.5267,52.6686],[-7.52,52.6621],[-7.519,52.6591],[-7.5212,52.6547],[-7.5123,52.647],[-7.5108,52.6425],[-7.5037,52.6384],[-7.5023,52.6354],[-7.4993,52.6342],[-7.4997,52.6333],[-7.4899,52.6279],[-7.4883,52.6251],[-7.4831,52.6231],[-7.4822,52.6208],[-7.4782,52.6197],[-7.478,52.6174],[-7.4753,52.616],[-7.4763,52.6149],[-7.4746,52.6138],[-7.4761,52.6123],[-7.4747,52.6111],[-7.4763,52.6074],[-7.479,52.6065],[-7.4784,52.6055],[-7.4811,52.6039],[-7.4788,52.5973],[-7.4799,52.596],[-7.4757,52.5925],[-7.4756,52.5907],[-7.4514,52.5819],[-7.4528,52.5787],[-7.4585,52.5741],[-7.4553,52.574],[-7.4551,52.5702],[-7.4576,52.5673],[-7.4556,52.5635],[-7.4594,52.56],[-7.4592,52.5579],[-7.4527,52.5576],[-7.4515,52.5542]]]}},{"type":"Feature","properties":{"d":"Tipperary","c":"3870K","dv":"Clare & Tipperary","st":"Tipperary","hq":"Ennis","ad":"St. Michael's Road, Tipperary","ph":"80670","ty":"District HQ","pop":19282,"km2":631.815},"geometry":{"type":"Polygon","coordinates":[[[-7.9275,52.4789],[-7.9318,52.4789],[-7.9414,52.4742],[-7.9554,52.4731],[-7.9548,52.4677],[-7.952,52.461],[-7.9688,52.46],[-7.9715,52.4558],[-7.9756,52.453],[-7.9757,52.4499],[-7.9773,52.4497],[-7.9729,52.4444],[-7.973,52.4402],[-7.9753,52.4392],[-7.9782,52.4344],[-7.9831,52.4316],[-7.9875,52.4317],[-7.9865,52.4293],[-7.9938,52.4282],[-8.0002,52.423],[-8.0001,52.4205],[-7.9941,52.4196],[-7.995,52.4162],[-7.9928,52.4108],[-7.9949,52.4102],[-7.9943,52.4089],[-7.9954,52.4089],[-7.997,52.4048],[-7.9978,52.3981],[-7.9968,52.3936],[-7.994,52.3894],[-8.0117,52.3844],[-8.0286,52.3866],[-8.0334,52.3819],[-8.0406,52.38],[-8.044,52.3831],[-8.0514,52.3845],[-8.054,52.3864],[-8.062,52.3838],[-8.0726,52.3776],[-8.0878,52.3788],[-8.0974,52.3767],[-8.0985,52.3744],[-8.1031,52.3709],[-8.1097,52.3676],[-8.114,52.3669],[-8.1223,52.3665],[-8.1291,52.3679],[-8.1346,52.3675],[-8.1419,52.3698],[-8.1594,52.3704],[-8.1624,52.3687],[-8.1892,52.3637],[-8.1927,52.3639],[-8.1998,52.3674],[-8.1999,52.3696],[-8.2032,52.3698],[-8.2097,52.3678],[-8.2148,52.3645],[-8.2175,52.3747],[-8.2173,52.3783],[-8.2285,52.3861],[-8.2285,52.3928],[-8.2272,52.3955],[-8.2287,52.3978],[-8.2272,52.401],[-8.2314,52.4031],[-8.2264,52.4045],[-8.2303,52.4076],[-8.2308,52.4103],[-8.26,52.4082],[-8.26,52.4072],[-8.2673,52.4057],[-8.2683,52.4031],[-8.2699,52.4025],[-8.2826,52.4011],[-8.2837,52.4055],[-8.2813,52.4086],[-8.284,52.4144],[-8.291,52.4169],[-8.2971,52.4211],[-8.3096,52.42],[-8.3115,52.422],[-8.3104,52.425],[-8.3127,52.4273],[-8.3128,52.4299],[-8.3163,52.4325],[-8.3134,52.4354],[-8.3208,52.4385],[-8.3199,52.4396],[-8.3269,52.4353],[-8.3301,52.4404],[-8.3507,52.4337],[-8.3528,52.4358],[-8.356,52.436],[-8.3668,52.4455],[-8.378,52.4418],[-8.3807,52.4357],[-8.3864,52.4328],[-8.3928,52.4406],[-8.3938,52.4405],[-8.4059,52.4666],[-8.3894,52.4725],[-8.3916,52.475],[-8.3898,52.4759],[-8.3914,52.478],[-8.3911,52.4799],[-8.396,52.4843],[-8.3921,52.4869],[-8.3912,52.4907],[-8.3828,52.4918],[-8.3805,52.4947],[-8.3778,52.4955],[-8.3727,52.4943],[-8.3663,52.4978],[-8.3682,52.5032],[-8.3597,52.5051],[-8.3615,52.5103],[-8.3599,52.5108],[-8.3453,52.5132],[-8.3395,52.512],[-8.3353,52.5128],[-8.3365,52.5066],[-8.3349,52.5043],[-8.3393,52.5029],[-8.3388,52.4996],[-8.3355,52.5],[-8.3352,52.4972],[-8.3307,52.4983],[-8.3309,52.4954],[-8.3353,52.4902],[-8.34,52.4877],[-8.3379,52.4868],[-8.3351,52.4826],[-8.3297,52.4803],[-8.324,52.4812],[-8.3244,52.4829],[-8.3195,52.4891],[-8.3167,52.4916],[-8.3136,52.4911],[-8.3149,52.493],[-8.3198,52.4947],[-8.3198,52.4995],[-8.3236,52.5028],[-8.3258,52.5031],[-8.3262,52.5053],[-8.3178,52.506],[-8.3113,52.5107],[-8.3039,52.5088],[-8.2942,52.5119],[-8.2895,52.5147],[-8.2858,52.5216],[-8.2718,52.5171],[-8.269,52.5207],[-8.2648,52.5193],[-8.2589,52.52],[-8.2562,52.517],[-8.2564,52.5111],[-8.2542,52.5098],[-8.247,52.5123],[-8.2375,52.5132],[-8.237,52.5156],[-8.2355,52.5163],[-8.2318,52.5151],[-8.2305,52.5212],[-8.2283,52.5251],[-8.2261,52.5259],[-8.2284,52.5328],[-8.2326,52.5357],[-8.2314,52.545],[-8.2283,52.5482],[-8.2258,52.5551],[-8.2309,52.5567],[-8.2313,52.5597],[-8.2355,52.5624],[-8.2331,52.5628],[-8.2295,52.5663],[-8.2267,52.5666],[-8.2257,52.5683],[-8.2275,52.569],[-8.227,52.5705],[-8.2244,52.5719],[-8.2256,52.5745],[-8.2302,52.578],[-8.2375,52.5818],[-8.2353,52.5821],[-8.2331,52.5848],[-8.2336,52.586],[-8.225,52.5889],[-8.2255,52.5905],[-8.224,52.5917],[-8.2197,52.5923],[-8.2143,52.5951],[-8.212,52.6009],[-8.2091,52.6021],[-8.2105,52.6076],[-8.2193,52.6104],[-8.219,52.6181],[-8.2155,52.6215],[-8.2112,52.6213],[-8.213,52.623],[-8.2118,52.6286],[-8.2153,52.6328],[-8.2134,52.635],[-8.2095,52.6359],[-8.2037,52.6403],[-8.2036,52.6416],[-8.1976,52.6429],[-8.1949,52.645],[-8.1917,52.6458],[-8.19,52.6449],[-8.1814,52.648],[-8.1803,52.647],[-8.1743,52.6475],[-8.1737,52.6442],[-8.1717,52.6432],[-8.1702,52.6375],[-8.1493,52.6411],[-8.1404,52.6493],[-8.1347,52.6508],[-8.1317,52.6456],[-8.1245,52.6508],[-8.1241,52.6525],[-8.1211,52.6514],[-8.1238,52.6491],[-8.1201,52.6468],[-8.1113,52.6495],[-8.1113,52.6541],[-8.1224,52.6586],[-8.1126,52.6648],[-8.1083,52.6611],[-8.1024,52.6623],[-8.096,52.6657],[-8.0909,52.6624],[-8.0811,52.6593],[-8.0805,52.6533],[-8.0754,52.6514],[-8.0754,52.6492],[-8.0679,52.6491],[-8.0505,52.6392],[-8.0413,52.6398],[-8.0323,52.6377],[-8.025,52.6344],[-8.0159,52.6271],[-8.0063,52.6256],[-8.0057,52.6277],[-8.007,52.6294],[-8.0027,52.6352],[-8.0029,52.6379],[-8.0,52.638],[-7.9966,52.6359],[-7.9842,52.6351],[-7.9897,52.6276],[-7.983,52.625],[-7.9841,52.6236],[-7.9793,52.6217],[-7.9684,52.621],[-7.9599,52.6168],[-7.9586,52.62],[-7.9554,52.6198],[-7.9595,52.6161],[-7.9585,52.6157],[-7.9596,52.6124],[-7.9732,52.6145],[-7.9757,52.6107],[-7.9756,52.6097],[-7.9703,52.6084],[-7.9693,52.6043],[-7.9633,52.6021],[-7.9676,52.598],[-7.9685,52.5919],[-7.9535,52.5876],[-7.9519,52.5865],[-7.9525,52.5828],[-7.9501,52.5834],[-7.9455,52.5801],[-7.9538,52.5719],[-7.9581,52.5644],[-7.9617,52.5618],[-7.965,52.5561],[-7.9627,52.5564],[-7.9601,52.56],[-7.9544,52.5597],[-7.9543,52.5581],[-7.9575,52.5558],[-7.9537,52.5544],[-7.9553,52.552],[-7.9523,52.5531],[-7.9402,52.5511],[-7.9395,52.5506],[-7.9444,52.545],[-7.9413,52.5429],[-7.9402,52.54],[-7.9366,52.5368],[-7.9413,52.5316],[-7.9391,52.5267],[-7.9392,52.5232],[-7.9418,52.5193],[-7.9395,52.5157],[-7.9396,52.5117],[-7.9387,52.5109],[-7.9403,52.5073],[-7.9637,52.503],[-7.9603,52.5002],[-7.962,52.4945],[-7.9428,52.4959],[-7.9442,52.4945],[-7.9455,52.4882],[-7.9376,52.4883],[-7.9378,52.49],[-7.936,52.4904],[-7.9362,52.4864],[-7.932,52.4855],[-7.9321,52.4844],[-7.9285,52.4842],[-7.9275,52.4789]]]}},{"type":"Feature","properties":{"d":"Cahir","c":"3700A","dv":"Clare & Tipperary","st":"Cahir","hq":"Ennis","ad":"Clonmel Road, Cahir","ph":"7445630","ty":"District HQ","pop":23443,"km2":710.366},"geometry":{"type":"Polygon","coordinates":[[[-7.746,52.2165],[-7.7583,52.2152],[-7.7675,52.2187],[-7.773,52.2176],[-7.7857,52.2214],[-7.7962,52.221],[-7.8033,52.2179],[-7.8079,52.2124],[-7.8114,52.2106],[-7.8154,52.2178],[-7.8204,52.2213],[-7.8362,52.2249],[-7.8507,52.2273],[-7.8572,52.224],[-7.8663,52.2241],[-7.8761,52.2274],[-7.8756,52.2297],[-7.8859,52.2257],[-7.8916,52.2249],[-7.906,52.2283],[-7.9159,52.2279],[-7.9219,52.2339],[-7.9306,52.2358],[-7.9368,52.2398],[-7.9409,52.2429],[-7.9425,52.2463],[-7.9523,52.2422],[-7.9723,52.2424],[-7.9733,52.2379],[-7.98,52.2378],[-7.9841,52.2415],[-7.9909,52.2429],[-7.9917,52.2379],[-7.9906,52.2365],[-7.9909,52.2332],[-7.9931,52.2282],[-7.9969,52.2252],[-7.9944,52.2213],[-7.9947,52.217],[-7.9905,52.2121],[-7.9902,52.21],[-7.9916,52.2074],[-8.0028,52.2022],[-8.0153,52.2051],[-8.022,52.2084],[-8.033,52.207],[-8.0429,52.2083],[-8.0564,52.2075],[-8.0614,52.2089],[-8.0627,52.2075],[-8.0648,52.2082],[-8.0675,52.207],[-8.0736,52.2082],[-8.0744,52.207],[-8.077,52.2081],[-8.0802,52.2058],[-8.0827,52.2071],[-8.0841,52.2058],[-8.0901,52.2067],[-8.0991,52.2053],[-8.1047,52.2065],[-8.107,52.2149],[-8.1034,52.2312],[-8.1139,52.2314],[-8.133,52.2354],[-8.1354,52.2349],[-8.1388,52.2375],[-8.1529,52.2384],[-8.157,52.2412],[-8.161,52.2419],[-8.1615,52.253],[-8.1656,52.26],[-8.1626,52.2656],[-8.1693,52.2665],[-8.1643,52.2729],[-8.1651,52.2776],[-8.1766,52.2767],[-8.1786,52.2816],[-8.1832,52.2877],[-8.1766,52.2909],[-8.169,52.2916],[-8.1563,52.3007],[-8.1586,52.3031],[-8.1622,52.3031],[-8.1652,52.3053],[-8.1652,52.3094],[-8.1632,52.314],[-8.1649,52.3186],[-8.1683,52.321],[-8.1734,52.3221],[-8.1752,52.3211],[-8.1791,52.3233],[-8.1811,52.3285],[-8.183,52.3302],[-8.1821,52.3337],[-8.1666,52.3452],[-8.1678,52.3524],[-8.1643,52.3611],[-8.1649,52.3645],[-8.1679,52.368],[-8.1594,52.3704],[-8.1419,52.3698],[-8.1346,52.3675],[-8.1291,52.3679],[-8.1223,52.3665],[-8.114,52.3669],[-8.1097,52.3676],[-8.1031,52.3709],[-8.0985,52.3744],[-8.0974,52.3767],[-8.0878,52.3788],[-8.0726,52.3776],[-8.062,52.3838],[-8.054,52.3864],[-8.0514,52.3845],[-8.044,52.3831],[-8.0406,52.38],[-8.0334,52.3819],[-8.0286,52.3866],[-8.0117,52.3844],[-7.994,52.3894],[-7.9968,52.3936],[-7.9978,52.3981],[-7.997,52.4048],[-7.9954,52.4089],[-7.9943,52.4089],[-7.9949,52.4102],[-7.9928,52.4108],[-7.995,52.4162],[-7.9941,52.4196],[-8.0001,52.4205],[-8.0002,52.423],[-7.9938,52.4282],[-7.9865,52.4293],[-7.9875,52.4317],[-7.9831,52.4316],[-7.9782,52.4344],[-7.9753,52.4392],[-7.973,52.4402],[-7.9729,52.4444],[-7.9773,52.4497],[-7.9757,52.4499],[-7.9756,52.453],[-7.9715,52.4558],[-7.9688,52.46],[-7.952,52.461],[-7.9548,52.4677],[-7.9554,52.4731],[-7.9414,52.4742],[-7.9318,52.4789],[-7.9275,52.4789],[-7.9285,52.4842],[-7.9321,52.4844],[-7.932,52.4855],[-7.9362,52.4864],[-7.936,52.4904],[-7.9378,52.49],[-7.9376,52.4883],[-7.9455,52.4882],[-7.9442,52.4945],[-7.9428,52.4959],[-7.962,52.4945],[-7.9603,52.5002],[-7.9637,52.503],[-7.9403,52.5073],[-7.9387,52.5109],[-7.9396,52.5117],[-7.9395,52.5157],[-7.9418,52.5193],[-7.9391,52.5252],[-7.9413,52.5316],[-7.9366,52.5368],[-7.9402,52.54],[-7.9413,52.5429],[-7.9444,52.545],[-7.9395,52.5506],[-7.9523,52.5531],[-7.9553,52.552],[-7.9537,52.5544],[-7.9575,52.5558],[-7.9543,52.5581],[-7.9544,52.5597],[-7.9601,52.56],[-7.9627,52.5564],[-7.965,52.5561],[-7.9617,52.5618],[-7.9581,52.5644],[-7.9538,52.5719],[-7.9455,52.5801],[-7.9501,52.5834],[-7.9455,52.5868],[-7.9386,52.5848],[-7.9373,52.5832],[-7.9291,52.5815],[-7.9271,52.5839],[-7.9226,52.5829],[-7.9208,52.5838],[-7.9212,52.5853],[-7.9186,52.5906],[-7.9065,52.5916],[-7.9055,52.5927],[-7.9067,52.5939],[-7.9061,52.5955],[-7.8819,52.5888],[-7.8725,52.5844],[-7.867,52.5933],[-7.8591,52.5902],[-7.8535,52.5952],[-7.8401,52.5917],[-7.8338,52.5894],[-7.8378,52.5872],[-7.8501,52.5743],[-7.8472,52.5734],[-7.8477,52.569],[-7.8535,52.5698],[-7.8526,52.5636],[-7.8496,52.5624],[-7.8507,52.559],[-7.8547,52.5558],[-7.8531,52.5542],[-7.855,52.5534],[-7.8469,52.5473],[-7.8504,52.5479],[-7.8566,52.5466],[-7.8583,52.545],[-7.8576,52.5422],[-7.8617,52.5393],[-7.8537,52.5372],[-7.8543,52.5356],[-7.8488,52.5361],[-7.8494,52.5345],[-7.8426,52.5348],[-7.8424,52.5367],[-7.8375,52.5385],[-7.836,52.5399],[-7.837,52.5413],[-7.8386,52.541],[-7.8407,52.5436],[-7.8365,52.5454],[-7.8232,52.5423],[-7.8227,52.5411],[-7.8184,52.541],[-7.8191,52.5355],[-7.8218,52.5309],[-7.8142,52.5313],[-7.8108,52.5247],[-7.812,52.5244],[-7.8109,52.5212],[-7.7986,52.5245],[-7.7922,52.5239],[-7.7896,52.5226],[-7.7906,52.5216],[-7.7878,52.5184],[-7.7841,52.5178],[-7.7825,52.5137],[-7.7847,52.5121],[-7.7842,52.5099],[-7.7904,52.5092],[-7.7975,52.5115],[-7.8158,52.5103],[-7.8167,52.5084],[-7.814,52.5073],[-7.8164,52.5045],[-7.8161,52.5016],[-7.812,52.5039],[-7.8063,52.503],[-7.8058,52.5018],[-7.7989,52.5025],[-7.7957,52.5016],[-7.7952,52.5001],[-7.786,52.5044],[-7.7804,52.5026],[-7.7749,52.5024],[-7.7722,52.5035],[-7.7678,52.4997],[-7.7563,52.4977],[-7.7453,52.4914],[-7.7469,52.492],[-7.7485,52.4895],[-7.7512,52.4895],[-7.7483,52.4871],[-7.7496,52.4861],[-7.7566,52.4858],[-7.7591,52.4849],[-7.7604,52.4824],[-7.757,52.4702],[-7.7596,52.4695],[-7.7575,52.4664],[-7.759,52.4662],[-7.7586,52.4627],[-7.7615,52.4609],[-7.7682,52.4608],[-7.771,52.4595],[-7.7797,52.4609],[-7.7908,52.4588],[-7.7907,52.4548],[-7.7933,52.4542],[-7.7929,52.4527],[-7.7745,52.4563],[-7.7713,52.4523],[-7.7589,52.4527],[-7.7527,52.4549],[-7.7513,52.4505],[-7.7582,52.4511],[-7.7562,52.4493],[-7.7551,52.4457],[-7.7689,52.4439],[-7.7677,52.4425],[-7.7866,52.4388],[-7.7843,52.436],[-7.7854,52.4345],[-7.7811,52.4323],[-7.7778,52.4285],[-7.7798,52.4264],[-7.7815,52.4202],[-7.7962,52.4174],[-7.8013,52.4138],[-7.8037,52.4137],[-7.7977,52.4041],[-7.796,52.4043],[-7.7953,52.4019],[-7.7969,52.4018],[-7.7972,52.4004],[-7.7961,52.3988],[-7.7972,52.3988],[-7.7973,52.3887],[-7.8003,52.3874],[-7.7994,52.3863],[-7.8018,52.3847],[-7.7985,52.3759],[-7.8072,52.3745],[-7.8071,52.3654],[-7.8141,52.3656],[-7.8183,52.3629],[-7.8165,52.3593],[-7.8165,52.3561],[-7.8155,52.3558],[-7.8159,52.3527],[-7.8034,52.352],[-7.8007,52.3472],[-7.8018,52.3464],[-7.8008,52.3414],[-7.7988,52.3386],[-7.7961,52.3376],[-7.7922,52.3423],[-7.7893,52.3434],[-7.7896,52.3387],[-7.7866,52.3331],[-7.7886,52.3298],[-7.7935,52.3282],[-7.791,52.3248],[-7.7904,52.3192],[-7.7935,52.3111],[-7.7932,52.3056],[-7.7965,52.3009],[-7.7966,52.2983],[-7.7944,52.2964],[-7.793,52.2907],[-7.7876,52.2876],[-7.7837,52.2819],[-7.7831,52.2799],[-7.7848,52.2774],[-7.781,52.2752],[-7.7817,52.2735],[-7.7777,52.2744],[-7.7758,52.2726],[-7.7763,52.2716],[-7.7739,52.2707],[-7.7683,52.2725],[-7.769,52.2719],[-7.7664,52.2711],[-7.7628,52.2713],[-7.7618,52.266],[-7.7538,52.2581],[-7.7532,52.2558],[-7.7478,52.2515],[-7.7485,52.2493],[-7.7459,52.244],[-7.7468,52.2422],[-7.75,52.241],[-7.7527,52.234],[-7.7511,52.2325],[-7.7514,52.2303],[-7.7487,52.2277],[-7.7494,52.2247],[-7.748,52.2244],[-7.7496,52.2227],[-7.746,52.2165]]]}},{"type":"Feature","properties":{"d":"Dungarvan","c":"3370G","dv":"Kilkenny/Carlow & Waterford","st":"Dungarvan","hq":"Waterford","ad":"Youghal Road, Dungarvan","ph":"48600","ty":"District HQ","pop":32169,"km2":1002.694},"geometry":{"type":"Polygon","coordinates":[[[-7.5071,52.1152],[-7.5072,52.1138],[-7.511,52.1122],[-7.5095,52.11],[-7.5109,52.1088],[-7.5108,52.1059],[-7.5191,52.106],[-7.5328,52.1001],[-7.5352,52.1003],[-7.5446,52.095],[-7.5488,52.0869],[-7.5475,52.0861],[-7.5476,52.0845],[-7.5502,52.0832],[-7.5525,52.0805],[-7.5516,52.0787],[-7.5536,52.0778],[-7.5605,52.0807],[-7.5702,52.0825],[-7.572,52.0845],[-7.5699,52.0865],[-7.5706,52.0888],[-7.5745,52.0927],[-7.58,52.0942],[-7.5802,52.096],[-7.5837,52.0986],[-7.5932,52.0971],[-7.5969,52.0919],[-7.6114,52.0874],[-7.6156,52.0917],[-7.6202,52.0914],[-7.6153,52.0892],[-7.6155,52.0878],[-7.621,52.0861],[-7.6227,52.0822],[-7.6321,52.0846],[-7.6358,52.0813],[-7.6351,52.0791],[-7.6308,52.077],[-7.6349,52.0766],[-7.6321,52.073],[-7.6341,52.0705],[-7.6277,52.0664],[-7.6359,52.0663],[-7.6371,52.0638],[-7.639,52.0634],[-7.6456,52.0642],[-7.6433,52.0632],[-7.6562,52.0574],[-7.6564,52.0497],[-7.643,52.0484],[-7.6403,52.06],[-7.6382,52.0612],[-7.6316,52.0601],[-7.6327,52.0639],[-7.6237,52.0619],[-7.6205,52.0647],[-7.6188,52.0625],[-7.6195,52.0604],[-7.6177,52.0628],[-7.6091,52.0647],[-7.607,52.0643],[-7.6069,52.0625],[-7.6052,52.0646],[-7.6075,52.0719],[-7.6063,52.0715],[-7.6043,52.0634],[-7.6013,52.0591],[-7.5953,52.0574],[-7.5876,52.0511],[-7.5662,52.0506],[-7.565,52.0511],[-7.5657,52.0518],[-7.5592,52.0517],[-7.5518,52.0541],[-7.5444,52.0545],[-7.5461,52.0551],[-7.5449,52.0553],[-7.5367,52.0536],[-7.5367,52.0522],[-7.5386,52.052],[-7.5388,52.0509],[-7.5404,52.0515],[-7.5398,52.0506],[-7.5409,52.05],[-7.5396,52.0485],[-7.5458,52.0469],[-7.5469,52.0447],[-7.5599,52.0426],[-7.5608,52.041],[-7.5671,52.0409],[-7.5687,52.0378],[-7.571,52.0376],[-7.5757,52.0343],[-7.5778,52.0314],[-7.5769,52.0276],[-7.5752,52.0277],[-7.577,52.0254],[-7.5764,52.0243],[-7.5819,52.0236],[-7.5858,52.019],[-7.5807,52.0105],[-7.5777,52.0085],[-7.58,52.0063],[-7.5766,52.0057],[-7.5745,52.0035],[-7.5749,52.0016],[-7.5828,51.9983],[-7.5825,51.9965],[-7.584,51.9959],[-7.5834,51.9943],[-7.5863,51.9915],[-7.5899,51.9922],[-7.5958,51.9885],[-7.5989,51.9896],[-7.6032,51.9868],[-7.6048,51.9878],[-7.607,51.9867],[-7.6064,51.9851],[-7.609,51.9859],[-7.6105,51.983],[-7.6131,51.9814],[-7.6149,51.9821],[-7.6177,51.9808],[-7.6195,51.9819],[-7.6238,51.9805],[-7.6329,51.9812],[-7.6348,51.9807],[-7.6343,51.9792],[-7.6362,51.9794],[-7.6394,51.9769],[-7.6487,51.9787],[-7.6671,51.9749],[-7.6891,51.9756],[-7.7018,51.9722],[-7.7092,51.9673],[-7.7107,51.9649],[-7.7103,51.9632],[-7.7087,51.9628],[-7.7105,51.9616],[-7.71,51.9607],[-7.7182,51.9593],[-7.7221,51.9518],[-7.7138,51.9483],[-7.7076,51.9479],[-7.7087,51.9461],[-7.7075,51.9459],[-7.7097,51.9426],[-7.7083,51.9421],[-7.7094,51.9412],[-7.713,51.9409],[-7.7138,51.9428],[-7.7172,51.9424],[-7.7212,51.9392],[-7.7272,51.9398],[-7.727,51.9408],[-7.7284,51.9401],[-7.7293,51.9412],[-7.7289,51.9401],[-7.7318,51.9382],[-7.7357,51.9392],[-7.737,51.938],[-7.7398,51.9391],[-7.7462,51.9387],[-7.7482,51.9406],[-7.7571,51.9413],[-7.7588,51.9454],[-7.7644,51.9452],[-7.7651,51.9464],[-7.7631,51.9475],[-7.7646,51.9491],[-7.7749,51.9518],[-7.7854,51.9493],[-7.793,51.9489],[-7.7955,51.9418],[-7.8017,51.9421],[-7.8165,51.9387],[-7.82,51.939],[-7.8223,51.941],[-7.8296,51.9409],[-7.8331,51.9436],[-7.8323,51.9505],[-7.8313,51.9511],[-7.832,51.9533],[-7.8421,51.9542],[-7.8446,51.967],[-7.8472,51.9722],[-7.8542,51.9794],[-7.8533,51.9814],[-7.874,51.9847],[-7.8793,51.9899],[-7.8827,51.9963],[-7.8788,51.9996],[-7.8693,51.9992],[-7.8653,52.0005],[-7.8607,52.004],[-7.856,52.0118],[-7.8542,52.0222],[-7.8591,52.0231],[-7.8629,52.0205],[-7.8655,52.0259],[-7.8692,52.0262],[-7.8697,52.025],[-7.8729,52.0248],[-7.8731,52.0272],[-7.8797,52.0292],[-7.8843,52.0271],[-7.8805,52.0198],[-7.9042,52.0243],[-7.9121,52.0242],[-7.9122,52.023],[-7.9225,52.0244],[-7.924,52.0233],[-7.9223,52.0217],[-7.9249,52.0188],[-7.922,52.0132],[-7.9226,52.0081],[-7.9278,52.0076],[-7.9328,52.0097],[-7.9341,52.0119],[-7.9379,52.0138],[-7.9583,52.0191],[-7.9573,52.0225],[-7.9609,52.0231],[-7.9617,52.0263],[-7.9571,52.0362],[-7.9625,52.0367],[-7.9733,52.0325],[-7.9806,52.0355],[-7.9867,52.0345],[-7.9871,52.0371],[-7.9895,52.0396],[-7.9953,52.0431],[-7.9998,52.0441],[-8.0028,52.0488],[-8.0079,52.0513],[-8.0139,52.0513],[-8.0224,52.0557],[-8.0218,52.0596],[-8.0194,52.06],[-8.018,52.0623],[-8.0215,52.0664],[-8.0154,52.0698],[-8.016,52.0712],[-8.0138,52.0728],[-8.0138,52.0743],[-8.017,52.0768],[-8.0164,52.0822],[-8.0216,52.0825],[-8.0205,52.0844],[-8.0227,52.0844],[-8.0208,52.0872],[-8.0221,52.0873],[-8.0217,52.0894],[-8.0241,52.0892],[-8.0258,52.0956],[-8.0274,52.0953],[-8.0288,52.0975],[-8.0266,52.0997],[-8.029,52.1008],[-8.0282,52.1033],[-8.0377,52.1035],[-8.0444,52.1099],[-8.0426,52.1118],[-8.0459,52.115],[-8.0707,52.1171],[-8.0713,52.1255],[-8.0805,52.1254],[-8.0828,52.1286],[-8.0831,52.1318],[-8.0815,52.132],[-8.0821,52.1368],[-8.0785,52.1371],[-8.0713,52.1256],[-8.0623,52.1262],[-8.0607,52.1325],[-8.0624,52.1368],[-8.0676,52.1378],[-8.0662,52.1404],[-8.0733,52.1439],[-8.0755,52.1438],[-8.0813,52.1406],[-8.085,52.1406],[-8.0849,52.139],[-8.0948,52.1385],[-8.0957,52.1422],[-8.0973,52.1428],[-8.1097,52.141],[-8.111,52.1452],[-8.1426,52.1409],[-8.1627,52.1417],[-8.161,52.1427],[-8.1611,52.1446],[-8.1539,52.146],[-8.1525,52.1488],[-8.1573,52.155],[-8.1574,52.1599],[-8.1543,52.1649],[-8.138,52.1638],[-8.135,52.1671],[-8.1338,52.1713],[-8.1287,52.1745],[-8.1199,52.1954],[-8.1254,52.2012],[-8.1238,52.2022],[-8.1195,52.2025],[-8.1163,52.2049],[-8.1097,52.206],[-8.1021,52.2066],[-8.0991,52.2053],[-8.0901,52.2067],[-8.0841,52.2058],[-8.0827,52.2071],[-8.0802,52.2058],[-8.077,52.2081],[-8.0744,52.207],[-8.0736,52.2082],[-8.0675,52.207],[-8.0648,52.2082],[-8.0627,52.2075],[-8.0614,52.2089],[-8.0564,52.2075],[-8.0429,52.2083],[-8.033,52.207],[-8.022,52.2084],[-8.0153,52.2051],[-8.0028,52.2022],[-7.9916,52.2074],[-7.9902,52.21],[-7.9905,52.2121],[-7.9947,52.217],[-7.9944,52.2213],[-7.9969,52.2252],[-7.9931,52.2282],[-7.9909,52.2332],[-7.9906,52.2365],[-7.9917,52.2379],[-7.9909,52.2429],[-7.9841,52.2415],[-7.98,52.2378],[-7.9733,52.2379],[-7.9723,52.2424],[-7.9523,52.2422],[-7.9425,52.2463],[-7.9409,52.2429],[-7.9368,52.2398],[-7.9306,52.2358],[-7.9219,52.2339],[-7.9159,52.2279],[-7.906,52.2283],[-7.8916,52.2249],[-7.8859,52.2257],[-7.8756,52.2297],[-7.8761,52.2274],[-7.8663,52.2241],[-7.8572,52.224],[-7.8507,52.2273],[-7.8362,52.2249],[-7.8204,52.2213],[-7.8154,52.2178],[-7.8114,52.2106],[-7.8079,52.2124],[-7.8033,52.2179],[-7.7962,52.221],[-7.7857,52.2214],[-7.773,52.2176],[-7.7675,52.2187],[-7.7583,52.2152],[-7.746,52.2165],[-7.7496,52.2227],[-7.748,52.2244],[-7.7494,52.2247],[-7.7487,52.2277],[-7.7514,52.2303],[-7.7511,52.2325],[-7.7527,52.234],[-7.75,52.241],[-7.7468,52.2422],[-7.7459,52.244],[-7.7485,52.2493],[-7.7478,52.2515],[-7.7532,52.2558],[-7.7538,52.2581],[-7.7618,52.266],[-7.7628,52.2713],[-7.7664,52.2711],[-7.769,52.2719],[-7.7683,52.2725],[-7.7739,52.2707],[-7.7763,52.2716],[-7.7758,52.2726],[-7.7777,52.2744],[-7.7817,52.2735],[-7.781,52.2752],[-7.7848,52.2774],[-7.7831,52.2799],[-7.7837,52.2819],[-7.7876,52.2876],[-7.793,52.2907],[-7.7944,52.2964],[-7.7966,52.2983],[-7.7965,52.3009],[-7.7932,52.3056],[-7.7935,52.3111],[-7.7904,52.3192],[-7.791,52.3248],[-7.7935,52.3282],[-7.7886,52.3298],[-7.7866,52.3331],[-7.7898,52.3409],[-7.7868,52.3424],[-7.7801,52.3431],[-7.7616,52.3425],[-7.7526,52.341],[-7.746,52.3418],[-7.7452,52.3404],[-7.7471,52.3384],[-7.7454,52.3299],[-7.7537,52.3275],[-7.7479,52.3269],[-7.7456,52.3251],[-7.7431,52.3279],[-7.7329,52.3278],[-7.7281,52.3304],[-7.7298,52.3251],[-7.718,52.3251],[-7.7179,52.3228],[-7.7147,52.3227],[-7.7068,52.3237],[-7.7062,52.3248],[-7.7051,52.331],[-7.7071,52.3369],[-7.7028,52.3342],[-7.6931,52.3379],[-7.6887,52.3347],[-7.6851,52.3373],[-7.6829,52.3358],[-7.6765,52.3407],[-7.6674,52.3373],[-7.6569,52.337],[-7.6563,52.3392],[-7.6519,52.3403],[-7.6512,52.3398],[-7.6557,52.3341],[-7.6529,52.3226],[-7.6514,52.3216],[-7.6442,52.3231],[-7.6363,52.3194],[-7.6277,52.3217],[-7.6257,52.3109],[-7.6163,52.3086],[-7.61,52.2999],[-7.6052,52.3025],[-7.5946,52.3031],[-7.5919,52.2978],[-7.5824,52.2924],[-7.5818,52.2887],[-7.5745,52.2797],[-7.5587,52.2722],[-7.5544,52.2682],[-7.5511,52.2636],[-7.5512,52.2592],[-7.5459,52.249],[-7.5591,52.2442],[-7.5685,52.2395],[-7.5748,52.2347],[-7.5937,52.226],[-7.5988,52.2249],[-7.6009,52.2226],[-7.6132,52.2228],[-7.6242,52.2199],[-7.6358,52.2193],[-7.6453,52.217],[-7.6474,52.2134],[-7.6488,52.2132],[-7.6493,52.2098],[-7.6561,52.2048],[-7.6558,52.2035],[-7.6545,52.2043],[-7.6504,52.2019],[-7.6514,52.2004],[-7.6506,52.1977],[-7.6475,52.1952],[-7.6413,52.1941],[-7.6475,52.1928],[-7.647,52.1895],[-7.6482,52.1882],[-7.6445,52.1885],[-7.6412,52.1852],[-7.6362,52.185],[-7.642,52.1839],[-7.6497,52.1765],[-7.6434,52.1728],[-7.6342,52.1714],[-7.6263,52.1741],[-7.6234,52.1739],[-7.6198,52.1723],[-7.6164,52.1687],[-7.6089,52.1654],[-7.6017,52.1593],[-7.5912,52.1599],[-7.5894,52.1575],[-7.5896,52.154],[-7.5873,52.1497],[-7.579,52.1385],[-7.5598,52.1366],[-7.5586,52.1338],[-7.5502,52.1292],[-7.5418,52.128],[-7.5417,52.1268],[-7.5331,52.1265],[-7.5305,52.1239],[-7.525,52.1226],[-7.5244,52.1209],[-7.5206,52.1188],[-7.5137,52.1181],[-7.5071,52.1152]]]}},{"type":"Feature","properties":{"d":"Fermoy","c":"4100K","dv":"Cork North & Cork West","st":"Fermoy","hq":"Macroom (Temp)","ad":"O'Neill Crowley Quay, Fermoy","ph":"82100","ty":"District HQ","pop":40116,"km2":1085.364},"geometry":{"type":"Polygon","coordinates":[[[-7.9828,52.0192],[-7.9924,52.0183],[-7.9951,52.0208],[-7.9979,52.0205],[-8.0041,52.0177],[-8.0152,52.0156],[-8.0167,52.0138],[-8.0161,52.0116],[-8.0212,52.0083],[-8.03,52.007],[-8.0434,52.0082],[-8.0445,52.0056],[-8.0552,52.0083],[-8.0624,52.0118],[-8.0697,52.0111],[-8.0739,52.0147],[-8.0945,52.0142],[-8.1002,52.0158],[-8.1068,52.0144],[-8.1228,52.0163],[-8.1292,52.0181],[-8.1325,52.0204],[-8.1352,52.0198],[-8.136,52.0231],[-8.1395,52.0255],[-8.1533,52.0236],[-8.1538,52.0262],[-8.1589,52.0301],[-8.1641,52.0395],[-8.162,52.044],[-8.1628,52.0449],[-8.1683,52.0446],[-8.1696,52.0424],[-8.1773,52.0417],[-8.1783,52.0438],[-8.1845,52.0443],[-8.187,52.051],[-8.1929,52.054],[-8.1929,52.0571],[-8.1967,52.0551],[-8.1981,52.0513],[-8.2071,52.0505],[-8.2103,52.052],[-8.2191,52.0519],[-8.221,52.047],[-8.2174,52.0414],[-8.2178,52.0355],[-8.206,52.0288],[-8.1897,52.0286],[-8.1773,52.0274],[-8.1768,52.0265],[-8.1677,52.0269],[-8.1669,52.0219],[-8.1934,52.023],[-8.1927,52.0193],[-8.1949,52.0189],[-8.2046,52.0195],[-8.211,52.0182],[-8.2242,52.0193],[-8.2456,52.0158],[-8.2489,52.0104],[-8.2525,52.0085],[-8.2716,52.005],[-8.2683,52.004],[-8.2709,51.9987],[-8.2726,51.9981],[-8.2691,51.9926],[-8.2711,51.9907],[-8.2776,51.9934],[-8.2842,51.9932],[-8.3025,52.0027],[-8.3084,51.9959],[-8.3056,51.9892],[-8.3094,51.9883],[-8.299,51.9673],[-8.3092,51.9717],[-8.3188,51.9686],[-8.3196,51.9666],[-8.3242,51.9659],[-8.3313,51.9678],[-8.3413,51.9645],[-8.3468,51.9649],[-8.3534,51.9686],[-8.3535,51.9701],[-8.3668,51.969],[-8.3675,51.9746],[-8.3712,51.9727],[-8.3813,51.9721],[-8.382,51.97],[-8.3866,51.9712],[-8.3947,51.9695],[-8.398,51.9702],[-8.402,51.966],[-8.4084,51.9638],[-8.4139,51.9641],[-8.4183,51.9614],[-8.4296,51.9634],[-8.4374,51.9673],[-8.4369,51.97],[-8.4391,51.9719],[-8.4495,51.9738],[-8.4523,51.9755],[-8.4589,51.975],[-8.4634,51.9762],[-8.4657,51.9819],[-8.4629,51.9845],[-8.4625,51.9871],[-8.4613,51.9872],[-8.4624,51.988],[-8.4613,51.9906],[-8.4624,51.9922],[-8.4708,51.9942],[-8.4795,52.0011],[-8.4809,52.0034],[-8.4791,52.0046],[-8.48,52.0055],[-8.4786,52.0078],[-8.4871,52.0132],[-8.5019,52.0145],[-8.5034,52.0128],[-8.5136,52.0189],[-8.524,52.0212],[-8.5399,52.0209],[-8.5465,52.0193],[-8.5471,52.0266],[-8.5532,52.0336],[-8.5547,52.046],[-8.5435,52.0518],[-8.5357,52.058],[-8.5405,52.0719],[-8.5325,52.0725],[-8.524,52.0762],[-8.5216,52.0821],[-8.5224,52.0854],[-8.5277,52.0901],[-8.5374,52.094],[-8.5358,52.0983],[-8.5337,52.0988],[-8.5316,52.1019],[-8.5345,52.1061],[-8.5398,52.1052],[-8.5473,52.1068],[-8.5467,52.1095],[-8.5479,52.112],[-8.5451,52.1155],[-8.5431,52.1217],[-8.5453,52.1234],[-8.546,52.1261],[-8.5394,52.1302],[-8.5372,52.1334],[-8.532,52.1371],[-8.5311,52.1412],[-8.5339,52.1434],[-8.5399,52.1451],[-8.5435,52.1492],[-8.5359,52.1503],[-8.536,52.1534],[-8.5307,52.159],[-8.5348,52.16],[-8.5386,52.1576],[-8.5452,52.1618],[-8.5602,52.1678],[-8.5683,52.1678],[-8.5674,52.1686],[-8.5683,52.1704],[-8.5664,52.1715],[-8.5675,52.1719],[-8.5709,52.1723],[-8.5816,52.1665],[-8.5926,52.1664],[-8.6003,52.1675],[-8.6023,52.1708],[-8.6111,52.169],[-8.6128,52.1717],[-8.6096,52.1734],[-8.6091,52.175],[-8.5994,52.1785],[-8.601,52.1799],[-8.5989,52.1824],[-8.599,52.184],[-8.6024,52.1912],[-8.5941,52.1908],[-8.5897,52.194],[-8.5872,52.1941],[-8.5816,52.1971],[-8.5805,52.1989],[-8.5744,52.1999],[-8.5726,52.1963],[-8.571,52.196],[-8.5655,52.1966],[-8.5606,52.1949],[-8.552,52.1967],[-8.5533,52.1997],[-8.5566,52.2019],[-8.5577,52.2062],[-8.5639,52.2103],[-8.5663,52.2135],[-8.5681,52.2229],[-8.548,52.2242],[-8.5467,52.2266],[-8.5473,52.2295],[-8.5356,52.2314],[-8.5341,52.2341],[-8.5359,52.2362],[-8.5317,52.2383],[-8.528,52.2382],[-8.5232,52.2329],[-8.5216,52.2325],[-8.5174,52.2326],[-8.517,52.2356],[-8.5105,52.235],[-8.5104,52.2376],[-8.5122,52.2374],[-8.5121,52.2405],[-8.5066,52.2397],[-8.5028,52.2481],[-8.5046,52.2805],[-8.4823,52.2854],[-8.4519,52.2873],[-8.4501,52.2893],[-8.4414,52.2926],[-8.3864,52.2946],[-8.3844,52.2981],[-8.3847,52.3009],[-8.3812,52.3043],[-8.3769,52.3049],[-8.3754,52.3063],[-8.3687,52.3067],[-8.3636,52.3089],[-8.3626,52.3199],[-8.3572,52.3226],[-8.3523,52.3224],[-8.3483,52.3258],[-8.3426,52.3271],[-8.341,52.3293],[-8.3334,52.3272],[-8.3318,52.3224],[-8.3336,52.3202],[-8.3237,52.3194],[-8.3185,52.3209],[-8.3244,52.3262],[-8.3218,52.3268],[-8.3238,52.3288],[-8.3226,52.3312],[-8.3156,52.3361],[-8.314,52.3359],[-8.3134,52.3379],[-8.3022,52.3398],[-8.3019,52.3436],[-8.3042,52.3469],[-8.2983,52.3502],[-8.2867,52.347],[-8.2632,52.3468],[-8.2471,52.3453],[-8.2442,52.3466],[-8.2452,52.3483],[-8.2299,52.3515],[-8.2302,52.359],[-8.2221,52.3635],[-8.2208,52.3654],[-8.2148,52.3645],[-8.2097,52.3678],[-8.2032,52.3698],[-8.1999,52.3696],[-8.1998,52.3674],[-8.1927,52.3639],[-8.168,52.3679],[-8.1649,52.3645],[-8.1643,52.3611],[-8.1678,52.3524],[-8.1666,52.3452],[-8.1813,52.335],[-8.183,52.3302],[-8.177,52.3217],[-8.1683,52.321],[-8.1649,52.3186],[-8.1632,52.314],[-8.1652,52.3094],[-8.1652,52.3053],[-8.1622,52.3031],[-8.1586,52.3031],[-8.1563,52.3007],[-8.169,52.2916],[-8.1766,52.2909],[-8.1832,52.2877],[-8.1786,52.2816],[-8.1766,52.2767],[-8.1651,52.2776],[-8.1643,52.2729],[-8.1693,52.2665],[-8.1626,52.2656],[-8.1656,52.26],[-8.1615,52.253],[-8.161,52.2419],[-8.157,52.2412],[-8.1529,52.2384],[-8.1388,52.2375],[-8.1354,52.2349],[-8.133,52.2354],[-8.1139,52.2314],[-8.1034,52.2312],[-8.107,52.2149],[-8.1047,52.2065],[-8.1163,52.2049],[-8.1195,52.2025],[-8.1254,52.2012],[-8.1199,52.1954],[-8.1287,52.1745],[-8.1338,52.1713],[-8.135,52.1671],[-8.138,52.1638],[-8.1543,52.1649],[-8.1574,52.1599],[-8.1573,52.155],[-8.1525,52.1488],[-8.1539,52.146],[-8.1611,52.1446],[-8.161,52.1427],[-8.1626,52.1411],[-8.1426,52.1409],[-8.111,52.1452],[-8.1097,52.141],[-8.0973,52.1428],[-8.0957,52.1422],[-8.0948,52.1385],[-8.0849,52.139],[-8.085,52.1406],[-8.0813,52.1406],[-8.0755,52.1438],[-8.0733,52.1439],[-8.0662,52.1404],[-8.0676,52.1378],[-8.0624,52.1368],[-8.0607,52.1325],[-8.0623,52.1262],[-8.0713,52.1256],[-8.0785,52.1371],[-8.0821,52.1368],[-8.0815,52.132],[-8.0831,52.1318],[-8.0828,52.1286],[-8.0805,52.1254],[-8.0713,52.1255],[-8.0707,52.1171],[-8.0459,52.115],[-8.0426,52.1118],[-8.0444,52.1099],[-8.0377,52.1035],[-8.0282,52.1033],[-8.029,52.1008],[-8.0266,52.0997],[-8.0288,52.0975],[-8.0274,52.0953],[-8.0258,52.0956],[-8.0241,52.0892],[-8.0217,52.0894],[-8.0221,52.0873],[-8.0208,52.0872],[-8.0227,52.0844],[-8.0205,52.0844],[-8.0216,52.0825],[-8.0164,52.0822],[-8.017,52.0768],[-8.0138,52.0743],[-8.0138,52.0728],[-8.016,52.0712],[-8.0154,52.0698],[-8.0215,52.0664],[-8.018,52.0623],[-8.0194,52.06],[-8.0218,52.0596],[-8.0224,52.0557],[-8.0139,52.0513],[-8.0079,52.0513],[-8.0028,52.0488],[-7.9998,52.0441],[-7.9953,52.0431],[-7.9895,52.0396],[-7.9871,52.0371],[-7.9867,52.0332],[-7.9843,52.0305],[-7.9833,52.0243],[-7.9847,52.0218],[-7.9828,52.0192]]]}},{"type":"Feature","properties":{"d":"Bruff","c":"4900L","dv":"Limerick","st":"Bruff","hq":"Henry Street","ad":"Main St, Bruff, Co. Limerick","ph":"382940","ty":"District HQ","pop":30100,"km2":889.089},"geometry":{"type":"Polygon","coordinates":[[[-8.1879,52.6681],[-8.1926,52.6646],[-8.1928,52.6622],[-8.1976,52.6552],[-8.1945,52.6499],[-8.1949,52.645],[-8.1976,52.6429],[-8.2036,52.6416],[-8.2055,52.6387],[-8.2095,52.6359],[-8.2134,52.635],[-8.2153,52.6328],[-8.2118,52.6286],[-8.213,52.623],[-8.2112,52.6213],[-8.2155,52.6215],[-8.219,52.6181],[-8.2193,52.6104],[-8.2105,52.6076],[-8.2091,52.6021],[-8.212,52.6009],[-8.2143,52.5951],[-8.2197,52.5923],[-8.224,52.5917],[-8.2255,52.5905],[-8.225,52.5889],[-8.2336,52.586],[-8.2331,52.5848],[-8.2353,52.5821],[-8.2375,52.5818],[-8.2302,52.578],[-8.2256,52.5745],[-8.2244,52.5719],[-8.227,52.5705],[-8.2275,52.569],[-8.2257,52.5683],[-8.2267,52.5666],[-8.2295,52.5663],[-8.2331,52.5628],[-8.2355,52.5624],[-8.2313,52.5597],[-8.2309,52.5567],[-8.2258,52.5551],[-8.2283,52.5482],[-8.2314,52.545],[-8.2326,52.5357],[-8.2284,52.5328],[-8.2261,52.5259],[-8.2283,52.5251],[-8.2305,52.5212],[-8.2318,52.5151],[-8.2355,52.5163],[-8.237,52.5156],[-8.2375,52.5132],[-8.247,52.5123],[-8.2542,52.5098],[-8.2564,52.5111],[-8.2562,52.517],[-8.2589,52.52],[-8.2648,52.5193],[-8.269,52.5207],[-8.2718,52.5171],[-8.2858,52.5216],[-8.2895,52.5147],[-8.2942,52.5119],[-8.3039,52.5088],[-8.3113,52.5107],[-8.3178,52.506],[-8.3262,52.5053],[-8.3258,52.5031],[-8.3236,52.5028],[-8.3198,52.4995],[-8.3198,52.4947],[-8.3149,52.493],[-8.3136,52.4911],[-8.3167,52.4916],[-8.3195,52.4891],[-8.3244,52.4829],[-8.324,52.4812],[-8.3297,52.4803],[-8.3351,52.4826],[-8.3379,52.4868],[-8.34,52.4877],[-8.3353,52.4902],[-8.3309,52.4954],[-8.3307,52.4983],[-8.3352,52.4972],[-8.3355,52.5],[-8.3388,52.4996],[-8.3393,52.5029],[-8.3349,52.5043],[-8.3365,52.5066],[-8.3353,52.5128],[-8.3395,52.512],[-8.3453,52.5132],[-8.3599,52.5108],[-8.3615,52.5103],[-8.3597,52.5051],[-8.3682,52.5032],[-8.3663,52.4978],[-8.3727,52.4943],[-8.3778,52.4955],[-8.3805,52.4947],[-8.3828,52.4918],[-8.3912,52.4907],[-8.3921,52.4869],[-8.396,52.4843],[-8.3911,52.4799],[-8.3914,52.478],[-8.3898,52.4759],[-8.3916,52.475],[-8.3894,52.4725],[-8.4059,52.4666],[-8.3938,52.4405],[-8.3928,52.4406],[-8.3864,52.4328],[-8.3807,52.4357],[-8.378,52.4418],[-8.3668,52.4455],[-8.356,52.436],[-8.3528,52.4358],[-8.3507,52.4337],[-8.3301,52.4404],[-8.3269,52.4353],[-8.3199,52.4396],[-8.3208,52.4385],[-8.3134,52.4354],[-8.3163,52.4325],[-8.3128,52.4299],[-8.3127,52.4273],[-8.3104,52.425],[-8.3115,52.422],[-8.3096,52.42],[-8.2971,52.4211],[-8.291,52.4169],[-8.284,52.4144],[-8.2813,52.4086],[-8.2837,52.4055],[-8.2826,52.4011],[-8.2699,52.4025],[-8.2683,52.4031],[-8.2673,52.4057],[-8.26,52.4072],[-8.26,52.4082],[-8.2308,52.4103],[-8.2303,52.4076],[-8.2264,52.4045],[-8.2314,52.4031],[-8.2272,52.401],[-8.2287,52.3978],[-8.2272,52.3955],[-8.2285,52.3928],[-8.2285,52.3861],[-8.2173,52.3783],[-8.2175,52.3747],[-8.2144,52.3651],[-8.2208,52.3654],[-8.2221,52.3635],[-8.2302,52.359],[-8.2299,52.3515],[-8.2452,52.3483],[-8.2442,52.3466],[-8.2471,52.3453],[-8.2632,52.3468],[-8.2867,52.347],[-8.2983,52.3502],[-8.3042,52.3469],[-8.3019,52.3436],[-8.3022,52.3398],[-8.3134,52.3379],[-8.314,52.3359],[-8.3156,52.3361],[-8.3226,52.3312],[-8.3238,52.3288],[-8.3218,52.3268],[-8.3244,52.3262],[-8.3185,52.3209],[-8.3237,52.3194],[-8.3336,52.3202],[-8.3318,52.3224],[-8.3334,52.3272],[-8.341,52.3293],[-8.3426,52.3271],[-8.3483,52.3258],[-8.3523,52.3224],[-8.3572,52.3226],[-8.3626,52.3199],[-8.3636,52.3089],[-8.3687,52.3067],[-8.3754,52.3063],[-8.3769,52.3049],[-8.3812,52.3043],[-8.3847,52.3009],[-8.3844,52.2981],[-8.3864,52.2946],[-8.4414,52.2926],[-8.4501,52.2893],[-8.4519,52.2873],[-8.4823,52.2854],[-8.5046,52.2805],[-8.5102,52.2802],[-8.5102,52.2818],[-8.5169,52.2805],[-8.5192,52.2833],[-8.5344,52.2861],[-8.5425,52.2891],[-8.5473,52.2925],[-8.5583,52.3074],[-8.5646,52.3063],[-8.5697,52.3099],[-8.576,52.3105],[-8.5797,52.3101],[-8.5827,52.3058],[-8.5854,52.3071],[-8.5915,52.3145],[-8.5979,52.3187],[-8.6001,52.322],[-8.6018,52.3206],[-8.609,52.3271],[-8.6101,52.3297],[-8.6054,52.3328],[-8.6076,52.3347],[-8.6098,52.336],[-8.6141,52.336],[-8.6165,52.3392],[-8.624,52.3374],[-8.6254,52.3382],[-8.6251,52.3421],[-8.6239,52.3429],[-8.6277,52.3467],[-8.6231,52.3489],[-8.6255,52.3506],[-8.6207,52.3512],[-8.6198,52.3538],[-8.6169,52.3547],[-8.6155,52.3567],[-8.616,52.358],[-8.62,52.3583],[-8.6224,52.3607],[-8.6282,52.3599],[-8.6324,52.357],[-8.6393,52.3597],[-8.6407,52.363],[-8.6402,52.3775],[-8.6438,52.3784],[-8.6473,52.3814],[-8.6532,52.3815],[-8.6552,52.3796],[-8.6558,52.3763],[-8.6711,52.3727],[-8.6747,52.3777],[-8.6715,52.3815],[-8.6724,52.3838],[-8.6911,52.3784],[-8.7003,52.3781],[-8.7063,52.3753],[-8.7093,52.3778],[-8.7158,52.3739],[-8.7242,52.371],[-8.729,52.3724],[-8.7348,52.371],[-8.7475,52.3761],[-8.7498,52.3796],[-8.7588,52.378],[-8.758,52.3807],[-8.7616,52.384],[-8.7622,52.3864],[-8.7612,52.3875],[-8.7508,52.3887],[-8.7562,52.3909],[-8.7566,52.3935],[-8.7606,52.3949],[-8.7618,52.4039],[-8.7652,52.4067],[-8.7653,52.4085],[-8.7631,52.4098],[-8.7605,52.4096],[-8.7589,52.4116],[-8.7586,52.4104],[-8.7528,52.4123],[-8.7513,52.4131],[-8.7536,52.4158],[-8.7531,52.4167],[-8.7509,52.416],[-8.7393,52.4203],[-8.7384,52.422],[-8.7336,52.4241],[-8.7332,52.426],[-8.7359,52.4289],[-8.7339,52.4302],[-8.7341,52.4316],[-8.7258,52.4349],[-8.7221,52.44],[-8.7169,52.4421],[-8.7099,52.4428],[-8.7064,52.4452],[-8.7147,52.4468],[-8.7169,52.4504],[-8.7154,52.4556],[-8.7049,52.4574],[-8.7005,52.4569],[-8.6992,52.4583],[-8.6897,52.4595],[-8.687,52.4628],[-8.6834,52.4587],[-8.6712,52.4629],[-8.6706,52.4642],[-8.6736,52.4674],[-8.6763,52.4671],[-8.6772,52.4706],[-8.6827,52.4734],[-8.6808,52.4745],[-8.6802,52.4772],[-8.661,52.4852],[-8.6597,52.4875],[-8.6552,52.4883],[-8.6544,52.4872],[-8.6562,52.4836],[-8.6546,52.4831],[-8.6517,52.4861],[-8.6466,52.4859],[-8.6438,52.4886],[-8.6354,52.4901],[-8.6361,52.4954],[-8.6342,52.4976],[-8.6324,52.4974],[-8.6297,52.5019],[-8.6273,52.5019],[-8.6266,52.5061],[-8.6237,52.507],[-8.6219,52.5122],[-8.62,52.513],[-8.6008,52.5084],[-8.5976,52.5119],[-8.5992,52.5123],[-8.5982,52.5144],[-8.6057,52.5161],[-8.6046,52.5186],[-8.5989,52.517],[-8.5971,52.5194],[-8.5843,52.5154],[-8.5829,52.5234],[-8.5855,52.53],[-8.5838,52.5309],[-8.5873,52.5316],[-8.589,52.533],[-8.5858,52.532],[-8.5816,52.5332],[-8.5798,52.5361],[-8.58,52.5392],[-8.5773,52.542],[-8.5734,52.5436],[-8.5666,52.5414],[-8.5649,52.5437],[-8.5621,52.5442],[-8.5624,52.5459],[-8.5578,52.5437],[-8.5498,52.5431],[-8.5493,52.5417],[-8.5397,52.5398],[-8.5384,52.5412],[-8.5266,52.5434],[-8.5101,52.5382],[-8.5042,52.5379],[-8.4994,52.5352],[-8.4901,52.5371],[-8.4823,52.5352],[-8.481,52.5342],[-8.4799,52.5301],[-8.4755,52.5289],[-8.4535,52.5329],[-8.4526,52.5339],[-8.454,52.5373],[-8.4467,52.5379],[-8.4434,52.5321],[-8.4343,52.5304],[-8.4318,52.536],[-8.4318,52.5418],[-8.4275,52.5477],[-8.4288,52.5548],[-8.4273,52.5563],[-8.43,52.5577],[-8.4322,52.5618],[-8.4353,52.5639],[-8.4364,52.5664],[-8.4358,52.5695],[-8.4343,52.5712],[-8.4222,52.5683],[-8.4222,52.5702],[-8.4172,52.5768],[-8.4181,52.577],[-8.4108,52.5766],[-8.4131,52.5799],[-8.4072,52.5852],[-8.4091,52.5879],[-8.4025,52.5914],[-8.3968,52.5914],[-8.395,52.5943],[-8.3982,52.6],[-8.4053,52.6026],[-8.4107,52.6064],[-8.4104,52.6094],[-8.4049,52.6171],[-8.4127,52.6267],[-8.4167,52.6275],[-8.4149,52.6281],[-8.4159,52.6313],[-8.4508,52.6284],[-8.4597,52.6321],[-8.4637,52.6319],[-8.4676,52.6343],[-8.461,52.6377],[-8.4611,52.6398],[-8.4568,52.643],[-8.4598,52.6435],[-8.4593,52.6443],[-8.4568,52.6451],[-8.4563,52.6466],[-8.4609,52.6527],[-8.4599,52.6578],[-8.4624,52.6595],[-8.4656,52.6585],[-8.4638,52.6632],[-8.4668,52.6642],[-8.4697,52.6684],[-8.4642,52.6786],[-8.4579,52.6804],[-8.4527,52.6843],[-8.4451,52.6866],[-8.4374,52.6847],[-8.4277,52.6779],[-8.4172,52.6843],[-8.4158,52.6877],[-8.4022,52.6925],[-8.4004,52.6899],[-8.3936,52.6893],[-8.3868,52.6869],[-8.3864,52.683],[-8.3847,52.6814],[-8.3775,52.6816],[-8.3701,52.6838],[-8.3592,52.6793],[-8.3548,52.6805],[-8.3547,52.6821],[-8.3509,52.6822],[-8.3393,52.6859],[-8.3375,52.6872],[-8.3375,52.6892],[-8.3217,52.6895],[-8.3209,52.6914],[-8.3185,52.6902],[-8.317,52.6924],[-8.3152,52.6928],[-8.308,52.692],[-8.3062,52.6926],[-8.3063,52.6942],[-8.2979,52.6943],[-8.2966,52.6963],[-8.292,52.6945],[-8.285,52.6946],[-8.2843,52.6929],[-8.2826,52.6937],[-8.281,52.6917],[-8.2747,52.6905],[-8.2689,52.6885],[-8.2685,52.687],[-8.2531,52.6824],[-8.2538,52.68],[-8.2525,52.6749],[-8.2543,52.6701],[-8.237,52.6689],[-8.2323,52.6666],[-8.2288,52.662],[-8.2272,52.6626],[-8.2286,52.6651],[-8.2248,52.6665],[-8.2244,52.6683],[-8.2207,52.6682],[-8.2158,52.6709],[-8.2107,52.6697],[-8.2109,52.671],[-8.2096,52.6713],[-8.2056,52.6694],[-8.1991,52.6692],[-8.1972,52.6706],[-8.1908,52.6714],[-8.1893,52.671],[-8.1879,52.6681]]]}},{"type":"Feature","properties":{"d":"Mallow","c":"4170L","dv":"Cork North & Cork West","st":"Mallow","hq":"Macroom (Temp)","ad":"Bowling Green, Mallow","ph":"31450","ty":"District HQ","pop":48077,"km2":1246.158},"geometry":{"type":"Polygon","coordinates":[[[-8.5028,52.2481],[-8.5066,52.2397],[-8.5121,52.2405],[-8.5122,52.2374],[-8.5104,52.2376],[-8.5105,52.235],[-8.517,52.2356],[-8.5174,52.2326],[-8.5216,52.2325],[-8.5232,52.2329],[-8.528,52.2382],[-8.5317,52.2383],[-8.5359,52.2362],[-8.5341,52.2341],[-8.5356,52.2314],[-8.5473,52.2295],[-8.5467,52.2266],[-8.548,52.2242],[-8.5681,52.2229],[-8.5663,52.2135],[-8.5639,52.2103],[-8.5577,52.2062],[-8.5566,52.2019],[-8.5533,52.1997],[-8.552,52.1967],[-8.5606,52.1949],[-8.5655,52.1966],[-8.571,52.196],[-8.5726,52.1963],[-8.5744,52.1999],[-8.5805,52.1989],[-8.5816,52.1971],[-8.5872,52.1941],[-8.5897,52.194],[-8.5941,52.1908],[-8.6024,52.1912],[-8.599,52.184],[-8.5989,52.1824],[-8.601,52.1799],[-8.5994,52.1785],[-8.6091,52.175],[-8.6096,52.1734],[-8.6128,52.1717],[-8.6111,52.169],[-8.6023,52.1708],[-8.6003,52.1675],[-8.5926,52.1664],[-8.5816,52.1665],[-8.5709,52.1723],[-8.5675,52.1719],[-8.5664,52.1715],[-8.5683,52.1704],[-8.5674,52.1686],[-8.5683,52.1678],[-8.5602,52.1678],[-8.5452,52.1618],[-8.5386,52.1576],[-8.5348,52.16],[-8.5307,52.159],[-8.536,52.1534],[-8.5359,52.1503],[-8.5435,52.1492],[-8.5399,52.1451],[-8.5339,52.1434],[-8.5311,52.1412],[-8.532,52.1371],[-8.5372,52.1334],[-8.5394,52.1302],[-8.546,52.1261],[-8.5453,52.1234],[-8.5431,52.1217],[-8.5451,52.1155],[-8.5479,52.112],[-8.5467,52.1095],[-8.5473,52.1068],[-8.5398,52.1052],[-8.5345,52.1061],[-8.5316,52.1019],[-8.5337,52.0988],[-8.5358,52.0983],[-8.5374,52.094],[-8.5277,52.0901],[-8.5224,52.0854],[-8.5216,52.0821],[-8.524,52.0762],[-8.5325,52.0725],[-8.5405,52.0719],[-8.5357,52.058],[-8.5435,52.0518],[-8.5547,52.046],[-8.5532,52.0336],[-8.5471,52.0266],[-8.5465,52.0193],[-8.5614,52.0164],[-8.5664,52.0235],[-8.5656,52.0248],[-8.5671,52.0284],[-8.5909,52.0192],[-8.5948,52.0194],[-8.601,52.0174],[-8.6094,52.019],[-8.623,52.0167],[-8.6276,52.0149],[-8.6403,52.0155],[-8.6515,52.0201],[-8.6569,52.0239],[-8.6603,52.0244],[-8.6587,52.026],[-8.6606,52.0301],[-8.6782,52.0288],[-8.6808,52.0303],[-8.683,52.0376],[-8.6869,52.0395],[-8.6883,52.0351],[-8.6933,52.032],[-8.7018,52.0306],[-8.7037,52.0314],[-8.7193,52.0274],[-8.7307,52.0268],[-8.7372,52.0249],[-8.7383,52.0234],[-8.7458,52.0243],[-8.7574,52.0314],[-8.7619,52.0323],[-8.7645,52.0344],[-8.7649,52.0378],[-8.7668,52.0392],[-8.7811,52.0424],[-8.789,52.038],[-8.7974,52.0359],[-8.7973,52.0343],[-8.7994,52.0328],[-8.7996,52.0283],[-8.8048,52.029],[-8.8124,52.0337],[-8.8164,52.0304],[-8.8272,52.0289],[-8.8323,52.0303],[-8.8351,52.034],[-8.8494,52.0287],[-8.8621,52.0285],[-8.8699,52.0306],[-8.8908,52.0317],[-8.8892,52.0354],[-8.8896,52.0379],[-8.8855,52.0436],[-8.891,52.0435],[-8.8963,52.0523],[-8.8943,52.0657],[-8.8931,52.066],[-8.9053,52.0746],[-8.8945,52.0869],[-8.8969,52.0898],[-8.9063,52.0998],[-8.9113,52.0981],[-8.9249,52.0996],[-8.9287,52.1092],[-8.9284,52.1148],[-8.9333,52.122],[-8.9367,52.124],[-8.9402,52.1217],[-8.9459,52.1212],[-8.945,52.1189],[-8.9472,52.116],[-8.9554,52.1155],[-8.9554,52.1129],[-8.9575,52.1113],[-8.9593,52.1118],[-8.9587,52.1139],[-8.9605,52.1148],[-8.9639,52.1131],[-8.975,52.1118],[-8.9822,52.1145],[-8.9814,52.1183],[-8.9832,52.1201],[-8.9837,52.1231],[-8.9829,52.1234],[-8.9855,52.1276],[-8.9817,52.1324],[-8.9859,52.1348],[-8.9839,52.1357],[-8.9838,52.139],[-8.9883,52.1433],[-8.9945,52.1455],[-8.9981,52.149],[-9.0034,52.1511],[-9.0088,52.1596],[-9.0043,52.1625],[-9.008,52.1667],[-9.0066,52.167],[-9.0081,52.1701],[-9.0064,52.1742],[-9.0194,52.1754],[-9.0283,52.1733],[-9.0267,52.1807],[-9.0294,52.1826],[-9.0282,52.1828],[-9.0302,52.1864],[-9.0278,52.1872],[-9.0258,52.1911],[-9.0284,52.1918],[-9.0283,52.193],[-9.03,52.1919],[-9.0306,52.1934],[-9.0374,52.1927],[-9.0382,52.1939],[-9.0449,52.1939],[-9.0528,52.1978],[-9.062,52.1982],[-9.0664,52.1968],[-9.0671,52.1979],[-9.0693,52.1971],[-9.0717,52.1983],[-9.0729,52.1974],[-9.0811,52.2036],[-9.0916,52.2033],[-9.1064,52.2055],[-9.1063,52.2078],[-9.1096,52.2099],[-9.1085,52.2102],[-9.1102,52.2111],[-9.111,52.2143],[-9.1128,52.2159],[-9.1151,52.2157],[-9.1154,52.2168],[-9.1194,52.217],[-9.1206,52.2211],[-9.1196,52.2299],[-9.1326,52.227],[-9.1323,52.2286],[-9.1359,52.2323],[-9.1428,52.2359],[-9.1745,52.2356],[-9.1897,52.2319],[-9.1919,52.233],[-9.1928,52.2395],[-9.1986,52.2415],[-9.2004,52.2389],[-9.2066,52.2363],[-9.2197,52.2366],[-9.2207,52.2312],[-9.2227,52.2291],[-9.2385,52.2221],[-9.2516,52.2231],[-9.2591,52.2305],[-9.2618,52.2352],[-9.2712,52.2332],[-9.2737,52.2315],[-9.2703,52.2495],[-9.2737,52.2546],[-9.2476,52.2646],[-9.2457,52.267],[-9.25,52.2751],[-9.2482,52.2786],[-9.2236,52.2822],[-9.2163,52.2819],[-9.2139,52.2832],[-9.2109,52.29],[-9.2169,52.2954],[-9.2175,52.2982],[-9.2153,52.299],[-9.2142,52.304],[-9.2094,52.3067],[-9.2044,52.3078],[-9.1933,52.3081],[-9.1747,52.3119],[-9.1735,52.3139],[-9.1752,52.3192],[-9.1612,52.3203],[-9.1587,52.3218],[-9.1585,52.3266],[-9.1561,52.3285],[-9.1506,52.3314],[-9.1394,52.3337],[-9.138,52.3361],[-9.1377,52.3421],[-9.136,52.3444],[-9.1196,52.3378],[-9.1125,52.3334],[-9.1043,52.332],[-9.07,52.3317],[-9.0657,52.3269],[-9.0582,52.3243],[-9.0513,52.3235],[-9.0458,52.3208],[-9.0336,52.3224],[-9.0213,52.3171],[-9.0209,52.3149],[-9.0186,52.313],[-9.0052,52.3076],[-8.995,52.2996],[-8.9935,52.295],[-8.9867,52.2922],[-8.9786,52.2923],[-8.9772,52.2933],[-8.9761,52.2925],[-8.9748,52.2928],[-8.9785,52.2964],[-8.9791,52.2991],[-8.985,52.3037],[-8.9859,52.3074],[-8.985,52.3091],[-8.9864,52.3107],[-8.9652,52.3168],[-8.9605,52.3193],[-8.9184,52.3249],[-8.9098,52.3247],[-8.8962,52.3309],[-8.8827,52.332],[-8.8882,52.3365],[-8.8884,52.338],[-8.8814,52.3396],[-8.8824,52.3455],[-8.8771,52.3503],[-8.8764,52.3544],[-8.8731,52.3507],[-8.8675,52.3492],[-8.8657,52.3537],[-8.8519,52.3587],[-8.8494,52.3638],[-8.8517,52.3679],[-8.8495,52.3696],[-8.846,52.3715],[-8.8289,52.3706],[-8.8265,52.3749],[-8.8279,52.3767],[-8.8232,52.38],[-8.823,52.3831],[-8.8049,52.3866],[-8.8026,52.388],[-8.7996,52.3873],[-8.7997,52.3798],[-8.7932,52.3716],[-8.7882,52.3728],[-8.7875,52.3777],[-8.7808,52.3846],[-8.782,52.3855],[-8.7814,52.3877],[-8.7619,52.3822],[-8.7617,52.3797],[-8.758,52.3775],[-8.7498,52.3796],[-8.7475,52.3761],[-8.7348,52.371],[-8.729,52.3724],[-8.7242,52.371],[-8.7158,52.3739],[-8.7093,52.3778],[-8.7063,52.3753],[-8.7003,52.3781],[-8.6911,52.3784],[-8.6724,52.3838],[-8.6715,52.3815],[-8.6739,52.3796],[-8.6746,52.377],[-8.6703,52.3727],[-8.6558,52.3763],[-8.6552,52.3796],[-8.6532,52.3815],[-8.6473,52.3814],[-8.6438,52.3784],[-8.6402,52.3775],[-8.6407,52.363],[-8.6393,52.3597],[-8.6324,52.357],[-8.6282,52.3599],[-8.6224,52.3607],[-8.62,52.3583],[-8.616,52.358],[-8.6155,52.3567],[-8.6169,52.3547],[-8.6198,52.3538],[-8.6207,52.3512],[-8.6255,52.3506],[-8.6231,52.3489],[-8.6277,52.3467],[-8.6239,52.3429],[-8.6251,52.3421],[-8.6254,52.3382],[-8.624,52.3374],[-8.6165,52.3392],[-8.6141,52.336],[-8.6098,52.336],[-8.6076,52.3347],[-8.6054,52.3328],[-8.6101,52.3297],[-8.609,52.3271],[-8.6018,52.3206],[-8.6001,52.322],[-8.5979,52.3187],[-8.5915,52.3145],[-8.5854,52.3071],[-8.5827,52.3058],[-8.5797,52.3101],[-8.576,52.3105],[-8.5697,52.3099],[-8.5646,52.3063],[-8.5583,52.3074],[-8.5473,52.2925],[-8.5425,52.2891],[-8.5344,52.2861],[-8.5192,52.2833],[-8.5169,52.2805],[-8.5102,52.2818],[-8.5102,52.2802],[-8.5046,52.2805],[-8.5028,52.2481]]]}},{"type":"Feature","properties":{"d":"Togher","c":"3930F","dv":"Cork City","st":"Togher","hq":"Angleasea Street","ad":"Casey's Cross, Tramore Road, Cork","ph":"4947120","ty":"District HQ","pop":101418,"km2":207.66},"geometry":{"type":"Polygon","coordinates":[[[-8.2671,51.7925],[-8.279,51.7925],[-8.2825,51.7881],[-8.2909,51.786],[-8.2951,51.7832],[-8.2931,51.7812],[-8.2936,51.7796],[-8.2983,51.7788],[-8.3013,51.7765],[-8.311,51.7753],[-8.3088,51.7714],[-8.2974,51.7678],[-8.2968,51.7671],[-8.299,51.7656],[-8.2974,51.7657],[-8.3,51.7638],[-8.299,51.7634],[-8.3003,51.7621],[-8.2987,51.7616],[-8.2975,51.7592],[-8.2983,51.7586],[-8.297,51.7587],[-8.2983,51.7584],[-8.2961,51.7578],[-8.2981,51.7569],[-8.2967,51.7548],[-8.3019,51.7521],[-8.3028,51.7511],[-8.3016,51.7505],[-8.305,51.7479],[-8.3039,51.7475],[-8.3048,51.7464],[-8.3002,51.7446],[-8.309,51.7417],[-8.3128,51.7451],[-8.3107,51.7413],[-8.3124,51.7405],[-8.3129,51.7382],[-8.3109,51.7373],[-8.3126,51.7347],[-8.3107,51.7336],[-8.3114,51.7315],[-8.3169,51.7306],[-8.317,51.7323],[-8.3183,51.732],[-8.3205,51.7348],[-8.3211,51.7338],[-8.3279,51.7346],[-8.3309,51.7337],[-8.3309,51.7322],[-8.3366,51.7282],[-8.3472,51.7284],[-8.3609,51.7328],[-8.3646,51.7361],[-8.3733,51.7379],[-8.374,51.7398],[-8.3761,51.7394],[-8.379,51.7459],[-8.3887,51.7568],[-8.3807,51.7591],[-8.3815,51.7638],[-8.3856,51.7662],[-8.3855,51.7715],[-8.3884,51.7758],[-8.3957,51.774],[-8.4041,51.7763],[-8.4112,51.7812],[-8.4212,51.7828],[-8.4217,51.7782],[-8.419,51.7718],[-8.4291,51.7704],[-8.4358,51.7802],[-8.4446,51.7851],[-8.4439,51.7871],[-8.4417,51.7883],[-8.449,51.7903],[-8.4614,51.79],[-8.4625,51.7904],[-8.461,51.7916],[-8.468,51.7953],[-8.4776,51.7957],[-8.4862,51.7978],[-8.4874,51.8021],[-8.4909,51.8045],[-8.4921,51.8085],[-8.4961,51.8124],[-8.4938,51.8161],[-8.4921,51.8168],[-8.495,51.819],[-8.4982,51.8271],[-8.5008,51.8277],[-8.5081,51.8328],[-8.5325,51.8393],[-8.5349,51.8364],[-8.5398,51.8356],[-8.5449,51.836],[-8.5479,51.8386],[-8.555,51.8389],[-8.5591,51.837],[-8.5662,51.8401],[-8.5681,51.8438],[-8.5651,51.8466],[-8.5648,51.8502],[-8.5658,51.8517],[-8.562,51.8538],[-8.5605,51.8561],[-8.5613,51.8579],[-8.5648,51.8598],[-8.5652,51.8616],[-8.5631,51.8648],[-8.5666,51.8659],[-8.5682,51.8681],[-8.5634,51.875],[-8.5598,51.8749],[-8.5566,51.8768],[-8.5533,51.8763],[-8.5472,51.8797],[-8.5346,51.8806],[-8.541,51.8851],[-8.5412,51.8888],[-8.5399,51.891],[-8.5442,51.8917],[-8.5451,51.8969],[-8.5438,51.9004],[-8.5308,51.8959],[-8.5211,51.8957],[-8.5156,51.8943],[-8.5049,51.8951],[-8.5013,51.8926],[-8.4948,51.8939],[-8.4933,51.8903],[-8.4892,51.8863],[-8.4802,51.883],[-8.4733,51.8821],[-8.468,51.8835],[-8.4659,51.8871],[-8.4568,51.8834],[-8.4552,51.8874],[-8.4569,51.8883],[-8.4552,51.8901],[-8.4331,51.8883],[-8.429,51.8819],[-8.4225,51.8825],[-8.4112,51.8797],[-8.3901,51.8799],[-8.3782,51.8866],[-8.3554,51.8848],[-8.3424,51.8819],[-8.3305,51.8725],[-8.3284,51.8664],[-8.329,51.842],[-8.3193,51.839],[-8.3041,51.8449],[-8.2909,51.8455],[-8.2909,51.8388],[-8.2954,51.836],[-8.2939,51.827],[-8.2764,51.8285],[-8.2763,51.8133],[-8.2689,51.8134],[-8.2671,51.7925]]]}},{"type":"Feature","properties":{"d":"Anglesea Street","c":"3900D","dv":"Cork City","st":"Anglesea Street","hq":"Anglesea Street","ad":"Anglesea Street, Cork","ph":"4522000","ty":"District HQ","pop":40330,"km2":14.384},"geometry":{"type":"Polygon","coordinates":[[[-8.3782,51.8927],[-8.3782,51.8866],[-8.3901,51.8799],[-8.4112,51.8797],[-8.4225,51.8825],[-8.429,51.8819],[-8.4331,51.8883],[-8.4545,51.8901],[-8.4569,51.8883],[-8.4552,51.8874],[-8.4568,51.8834],[-8.4659,51.8871],[-8.468,51.8835],[-8.4706,51.8823],[-8.4783,51.8826],[-8.4892,51.8863],[-8.4933,51.8903],[-8.4945,51.8937],[-8.5013,51.8926],[-8.5049,51.8951],[-8.4852,51.8982],[-8.4833,51.9003],[-8.4777,51.9014],[-8.4592,51.8995],[-8.4413,51.9023],[-8.4137,51.8993],[-8.399,51.9018],[-8.3942,51.9009],[-8.3782,51.8927]]]}},{"type":"Feature","properties":{"d":"Gurranabraher","c":"4020G","dv":"Cork City","st":"Gurranabraher","hq":"Angleasea Street","ad":"Bakers Road, Gurranabraher, Cork","ph":"4946200","ty":"District HQ","pop":59689,"km2":230.708},"geometry":{"type":"Polygon","coordinates":[[[-8.4609,51.9896],[-8.4624,51.988],[-8.4613,51.9872],[-8.463,51.9864],[-8.4629,51.9845],[-8.4657,51.9819],[-8.4635,51.9756],[-8.4724,51.9747],[-8.473,51.9735],[-8.4717,51.971],[-8.474,51.9683],[-8.474,51.9661],[-8.4783,51.9638],[-8.4817,51.9601],[-8.4817,51.9576],[-8.4864,51.9596],[-8.4923,51.9578],[-8.4989,51.9587],[-8.5009,51.9605],[-8.5071,51.9587],[-8.5084,51.9564],[-8.5036,51.9524],[-8.5182,51.9492],[-8.5237,51.9499],[-8.5261,51.9471],[-8.5252,51.9434],[-8.5273,51.9414],[-8.527,51.937],[-8.5205,51.9347],[-8.525,51.9305],[-8.5198,51.9291],[-8.5195,51.927],[-8.513,51.9259],[-8.4967,51.9263],[-8.4935,51.9248],[-8.494,51.9236],[-8.4908,51.9236],[-8.4882,51.9216],[-8.4744,51.9167],[-8.4809,51.9174],[-8.4914,51.916],[-8.4885,51.9132],[-8.4894,51.9117],[-8.4867,51.911],[-8.4794,51.9048],[-8.4772,51.9046],[-8.4787,51.9023],[-8.4852,51.8982],[-8.4915,51.898],[-8.5074,51.8944],[-8.5308,51.8959],[-8.5438,51.9004],[-8.5451,51.8969],[-8.5442,51.8917],[-8.5399,51.891],[-8.5412,51.8888],[-8.541,51.8851],[-8.5346,51.8806],[-8.5472,51.8797],[-8.5533,51.8763],[-8.5566,51.8768],[-8.5598,51.8749],[-8.5634,51.875],[-8.5682,51.8681],[-8.5666,51.8659],[-8.5631,51.8648],[-8.5652,51.8616],[-8.5648,51.8598],[-8.5613,51.8579],[-8.5605,51.8561],[-8.5679,51.849],[-8.5757,51.8485],[-8.5833,51.8455],[-8.5864,51.842],[-8.5844,51.8359],[-8.5947,51.836],[-8.5975,51.8339],[-8.5971,51.8317],[-8.6122,51.8309],[-8.6208,51.8369],[-8.6238,51.8406],[-8.6313,51.8416],[-8.6429,51.8407],[-8.6489,51.8435],[-8.6565,51.843],[-8.6681,51.8369],[-8.673,51.8383],[-8.6783,51.8465],[-8.6791,51.8494],[-8.6779,51.85],[-8.6803,51.855],[-8.6793,51.8555],[-8.6798,51.8587],[-8.6826,51.863],[-8.686,51.8636],[-8.6873,51.8655],[-8.6865,51.867],[-8.6824,51.8664],[-8.6765,51.8676],[-8.6825,51.871],[-8.6884,51.8785],[-8.6936,51.8788],[-8.7042,51.8768],[-8.7077,51.8805],[-8.7066,51.8887],[-8.7085,51.8908],[-8.7099,51.8963],[-8.7139,51.8996],[-8.712,51.9012],[-8.7108,51.9053],[-8.7078,51.9061],[-8.7014,51.9038],[-8.6918,51.9046],[-8.6923,51.9058],[-8.699,51.9064],[-8.6939,51.908],[-8.6931,51.9121],[-8.6908,51.9146],[-8.6836,51.916],[-8.6899,51.9189],[-8.6905,51.9263],[-8.6848,51.9274],[-8.6816,51.9294],[-8.6827,51.9306],[-8.6815,51.9313],[-8.6742,51.9306],[-8.6697,51.9287],[-8.665,51.9331],[-8.6675,51.9339],[-8.6682,51.9357],[-8.6651,51.938],[-8.6651,51.9421],[-8.67,51.9435],[-8.6723,51.9529],[-8.6841,51.9571],[-8.6863,51.9557],[-8.6953,51.9548],[-8.6972,51.9591],[-8.6947,51.9637],[-8.6954,51.9667],[-8.6912,51.9699],[-8.6797,51.9737],[-8.6628,51.9648],[-8.6623,51.9656],[-8.6531,51.9632],[-8.6486,51.9638],[-8.649,51.9654],[-8.6471,51.9703],[-8.648,51.9723],[-8.6519,51.9755],[-8.6533,51.9785],[-8.659,51.9813],[-8.6557,51.9849],[-8.6556,51.9893],[-8.6545,51.9914],[-8.6517,51.9924],[-8.6506,51.9965],[-8.6554,52.0018],[-8.6665,52.0035],[-8.6715,52.0069],[-8.6703,52.0081],[-8.6696,52.0134],[-8.6627,52.0198],[-8.6603,52.0244],[-8.6569,52.0239],[-8.6515,52.0201],[-8.6403,52.0155],[-8.6276,52.0149],[-8.623,52.0167],[-8.6094,52.019],[-8.601,52.0174],[-8.5948,52.0194],[-8.5909,52.0192],[-8.5671,52.0284],[-8.5656,52.0248],[-8.5664,52.0235],[-8.5614,52.0164],[-8.5399,52.0209],[-8.5193,52.0205],[-8.5136,52.0189],[-8.5034,52.0128],[-8.5019,52.0145],[-8.4871,52.0132],[-8.4786,52.0078],[-8.48,52.0055],[-8.4791,52.0046],[-8.4809,52.0034],[-8.4795,52.0011],[-8.4708,51.9942],[-8.4624,51.9922],[-8.4609,51.9896]]]}},{"type":"Feature","properties":{"d":"Bandon","c":"4300A","dv":"Cork North & Cork West","st":"Bandon","hq":"Macroom (Temp)","ad":"Weir Street, Bandon, Co. Cork","ph":"8852200","ty":"District HQ","pop":42395,"km2":770.433},"geometry":{"type":"Polygon","coordinates":[[[-8.3364,51.7217],[-8.3399,51.7198],[-8.3379,51.7185],[-8.3408,51.7164],[-8.344,51.7155],[-8.347,51.7168],[-8.3492,51.7158],[-8.3527,51.7164],[-8.3531,51.7141],[-8.3549,51.7129],[-8.3564,51.7136],[-8.3555,51.7157],[-8.3577,51.7147],[-8.3585,51.7166],[-8.3733,51.7158],[-8.3781,51.7136],[-8.3779,51.7144],[-8.3795,51.7135],[-8.3818,51.7146],[-8.3834,51.7134],[-8.3831,51.7142],[-8.3859,51.7144],[-8.3861,51.7126],[-8.3876,51.7121],[-8.3863,51.7103],[-8.3875,51.7081],[-8.3928,51.7049],[-8.392,51.7043],[-8.3929,51.7021],[-8.3898,51.7014],[-8.3947,51.7009],[-8.3995,51.7026],[-8.3998,51.7037],[-8.4001,51.7024],[-8.4027,51.7024],[-8.402,51.7029],[-8.403,51.7038],[-8.4068,51.704],[-8.4077,51.7052],[-8.4123,51.7041],[-8.4151,51.7049],[-8.4137,51.704],[-8.4148,51.7031],[-8.4191,51.7036],[-8.4247,51.7011],[-8.4278,51.6962],[-8.4275,51.6948],[-8.4234,51.6928],[-8.4263,51.6929],[-8.4253,51.692],[-8.4289,51.6897],[-8.4289,51.6885],[-8.4278,51.6887],[-8.4287,51.6875],[-8.4315,51.689],[-8.438,51.6857],[-8.4434,51.6861],[-8.4438,51.6877],[-8.4472,51.6895],[-8.4435,51.6923],[-8.451,51.6927],[-8.4543,51.6889],[-8.459,51.6867],[-8.4556,51.6871],[-8.4578,51.6828],[-8.4615,51.6833],[-8.4617,51.6822],[-8.467,51.6822],[-8.4728,51.6801],[-8.4745,51.6787],[-8.474,51.6776],[-8.477,51.6755],[-8.4761,51.674],[-8.4796,51.674],[-8.4787,51.6741],[-8.4807,51.6757],[-8.4849,51.6766],[-8.4935,51.6744],[-8.4939,51.6763],[-8.497,51.6783],[-8.52,51.6794],[-8.5208,51.6779],[-8.5238,51.6769],[-8.516,51.6779],[-8.5126,51.6758],[-8.5179,51.6732],[-8.5274,51.6721],[-8.5286,51.671],[-8.5266,51.6688],[-8.5279,51.6683],[-8.527,51.6664],[-8.529,51.6663],[-8.5278,51.6654],[-8.5301,51.6645],[-8.5329,51.661],[-8.5315,51.661],[-8.5316,51.6597],[-8.5301,51.659],[-8.533,51.6575],[-8.5304,51.6567],[-8.5355,51.6557],[-8.5369,51.6548],[-8.5349,51.6549],[-8.5385,51.6539],[-8.5379,51.653],[-8.5422,51.6525],[-8.5421,51.6507],[-8.5464,51.6486],[-8.5451,51.6473],[-8.5503,51.6462],[-8.5499,51.6447],[-8.5516,51.6427],[-8.5516,51.6416],[-8.5478,51.641],[-8.5458,51.6388],[-8.543,51.6391],[-8.5449,51.637],[-8.5441,51.6353],[-8.5386,51.6334],[-8.5417,51.6316],[-8.5281,51.6278],[-8.5387,51.6236],[-8.5389,51.6221],[-8.5378,51.6221],[-8.5395,51.6215],[-8.5393,51.619],[-8.5406,51.6184],[-8.5393,51.6177],[-8.539,51.6144],[-8.5312,51.6133],[-8.5298,51.6118],[-8.5308,51.611],[-8.5282,51.6094],[-8.5333,51.6042],[-8.5346,51.6043],[-8.5341,51.606],[-8.5432,51.6083],[-8.5451,51.6099],[-8.5453,51.6116],[-8.5428,51.613],[-8.542,51.6154],[-8.5432,51.6185],[-8.5466,51.6187],[-8.5477,51.6209],[-8.5496,51.6211],[-8.5493,51.6224],[-8.5581,51.6232],[-8.5593,51.6246],[-8.5614,51.6233],[-8.563,51.6242],[-8.5586,51.6264],[-8.5586,51.6276],[-8.5605,51.6276],[-8.5591,51.6282],[-8.5601,51.6288],[-8.5585,51.6309],[-8.5628,51.6332],[-8.5637,51.6383],[-8.5709,51.6411],[-8.5742,51.6407],[-8.5779,51.6432],[-8.5829,51.6444],[-8.5858,51.6427],[-8.5933,51.6425],[-8.5978,51.6409],[-8.5977,51.6419],[-8.6077,51.64],[-8.6105,51.6407],[-8.6126,51.6387],[-8.6278,51.6356],[-8.633,51.6373],[-8.6394,51.6369],[-8.6411,51.6394],[-8.6424,51.6397],[-8.6443,51.6362],[-8.6519,51.6363],[-8.6593,51.6345],[-8.6628,51.6373],[-8.6637,51.6389],[-8.663,51.6412],[-8.6663,51.6446],[-8.6673,51.6443],[-8.6655,51.6455],[-8.6681,51.6473],[-8.6698,51.6509],[-8.6718,51.6512],[-8.6728,51.6473],[-8.6809,51.6408],[-8.6871,51.6386],[-8.6966,51.638],[-8.702,51.6363],[-8.711,51.6372],[-8.7097,51.6357],[-8.7105,51.6354],[-8.702,51.6331],[-8.6974,51.6361],[-8.6928,51.6357],[-8.6877,51.6371],[-8.6828,51.6364],[-8.6851,51.6352],[-8.6849,51.632],[-8.6881,51.6291],[-8.6872,51.6288],[-8.6885,51.6279],[-8.6879,51.6271],[-8.6896,51.6271],[-8.6938,51.624],[-8.6929,51.6225],[-8.6968,51.6209],[-8.7006,51.6216],[-8.7021,51.6186],[-8.697,51.6141],[-8.6912,51.6146],[-8.6868,51.6135],[-8.6917,51.6117],[-8.691,51.6098],[-8.6785,51.6089],[-8.6821,51.6066],[-8.6878,51.6062],[-8.6886,51.605],[-8.6911,51.6057],[-8.6905,51.6047],[-8.6935,51.6031],[-8.691,51.6024],[-8.6923,51.6014],[-8.6913,51.6003],[-8.6992,51.5991],[-8.7046,51.5945],[-8.7057,51.5899],[-8.6996,51.5878],[-8.7013,51.5845],[-8.6975,51.5824],[-8.699,51.5809],[-8.6988,51.5787],[-8.7018,51.5782],[-8.7017,51.5762],[-8.7044,51.5773],[-8.7059,51.5769],[-8.7054,51.5762],[-8.7083,51.5767],[-8.7066,51.5734],[-8.7078,51.5713],[-8.7119,51.5718],[-8.7113,51.5709],[-8.7131,51.5696],[-8.7156,51.5696],[-8.7158,51.5707],[-8.7166,51.5695],[-8.7184,51.5697],[-8.7176,51.5712],[-8.7198,51.5727],[-8.7221,51.5719],[-8.7222,51.5728],[-8.7269,51.5728],[-8.7262,51.5739],[-8.7288,51.5752],[-8.7367,51.5715],[-8.7391,51.5731],[-8.7423,51.5728],[-8.7409,51.5741],[-8.7445,51.5772],[-8.7477,51.5748],[-8.7473,51.5728],[-8.7491,51.5724],[-8.7478,51.5723],[-8.748,51.5707],[-8.7503,51.5698],[-8.7515,51.5711],[-8.7495,51.5724],[-8.7516,51.5727],[-8.7514,51.5738],[-8.7566,51.5723],[-8.7593,51.5739],[-8.7574,51.5753],[-8.7581,51.5764],[-8.7524,51.5784],[-8.7507,51.5801],[-8.7506,51.5824],[-8.7523,51.5847],[-8.7555,51.5847],[-8.7549,51.5859],[-8.7565,51.5868],[-8.7541,51.589],[-8.7589,51.5926],[-8.761,51.5922],[-8.7598,51.591],[-8.7629,51.5862],[-8.7673,51.5839],[-8.7744,51.5831],[-8.7749,51.582],[-8.7794,51.5836],[-8.7813,51.5884],[-8.7865,51.5882],[-8.7886,51.5899],[-8.7895,51.5887],[-8.7926,51.5884],[-8.8009,51.5926],[-8.8047,51.5931],[-8.8073,51.5955],[-8.8074,51.6004],[-8.8135,51.6063],[-8.806,51.6092],[-8.8059,51.6104],[-8.8086,51.6109],[-8.8118,51.6174],[-8.809,51.6185],[-8.8068,51.6213],[-8.8041,51.622],[-8.808,51.6249],[-8.8165,51.6248],[-8.821,51.6266],[-8.8249,51.6249],[-8.8273,51.627],[-8.8242,51.6293],[-8.8272,51.6351],[-8.8369,51.6375],[-8.8303,51.64],[-8.8343,51.6468],[-8.8328,51.648],[-8.832,51.653],[-8.8242,51.6538],[-8.8284,51.6566],[-8.8295,51.6615],[-8.8373,51.6636],[-8.8432,51.6685],[-8.8373,51.6711],[-8.8103,51.6725],[-8.809,51.6734],[-8.8083,51.6762],[-8.8132,51.6803],[-8.8118,51.6838],[-8.7969,51.6863],[-8.8005,51.7005],[-8.8055,51.7014],[-8.8061,51.7039],[-8.8095,51.7062],[-8.8134,51.7044],[-8.8184,51.705],[-8.8185,51.7037],[-8.8157,51.7026],[-8.8169,51.7011],[-8.8168,51.698],[-8.8196,51.6938],[-8.8319,51.6905],[-8.8347,51.6873],[-8.8418,51.6885],[-8.8464,51.6922],[-8.8522,51.6912],[-8.864,51.6945],[-8.8689,51.6944],[-8.8725,51.6889],[-8.8761,51.6903],[-8.8914,51.6896],[-8.8987,51.6906],[-8.9084,51.6887],[-8.9115,51.6921],[-8.9182,51.6937],[-8.9217,51.6922],[-8.9186,51.6823],[-8.9224,51.6793],[-8.9288,51.6766],[-8.9345,51.6709],[-8.931,51.6654],[-8.9335,51.6649],[-8.9315,51.6632],[-8.9327,51.663],[-8.9312,51.6586],[-8.9493,51.6571],[-8.9574,51.6593],[-8.9622,51.6613],[-8.9682,51.6677],[-8.9753,51.6723],[-8.9752,51.6842],[-8.9788,51.6918],[-8.9906,51.6911],[-8.9961,51.6871],[-9.0004,51.6894],[-9.0062,51.6902],[-9.007,51.6916],[-9.0024,51.6927],[-9.0016,51.6951],[-9.0157,51.6959],[-9.0116,51.6996],[-9.0133,51.7024],[-9.0167,51.7033],[-9.0197,51.7069],[-9.0267,51.7076],[-9.0322,51.7064],[-9.0294,51.7157],[-9.0259,51.7174],[-9.0206,51.7175],[-9.0184,51.72],[-9.019,51.7219],[-9.0214,51.7215],[-9.0241,51.7269],[-9.0247,51.7312],[-9.0075,51.7337],[-9.0114,51.7343],[-9.016,51.7431],[-9.0221,51.746],[-9.0225,51.7486],[-9.0288,51.7524],[-9.0256,51.7576],[-9.0256,51.7601],[-9.0233,51.7618],[-9.0247,51.7629],[-9.0242,51.7647],[-9.0255,51.7664],[-9.021,51.771],[-9.0285,51.7743],[-9.027,51.7758],[-9.0275,51.7769],[-9.0233,51.7774],[-9.0263,51.78],[-9.0243,51.7836],[-9.0283,51.7874],[-9.0293,51.7901],[-9.0337,51.7914],[-9.0336,51.7943],[-9.0126,51.7958],[-9.0067,51.7986],[-9.006,51.801],[-9.001,51.8021],[-9.0011,51.8042],[-8.9962,51.8064],[-8.9715,51.8091],[-8.9635,51.8076],[-8.9604,51.8085],[-8.9573,51.8069],[-8.9579,51.806],[-8.9557,51.8041],[-8.9405,51.7986],[-8.9232,51.8028],[-8.9196,51.8074],[-8.9114,51.8073],[-8.9077,51.8089],[-8.9074,51.8105],[-8.9037,51.8117],[-8.8979,51.8041],[-8.8947,51.8025],[-8.8955,51.7982],[-8.8932,51.7947],[-8.8889,51.7921],[-8.8809,51.7943],[-8.879,51.7934],[-8.8765,51.7965],[-8.8617,51.8013],[-8.8523,51.8024],[-8.846,51.7965],[-8.846,51.7924],[-8.8419,51.7871],[-8.8357,51.7873],[-8.8299,51.7915],[-8.8259,51.7921],[-8.8182,51.7901],[-8.818,51.7914],[-8.8121,51.7919],[-8.8116,51.7945],[-8.808,51.7921],[-8.7826,51.7975],[-8.7798,51.7974],[-8.7795,51.7954],[-8.7748,51.7946],[-8.7715,51.8023],[-8.7703,51.8039],[-8.7644,51.8058],[-8.7655,51.8073],[-8.7555,51.8062],[-8.7441,51.8033],[-8.7445,51.8042],[-8.7294,51.8081],[-8.7238,51.8033],[-8.7189,51.8088],[-8.7096,51.805],[-8.7077,51.8057],[-8.7058,51.81],[-8.6968,51.8119],[-8.6919,51.8171],[-8.6842,51.8194],[-8.6838,51.8212],[-8.682,51.8222],[-8.6839,51.8236],[-8.6818,51.8276],[-8.6784,51.8299],[-8.6829,51.8306],[-8.685,51.8342],[-8.6775,51.8381],[-8.6681,51.8369],[-8.6565,51.843],[-8.6489,51.8435],[-8.6429,51.8407],[-8.6313,51.8416],[-8.6238,51.8406],[-8.6208,51.8369],[-8.6122,51.8309],[-8.5971,51.8317],[-8.5975,51.8339],[-8.5947,51.836],[-8.5844,51.8359],[-8.5864,51.842],[-8.5833,51.8455],[-8.5757,51.8485],[-8.5679,51.849],[-8.5654,51.8508],[-8.5651,51.8466],[-8.5681,51.843],[-8.5662,51.8401],[-8.5591,51.837],[-8.555,51.8389],[-8.5479,51.8386],[-8.5449,51.836],[-8.537,51.8357],[-8.5325,51.8393],[-8.5094,51.8334],[-8.5008,51.8277],[-8.4982,51.8271],[-8.495,51.819],[-8.4921,51.8168],[-8.4938,51.8161],[-8.4961,51.8124],[-8.4921,51.8085],[-8.4909,51.8045],[-8.4874,51.8021],[-8.4862,51.7978],[-8.4776,51.7957],[-8.468,51.7953],[-8.461,51.7916],[-8.4625,51.7904],[-8.4614,51.79],[-8.449,51.7903],[-8.4417,51.7883],[-8.4439,51.7871],[-8.4446,51.7851],[-8.4358,51.7802],[-8.4291,51.7704],[-8.419,51.7718],[-8.4217,51.7782],[-8.4212,51.7828],[-8.4112,51.7812],[-8.4041,51.7763],[-8.3957,51.774],[-8.3884,51.7758],[-8.3855,51.7715],[-8.3856,51.7662],[-8.3815,51.7638],[-8.3807,51.7591],[-8.3887,51.7568],[-8.379,51.7459],[-8.3761,51.7394],[-8.374,51.7398],[-8.3733,51.7379],[-8.3646,51.7361],[-8.3609,51.7328],[-8.3472,51.7284],[-8.3378,51.7279],[-8.3389,51.7238],[-8.3364,51.7217]]]}},{"type":"Feature","properties":{"d":"Mayfield","c":"3980B","dv":"Cork City","st":"Mayfield","hq":"Angleasea Street","ad":"Colmcille Avenue, Mayfield, Cork","ph":"4558510","ty":"District HQ","pop":57211,"km2":103.575},"geometry":{"type":"Polygon","coordinates":[[[-8.2921,51.957],[-8.315,51.9499],[-8.3124,51.9451],[-8.3095,51.9432],[-8.3139,51.9418],[-8.3152,51.9396],[-8.32,51.9374],[-8.3299,51.9396],[-8.3366,51.9376],[-8.3337,51.9323],[-8.3324,51.9327],[-8.3331,51.9279],[-8.331,51.9263],[-8.3277,51.9116],[-8.3147,51.9107],[-8.3144,51.9096],[-8.311,51.9095],[-8.3052,51.907],[-8.3078,51.907],[-8.3088,51.9055],[-8.3062,51.9039],[-8.3027,51.9039],[-8.3242,51.8963],[-8.3247,51.8888],[-8.3265,51.8865],[-8.3335,51.8819],[-8.3394,51.8804],[-8.3554,51.8848],[-8.3782,51.8866],[-8.3782,51.8927],[-8.3956,51.9015],[-8.4137,51.8993],[-8.4413,51.9023],[-8.4592,51.8995],[-8.4796,51.9013],[-8.4772,51.9046],[-8.4794,51.9048],[-8.4867,51.911],[-8.4894,51.9117],[-8.4885,51.9132],[-8.4914,51.916],[-8.4748,51.917],[-8.4882,51.9216],[-8.4908,51.9236],[-8.494,51.9236],[-8.4935,51.9248],[-8.4967,51.9263],[-8.513,51.9259],[-8.5195,51.927],[-8.5198,51.9291],[-8.525,51.9305],[-8.5205,51.9347],[-8.5246,51.9356],[-8.5272,51.9379],[-8.5273,51.9414],[-8.5252,51.9434],[-8.5261,51.9471],[-8.5237,51.9499],[-8.5182,51.9492],[-8.5036,51.9524],[-8.5084,51.9564],[-8.5071,51.9587],[-8.5009,51.9605],[-8.4989,51.9587],[-8.4923,51.9578],[-8.4864,51.9596],[-8.4817,51.9576],[-8.4817,51.9601],[-8.4783,51.9638],[-8.474,51.9661],[-8.474,51.9683],[-8.4717,51.971],[-8.473,51.9735],[-8.4724,51.9747],[-8.4634,51.9762],[-8.4589,51.975],[-8.4523,51.9755],[-8.4495,51.9738],[-8.4391,51.9719],[-8.4369,51.97],[-8.4374,51.9673],[-8.4296,51.9634],[-8.4183,51.9614],[-8.4139,51.9641],[-8.4084,51.9638],[-8.402,51.966],[-8.398,51.9702],[-8.3947,51.9695],[-8.3866,51.9712],[-8.382,51.97],[-8.3813,51.9721],[-8.3712,51.9727],[-8.3675,51.9746],[-8.3668,51.969],[-8.3535,51.9701],[-8.3534,51.9686],[-8.3468,51.9649],[-8.3413,51.9645],[-8.3313,51.9678],[-8.3242,51.9659],[-8.3196,51.9666],[-8.3188,51.9686],[-8.3092,51.9717],[-8.299,51.9673],[-8.2921,51.957]]]}},{"type":"Feature","properties":{"d":"Macroom","c":"4470K","dv":"Cork North & Cork West","st":"Macroom","hq":"Macroom (Temp)","ad":"Barrack Lane, Macroom, Co. Cork","ph":"20590","ty":"District HQ","pop":41293,"km2":1556.632},"geometry":{"type":"Polygon","coordinates":[[[-8.6471,51.9703],[-8.6489,51.963],[-8.6623,51.9656],[-8.6628,51.9648],[-8.6797,51.9737],[-8.6912,51.9699],[-8.6954,51.9667],[-8.6947,51.9637],[-8.6972,51.9591],[-8.6953,51.9548],[-8.6863,51.9557],[-8.6841,51.9571],[-8.6723,51.9529],[-8.67,51.9435],[-8.6651,51.9421],[-8.6651,51.938],[-8.6682,51.9357],[-8.6675,51.9339],[-8.665,51.9331],[-8.6697,51.9287],[-8.6742,51.9306],[-8.6815,51.9313],[-8.6827,51.9306],[-8.6816,51.9294],[-8.6848,51.9274],[-8.6905,51.9263],[-8.6899,51.9189],[-8.6836,51.916],[-8.6908,51.9146],[-8.6931,51.9121],[-8.6939,51.908],[-8.699,51.9064],[-8.6923,51.9058],[-8.6918,51.9046],[-8.7014,51.9038],[-8.709,51.9062],[-8.7108,51.9053],[-8.712,51.9012],[-8.7139,51.8996],[-8.7099,51.8963],[-8.7085,51.8934],[-8.7085,51.8908],[-8.7064,51.887],[-8.7081,51.8832],[-8.7077,51.8805],[-8.7042,51.8768],[-8.6936,51.8788],[-8.6884,51.8785],[-8.6825,51.871],[-8.6765,51.8676],[-8.6824,51.8664],[-8.6865,51.867],[-8.6873,51.8655],[-8.686,51.8636],[-8.6826,51.863],[-8.6798,51.8587],[-8.6793,51.8555],[-8.6803,51.855],[-8.6779,51.85],[-8.6791,51.8494],[-8.6783,51.8465],[-8.673,51.8383],[-8.6775,51.8381],[-8.685,51.8342],[-8.6829,51.8306],[-8.6784,51.8299],[-8.6818,51.8276],[-8.6839,51.8236],[-8.682,51.8222],[-8.6838,51.8212],[-8.6842,51.8194],[-8.6919,51.8171],[-8.6968,51.8119],[-8.7058,51.81],[-8.7077,51.8057],[-8.7096,51.805],[-8.7189,51.8088],[-8.7238,51.8033],[-8.7294,51.8081],[-8.7445,51.8042],[-8.7441,51.8033],[-8.7555,51.8062],[-8.7655,51.8073],[-8.7644,51.8058],[-8.7703,51.8039],[-8.7715,51.8023],[-8.7748,51.7946],[-8.7795,51.7954],[-8.7798,51.7974],[-8.7826,51.7975],[-8.808,51.7921],[-8.8116,51.7945],[-8.8121,51.7919],[-8.818,51.7914],[-8.8182,51.7901],[-8.8259,51.7921],[-8.8299,51.7915],[-8.8357,51.7873],[-8.8419,51.7871],[-8.846,51.7924],[-8.846,51.7965],[-8.8523,51.8024],[-8.8617,51.8013],[-8.8765,51.7965],[-8.879,51.7934],[-8.8809,51.7943],[-8.8889,51.7921],[-8.8932,51.7947],[-8.8955,51.7982],[-8.8947,51.8025],[-8.8979,51.8041],[-8.9037,51.8117],[-8.9074,51.8105],[-8.9077,51.8089],[-8.9114,51.8073],[-8.9196,51.8074],[-8.9232,51.8028],[-8.9405,51.7986],[-8.9557,51.8041],[-8.9579,51.806],[-8.9573,51.8069],[-8.9604,51.8085],[-8.9635,51.8076],[-8.9715,51.8091],[-8.9962,51.8064],[-9.0011,51.8042],[-9.001,51.8021],[-9.006,51.801],[-9.0067,51.7986],[-9.0126,51.7958],[-9.025,51.7943],[-9.0437,51.7944],[-9.0429,51.7952],[-9.0476,51.7963],[-9.0498,51.7998],[-9.0605,51.8004],[-9.0643,51.802],[-9.0649,51.8007],[-9.0717,51.8002],[-9.0743,51.8011],[-9.0772,51.8042],[-9.0779,51.8006],[-9.099,51.7991],[-9.101,51.8046],[-9.0932,51.813],[-9.1068,51.8124],[-9.1084,51.8144],[-9.1189,51.8165],[-9.1209,51.819],[-9.1234,51.8181],[-9.1302,51.819],[-9.1302,51.821],[-9.1331,51.8217],[-9.1308,51.8227],[-9.1301,51.825],[-9.1439,51.8263],[-9.155,51.8193],[-9.1569,51.8197],[-9.1578,51.8174],[-9.1558,51.8166],[-9.1573,51.812],[-9.1631,51.8065],[-9.1775,51.8076],[-9.1804,51.8091],[-9.2012,51.8069],[-9.2034,51.8028],[-9.2144,51.8013],[-9.2184,51.799],[-9.2253,51.7976],[-9.2309,51.7937],[-9.2285,51.7872],[-9.2379,51.7844],[-9.2477,51.7791],[-9.2605,51.7758],[-9.2769,51.7737],[-9.2857,51.7709],[-9.2894,51.7706],[-9.2948,51.7726],[-9.3005,51.7711],[-9.3038,51.7763],[-9.3086,51.7771],[-9.3061,51.7785],[-9.3063,51.7798],[-9.3034,51.7827],[-9.2995,51.7844],[-9.3006,51.7864],[-9.3023,51.7861],[-9.2971,51.7915],[-9.2976,51.7941],[-9.3,51.795],[-9.3034,51.7933],[-9.3085,51.7932],[-9.3176,51.7952],[-9.3234,51.8007],[-9.3319,51.805],[-9.3354,51.8223],[-9.3423,51.8221],[-9.3462,51.8234],[-9.3489,51.8265],[-9.3557,51.8276],[-9.3598,51.8361],[-9.3567,51.8364],[-9.3491,51.8436],[-9.3435,51.8431],[-9.3292,51.8468],[-9.3258,51.8492],[-9.3251,51.8517],[-9.327,51.8572],[-9.3244,51.8571],[-9.3055,51.8654],[-9.3075,51.8679],[-9.3,51.8721],[-9.3015,51.8791],[-9.2851,51.885],[-9.279,51.8942],[-9.2739,51.8957],[-9.2828,51.902],[-9.289,51.9028],[-9.2907,51.9069],[-9.2876,51.9085],[-9.2877,51.9125],[-9.2857,51.9132],[-9.2858,51.9143],[-9.294,51.9173],[-9.3017,51.9239],[-9.3028,51.9283],[-9.3015,51.933],[-9.3051,51.9386],[-9.3046,51.9412],[-9.3075,51.942],[-9.3033,51.9462],[-9.2909,51.9495],[-9.2812,51.9553],[-9.2621,51.9598],[-9.2604,51.9652],[-9.2553,51.9697],[-9.2371,51.9704],[-9.2338,51.9722],[-9.2129,51.9753],[-9.2031,51.9781],[-9.1942,51.9826],[-9.184,51.9837],[-9.1766,51.9825],[-9.1651,51.9831],[-9.1563,51.9861],[-9.1379,51.9826],[-9.129,51.9874],[-9.1268,51.9918],[-9.1242,51.9919],[-9.1188,51.9982],[-9.1254,52.0078],[-9.1363,52.0048],[-9.1509,52.0065],[-9.1547,52.0058],[-9.1548,52.0069],[-9.1563,52.0058],[-9.1586,52.0073],[-9.162,52.0045],[-9.1621,52.0066],[-9.179,52.0145],[-9.1829,52.0238],[-9.1824,52.028],[-9.1926,52.0248],[-9.216,52.023],[-9.2218,52.0187],[-9.2366,52.014],[-9.2476,52.0129],[-9.2585,52.016],[-9.2751,52.0153],[-9.2898,52.0167],[-9.2999,52.015],[-9.3141,52.0244],[-9.3244,52.0336],[-9.3343,52.037],[-9.335,52.0407],[-9.3404,52.041],[-9.3402,52.0425],[-9.3355,52.0455],[-9.3363,52.0489],[-9.3344,52.0502],[-9.3349,52.0535],[-9.3326,52.0602],[-9.3295,52.0615],[-9.3289,52.0655],[-9.3307,52.0701],[-9.3349,52.0708],[-9.3359,52.0732],[-9.3373,52.0736],[-9.3371,52.076],[-9.3357,52.0766],[-9.339,52.0773],[-9.3372,52.0794],[-9.3398,52.0801],[-9.3355,52.0824],[-9.3384,52.0829],[-9.3351,52.0854],[-9.33,52.087],[-9.3305,52.0881],[-9.3287,52.0897],[-9.3256,52.0898],[-9.3262,52.0907],[-9.3248,52.0913],[-9.3268,52.0914],[-9.3265,52.0925],[-9.3253,52.092],[-9.3265,52.0938],[-9.3227,52.0952],[-9.3246,52.096],[-9.3227,52.096],[-9.3231,52.097],[-9.3194,52.0991],[-9.3207,52.0994],[-9.3194,52.1002],[-9.3206,52.1008],[-9.3199,52.1021],[-9.3214,52.102],[-9.3209,52.103],[-9.3225,52.1039],[-9.3208,52.1047],[-9.3209,52.1064],[-9.323,52.1063],[-9.3237,52.1079],[-9.3222,52.109],[-9.3237,52.1102],[-9.3233,52.1118],[-9.3311,52.1161],[-9.3319,52.1187],[-9.3446,52.1201],[-9.3504,52.1227],[-9.3487,52.1243],[-9.3411,52.1261],[-9.3394,52.1308],[-9.3432,52.1356],[-9.3344,52.1375],[-9.3399,52.1447],[-9.2825,52.1551],[-9.2835,52.1563],[-9.2833,52.1607],[-9.2819,52.1623],[-9.27,52.1679],[-9.2651,52.1686],[-9.2677,52.1696],[-9.2719,52.1758],[-9.2688,52.1775],[-9.2722,52.179],[-9.2743,52.1827],[-9.284,52.183],[-9.2864,52.1842],[-9.2911,52.183],[-9.2925,52.1844],[-9.2848,52.1951],[-9.2634,52.2007],[-9.2513,52.201],[-9.2522,52.2068],[-9.2565,52.2111],[-9.2647,52.2139],[-9.2628,52.2167],[-9.2656,52.2213],[-9.2699,52.2261],[-9.2761,52.2296],[-9.2712,52.2332],[-9.2657,52.2345],[-9.2618,52.2352],[-9.2591,52.2305],[-9.2516,52.2231],[-9.2385,52.2221],[-9.2227,52.2291],[-9.2207,52.2312],[-9.2197,52.2366],[-9.2066,52.2363],[-9.2004,52.2389],[-9.1986,52.2415],[-9.1928,52.2395],[-9.1919,52.233],[-9.1897,52.2319],[-9.1745,52.2356],[-9.1428,52.2359],[-9.1359,52.2323],[-9.1323,52.2286],[-9.1326,52.227],[-9.1196,52.2299],[-9.1206,52.2211],[-9.1194,52.217],[-9.1154,52.2168],[-9.1151,52.2157],[-9.1128,52.2159],[-9.111,52.2143],[-9.1102,52.2111],[-9.1085,52.2102],[-9.1096,52.2099],[-9.1063,52.2078],[-9.1064,52.2055],[-9.0916,52.2033],[-9.0811,52.2036],[-9.0729,52.1974],[-9.0717,52.1983],[-9.0693,52.1971],[-9.0671,52.1979],[-9.0664,52.1968],[-9.062,52.1982],[-9.0528,52.1978],[-9.0449,52.1939],[-9.0382,52.1939],[-9.0374,52.1927],[-9.0306,52.1934],[-9.03,52.1919],[-9.0283,52.193],[-9.0284,52.1918],[-9.0258,52.1911],[-9.0278,52.1872],[-9.0302,52.1864],[-9.0282,52.1828],[-9.0294,52.1826],[-9.0267,52.1807],[-9.0283,52.1733],[-9.0194,52.1754],[-9.0064,52.1742],[-9.0081,52.1701],[-9.0066,52.167],[-9.008,52.1667],[-9.0043,52.1625],[-9.0088,52.1596],[-9.0034,52.1511],[-8.9981,52.149],[-8.9945,52.1455],[-8.9883,52.1433],[-8.9838,52.139],[-8.9839,52.1357],[-8.9859,52.1348],[-8.9817,52.1324],[-8.9855,52.1276],[-8.9829,52.1234],[-8.9837,52.1231],[-8.9832,52.1201],[-8.9814,52.1183],[-8.9822,52.1145],[-8.975,52.1118],[-8.9639,52.1131],[-8.9605,52.1148],[-8.9587,52.1139],[-8.9593,52.1118],[-8.9575,52.1113],[-8.9554,52.1129],[-8.9554,52.1155],[-8.9472,52.116],[-8.945,52.1189],[-8.9459,52.1212],[-8.9402,52.1217],[-8.9367,52.124],[-8.9333,52.122],[-8.9284,52.1148],[-8.9287,52.1092],[-8.9249,52.0996],[-8.9113,52.0981],[-8.9063,52.0998],[-8.8969,52.0898],[-8.8945,52.0869],[-8.9053,52.0746],[-8.8931,52.066],[-8.8943,52.0657],[-8.8963,52.0523],[-8.891,52.0435],[-8.8855,52.0436],[-8.8896,52.0379],[-8.8892,52.0354],[-8.8908,52.0317],[-8.8699,52.0306],[-8.8621,52.0285],[-8.8494,52.0287],[-8.8351,52.034],[-8.8323,52.0303],[-8.8272,52.0289],[-8.8164,52.0304],[-8.8124,52.0337],[-8.8048,52.029],[-8.7996,52.0283],[-8.7994,52.0328],[-8.7973,52.0343],[-8.7974,52.0359],[-8.789,52.038],[-8.7811,52.0424],[-8.7668,52.0392],[-8.7649,52.0378],[-8.7645,52.0344],[-8.7619,52.0323],[-8.7574,52.0314],[-8.7458,52.0243],[-8.7383,52.0234],[-8.7372,52.0249],[-8.7307,52.0268],[-8.7193,52.0274],[-8.7037,52.0314],[-8.7018,52.0306],[-8.6933,52.032],[-8.6883,52.0351],[-8.6869,52.0395],[-8.683,52.0376],[-8.6808,52.0303],[-8.6782,52.0288],[-8.6606,52.0301],[-8.6587,52.026],[-8.6627,52.0198],[-8.6696,52.0134],[-8.6703,52.0081],[-8.6715,52.0069],[-8.6665,52.0035],[-8.6554,52.0018],[-8.6506,51.9965],[-8.6517,51.9924],[-8.6545,51.9914],[-8.6556,51.9893],[-8.6557,51.9849],[-8.659,51.9813],[-8.6533,51.9785],[-8.6471,51.9703]]]}},{"type":"Feature","properties":{"d":"Clonakilty","c":"4400H","dv":"Cork North & Cork West","st":"Clonakilty","hq":"Macroom (Temp)","ad":"McCurtain Hill, Clonakilty, Co. Cork","ph":"8821570","ty":"District HQ","pop":29208,"km2":866.921},"geometry":{"type":"Polygon","coordinates":[[[-8.7969,51.6863],[-8.8118,51.6838],[-8.8132,51.6803],[-8.8081,51.6756],[-8.8103,51.6725],[-8.8373,51.6711],[-8.8432,51.6685],[-8.8373,51.6636],[-8.8295,51.6615],[-8.8284,51.6566],[-8.8242,51.6538],[-8.832,51.653],[-8.8328,51.648],[-8.8343,51.6468],[-8.8303,51.64],[-8.8369,51.6375],[-8.8272,51.6351],[-8.8242,51.6293],[-8.8273,51.627],[-8.8249,51.6249],[-8.821,51.6266],[-8.8165,51.6248],[-8.808,51.6249],[-8.8041,51.622],[-8.8068,51.6213],[-8.809,51.6185],[-8.8118,51.6174],[-8.8086,51.6109],[-8.8059,51.6104],[-8.806,51.6092],[-8.8135,51.6063],[-8.8074,51.6004],[-8.8073,51.5955],[-8.8139,51.5934],[-8.8329,51.5932],[-8.8353,51.5943],[-8.8358,51.5932],[-8.842,51.5943],[-8.8487,51.5928],[-8.8496,51.5938],[-8.8479,51.5949],[-8.8497,51.5978],[-8.8486,51.6002],[-8.8497,51.6012],[-8.8603,51.5979],[-8.8615,51.5951],[-8.8634,51.5967],[-8.8717,51.5944],[-8.8718,51.593],[-8.8679,51.5927],[-8.8662,51.5907],[-8.868,51.5852],[-8.8704,51.5833],[-8.8693,51.5828],[-8.873,51.5796],[-8.8688,51.577],[-8.8692,51.5758],[-8.873,51.5748],[-8.8782,51.5756],[-8.8779,51.5745],[-8.8808,51.5738],[-8.8844,51.5744],[-8.8835,51.5727],[-8.8853,51.5724],[-8.8838,51.572],[-8.8907,51.5701],[-8.8922,51.5706],[-8.8935,51.5693],[-8.8925,51.5674],[-8.8953,51.5679],[-8.8938,51.5659],[-8.8957,51.5646],[-8.8958,51.5624],[-8.8945,51.5623],[-8.8961,51.5606],[-8.8935,51.5591],[-8.8896,51.5593],[-8.892,51.5568],[-8.8893,51.5519],[-8.8918,51.5509],[-8.899,51.5524],[-8.8974,51.5498],[-8.8987,51.5483],[-8.8981,51.547],[-8.903,51.5462],[-8.9029,51.5479],[-8.906,51.5473],[-8.909,51.5453],[-8.9081,51.5448],[-8.909,51.5436],[-8.9162,51.5421],[-8.9168,51.5408],[-8.9187,51.5395],[-8.9182,51.5406],[-8.9208,51.5406],[-8.9207,51.5415],[-8.9225,51.5396],[-8.9243,51.5399],[-8.924,51.5416],[-8.9257,51.542],[-8.924,51.5431],[-8.9259,51.5435],[-8.9247,51.5462],[-8.9261,51.5471],[-8.9327,51.5476],[-8.9401,51.5464],[-8.9445,51.5421],[-8.9432,51.5396],[-8.9411,51.5389],[-8.9423,51.5367],[-8.9467,51.5346],[-8.9469,51.536],[-8.951,51.5351],[-8.9501,51.5343],[-8.9512,51.5338],[-8.9493,51.5341],[-8.9507,51.5331],[-8.9494,51.5331],[-8.9511,51.5321],[-8.9503,51.5323],[-8.9516,51.5295],[-8.9572,51.5296],[-8.9545,51.5311],[-8.958,51.5312],[-8.9519,51.5346],[-8.9536,51.5346],[-8.9524,51.5358],[-8.9548,51.5376],[-8.9532,51.539],[-8.9551,51.5398],[-8.9543,51.5411],[-8.9563,51.5412],[-8.9542,51.5437],[-8.9572,51.5434],[-8.9557,51.5447],[-8.9572,51.5448],[-8.9552,51.5462],[-8.9577,51.5474],[-8.9552,51.5507],[-8.9567,51.5521],[-8.9553,51.5531],[-8.9554,51.5542],[-8.9565,51.5529],[-8.9586,51.5533],[-8.9761,51.5604],[-8.9806,51.5588],[-8.9858,51.5606],[-8.9899,51.5643],[-8.9984,51.5653],[-9.0021,51.5669],[-9.0085,51.5641],[-9.0133,51.5661],[-9.0171,51.5637],[-9.0121,51.5615],[-9.0156,51.5588],[-9.0183,51.5586],[-9.0179,51.5598],[-9.0194,51.5593],[-9.0181,51.5599],[-9.023,51.561],[-9.0267,51.5595],[-9.0292,51.5602],[-9.0315,51.557],[-9.0339,51.5574],[-9.0321,51.5552],[-9.0344,51.5531],[-9.0401,51.5534],[-9.0393,51.5546],[-9.0412,51.5553],[-9.0426,51.558],[-9.0456,51.5579],[-9.0458,51.557],[-9.0427,51.5553],[-9.0454,51.5548],[-9.0455,51.5532],[-9.0493,51.5514],[-9.0582,51.553],[-9.0655,51.5594],[-9.0698,51.56],[-9.071,51.5589],[-9.0707,51.557],[-9.0646,51.5548],[-9.0616,51.5526],[-9.0623,51.5516],[-9.0661,51.5504],[-9.0665,51.5486],[-9.0675,51.5496],[-9.0735,51.5487],[-9.0727,51.5472],[-9.0746,51.5449],[-9.0935,51.5398],[-9.1053,51.54],[-9.1056,51.5294],[-9.1154,51.5146],[-9.1247,51.5107],[-9.1703,51.5107],[-9.1815,51.5049],[-9.1884,51.5041],[-9.1996,51.506],[-9.2015,51.5089],[-9.2054,51.5079],[-9.2081,51.5056],[-9.2061,51.5047],[-9.2091,51.5041],[-9.2122,51.5014],[-9.2116,51.5008],[-9.2163,51.4978],[-9.2135,51.497],[-9.2149,51.4961],[-9.2121,51.4944],[-9.2144,51.4928],[-9.214,51.4914],[-9.2117,51.4909],[-9.2119,51.4888],[-9.209,51.4885],[-9.2094,51.4872],[-9.2121,51.4862],[-9.2116,51.4876],[-9.2137,51.4858],[-9.2149,51.4874],[-9.2144,51.4859],[-9.2164,51.4854],[-9.2201,51.4867],[-9.2254,51.4835],[-9.226,51.4818],[-9.2297,51.4807],[-9.23,51.4819],[-9.2328,51.4816],[-9.2327,51.4826],[-9.2351,51.4835],[-9.2428,51.4823],[-9.2408,51.4833],[-9.2429,51.4838],[-9.2383,51.487],[-9.2397,51.4874],[-9.2314,51.4914],[-9.2322,51.4928],[-9.2364,51.4924],[-9.235,51.4959],[-9.2358,51.4965],[-9.2379,51.4962],[-9.2406,51.4923],[-9.2513,51.4924],[-9.2616,51.4877],[-9.2649,51.488],[-9.2709,51.4839],[-9.2699,51.4856],[-9.2715,51.4848],[-9.2711,51.4863],[-9.2674,51.4889],[-9.2651,51.4889],[-9.2655,51.4898],[-9.2701,51.4897],[-9.2668,51.4931],[-9.2681,51.4935],[-9.2653,51.4949],[-9.2673,51.4947],[-9.2651,51.4965],[-9.2662,51.4977],[-9.265,51.5006],[-9.2665,51.5017],[-9.2731,51.4988],[-9.2778,51.4978],[-9.2784,51.4988],[-9.2789,51.4974],[-9.2756,51.4968],[-9.2765,51.4952],[-9.2757,51.4949],[-9.2775,51.4933],[-9.2778,51.4947],[-9.2815,51.4937],[-9.2803,51.4943],[-9.2817,51.4938],[-9.2814,51.4957],[-9.2842,51.4939],[-9.2828,51.4951],[-9.2869,51.4945],[-9.2845,51.4971],[-9.2856,51.4984],[-9.2879,51.4931],[-9.2919,51.4901],[-9.2958,51.4903],[-9.2986,51.4876],[-9.305,51.4853],[-9.3055,51.4866],[-9.3086,51.4864],[-9.3208,51.4785],[-9.3257,51.4782],[-9.3387,51.473],[-9.3389,51.4617],[-9.3533,51.4615],[-9.3535,51.4717],[-9.3563,51.4703],[-9.358,51.4715],[-9.3625,51.4709],[-9.3619,51.4726],[-9.3635,51.4721],[-9.3629,51.4748],[-9.367,51.4698],[-9.3681,51.4705],[-9.3716,51.4687],[-9.3757,51.4704],[-9.3767,51.4688],[-9.3817,51.4703],[-9.3811,51.4724],[-9.3827,51.4728],[-9.3809,51.4757],[-9.3864,51.4727],[-9.3883,51.4731],[-9.3873,51.4743],[-9.3915,51.4742],[-9.3902,51.4699],[-9.4009,51.4569],[-9.4378,51.4434],[-9.4736,51.4278],[-9.5083,51.4158],[-9.5205,51.418],[-9.5314,51.4234],[-9.5333,51.4311],[-9.5282,51.4392],[-9.5062,51.4665],[-9.4957,51.4738],[-9.4955,51.4803],[-9.5001,51.4891],[-9.4019,51.5412],[-9.394,51.5503],[-9.3945,51.5549],[-9.3902,51.5572],[-9.3884,51.5629],[-9.3777,51.5642],[-9.3759,51.5676],[-9.3733,51.567],[-9.3715,51.5683],[-9.3708,51.5714],[-9.367,51.573],[-9.3667,51.5755],[-9.3705,51.5761],[-9.3702,51.5787],[-9.3723,51.5794],[-9.3743,51.5852],[-9.3732,51.5855],[-9.3767,51.5934],[-9.3738,51.5969],[-9.3774,51.6016],[-9.3774,51.6036],[-9.3606,51.6078],[-9.3507,51.6089],[-9.3487,51.6083],[-9.348,51.6051],[-9.3361,51.6052],[-9.3296,51.6065],[-9.3288,51.6039],[-9.3226,51.603],[-9.3179,51.6008],[-9.3088,51.6027],[-9.3066,51.602],[-9.3027,51.6042],[-9.2947,51.605],[-9.2931,51.6096],[-9.2873,51.6125],[-9.278,51.6105],[-9.2754,51.6082],[-9.2695,51.6073],[-9.2672,51.6054],[-9.2644,51.6058],[-9.2648,51.6073],[-9.2632,51.6086],[-9.2376,51.6099],[-9.2331,51.6156],[-9.2337,51.6177],[-9.227,51.6225],[-9.2391,51.6305],[-9.2412,51.6391],[-9.2316,51.6406],[-9.2316,51.6418],[-9.2259,51.6445],[-9.2207,51.6441],[-9.2102,51.6476],[-9.2067,51.6475],[-9.1987,51.651],[-9.1855,51.6471],[-9.1809,51.6516],[-9.1739,51.6541],[-9.159,51.6562],[-9.1547,51.6578],[-9.1534,51.6636],[-9.1553,51.6647],[-9.158,51.664],[-9.1603,51.6657],[-9.1579,51.6679],[-9.1619,51.6718],[-9.1673,51.6748],[-9.1773,51.6699],[-9.1864,51.6761],[-9.1785,51.6796],[-9.1874,51.6808],[-9.1897,51.6835],[-9.1884,51.6867],[-9.1963,51.6903],[-9.2057,51.6922],[-9.2133,51.6995],[-9.2285,51.6982],[-9.2382,51.6949],[-9.2407,51.6976],[-9.2399,51.699],[-9.2408,51.7003],[-9.238,51.7036],[-9.2355,51.7044],[-9.2302,51.7157],[-9.2374,51.7148],[-9.239,51.7182],[-9.2501,51.7187],[-9.2496,51.7203],[-9.2519,51.7262],[-9.2514,51.7288],[-9.2544,51.7313],[-9.2572,51.7317],[-9.2718,51.7276],[-9.2665,51.7406],[-9.269,51.7429],[-9.2815,51.7427],[-9.2906,51.7406],[-9.2981,51.7421],[-9.297,51.7472],[-9.2977,51.7505],[-9.2957,51.7557],[-9.2966,51.7594],[-9.2996,51.7593],[-9.3013,51.7607],[-9.3042,51.7598],[-9.3104,51.7622],[-9.3155,51.7617],[-9.315,51.7649],[-9.3002,51.7715],[-9.2948,51.7726],[-9.2894,51.7706],[-9.2857,51.7709],[-9.2769,51.7737],[-9.2605,51.7758],[-9.2477,51.7791],[-9.2379,51.7844],[-9.2285,51.7872],[-9.2309,51.7937],[-9.2253,51.7976],[-9.2184,51.799],[-9.2144,51.8013],[-9.2034,51.8028],[-9.2012,51.8069],[-9.1804,51.8091],[-9.1775,51.8076],[-9.1631,51.8065],[-9.1573,51.812],[-9.1558,51.8166],[-9.1578,51.8174],[-9.1569,51.8197],[-9.155,51.8193],[-9.1439,51.8263],[-9.1301,51.825],[-9.1308,51.8227],[-9.1331,51.8217],[-9.1302,51.821],[-9.1292,51.8187],[-9.1209,51.819],[-9.1189,51.8165],[-9.1084,51.8144],[-9.1068,51.8124],[-9.0932,51.813],[-9.101,51.8046],[-9.099,51.7991],[-9.0779,51.8006],[-9.0772,51.8042],[-9.0743,51.8011],[-9.0717,51.8002],[-9.0626,51.8019],[-9.0605,51.8004],[-9.0498,51.7998],[-9.0476,51.7963],[-9.0429,51.7952],[-9.0437,51.7944],[-9.0336,51.7943],[-9.0337,51.7914],[-9.0293,51.7901],[-9.0283,51.7874],[-9.0243,51.7836],[-9.0263,51.78],[-9.0233,51.7774],[-9.0275,51.7769],[-9.027,51.7758],[-9.0285,51.7743],[-9.021,51.771],[-9.0255,51.7664],[-9.0242,51.7647],[-9.0247,51.7629],[-9.0233,51.7618],[-9.0256,51.7601],[-9.0256,51.7576],[-9.0288,51.7524],[-9.0225,51.7486],[-9.0221,51.746],[-9.016,51.7431],[-9.0114,51.7343],[-9.0075,51.7337],[-9.0247,51.7312],[-9.0241,51.7269],[-9.0214,51.7215],[-9.019,51.7219],[-9.0184,51.72],[-9.0206,51.7175],[-9.0259,51.7174],[-9.0294,51.7157],[-9.0322,51.7064],[-9.0267,51.7076],[-9.0197,51.7069],[-9.0167,51.7033],[-9.0133,51.7024],[-9.0116,51.6996],[-9.0157,51.6959],[-9.0016,51.6951],[-9.0024,51.6927],[-9.007,51.6916],[-9.0062,51.6902],[-9.0004,51.6894],[-8.9961,51.6871],[-8.9906,51.6911],[-8.9788,51.6918],[-8.9752,51.6842],[-8.9753,51.6723],[-8.9682,51.6677],[-8.9622,51.6613],[-8.9493,51.6571],[-8.9312,51.6586],[-8.9327,51.663],[-8.9315,51.6632],[-8.9335,51.6649],[-8.931,51.6654],[-8.9345,51.6709],[-8.9288,51.6766],[-8.9224,51.6793],[-8.9186,51.6823],[-8.9217,51.6922],[-8.9182,51.6937],[-8.9115,51.6921],[-8.9084,51.6887],[-8.8987,51.6906],[-8.8914,51.6896],[-8.8761,51.6903],[-8.8725,51.6889],[-8.8689,51.6944],[-8.864,51.6945],[-8.8522,51.6912],[-8.8464,51.6922],[-8.8418,51.6885],[-8.8347,51.6873],[-8.8319,51.6905],[-8.8196,51.6938],[-8.8168,51.698],[-8.8169,51.7011],[-8.8157,51.7026],[-8.8185,51.7037],[-8.8184,51.705],[-8.8134,51.7044],[-8.8095,51.7062],[-8.8061,51.7039],[-8.8055,51.7014],[-8.8005,51.7005],[-8.7969,51.6863]]]}},{"type":"Feature","properties":{"d":"Bantry","c":"4370B","dv":"Cork North & Cork West","st":"Bantry","hq":"Macroom (Temp)","ad":"The Quay, Bantry, Co. Cork","ph":"20860","ty":"District HQ","pop":20583,"km2":1227.567},"geometry":{"type":"Polygon","coordinates":[[[-9.1534,51.6629],[-9.1558,51.6573],[-9.1739,51.6541],[-9.1809,51.6516],[-9.1855,51.6471],[-9.1987,51.651],[-9.2067,51.6475],[-9.2102,51.6476],[-9.2207,51.6441],[-9.2259,51.6445],[-9.2316,51.6418],[-9.2316,51.6406],[-9.2412,51.6391],[-9.2391,51.6305],[-9.227,51.6225],[-9.2337,51.6177],[-9.2331,51.6156],[-9.2376,51.6099],[-9.2632,51.6086],[-9.2648,51.6073],[-9.2644,51.6058],[-9.2672,51.6054],[-9.2695,51.6073],[-9.2754,51.6082],[-9.278,51.6105],[-9.2873,51.6125],[-9.2931,51.6096],[-9.2947,51.605],[-9.3027,51.6042],[-9.3066,51.602],[-9.3088,51.6027],[-9.3179,51.6008],[-9.3226,51.603],[-9.3288,51.6039],[-9.3296,51.6065],[-9.3361,51.6052],[-9.348,51.6051],[-9.3487,51.6083],[-9.3507,51.6089],[-9.3606,51.6078],[-9.3774,51.6036],[-9.3774,51.6016],[-9.3738,51.5969],[-9.3767,51.5934],[-9.3732,51.5855],[-9.3743,51.5852],[-9.3723,51.5794],[-9.3702,51.5787],[-9.3705,51.5761],[-9.3667,51.5755],[-9.367,51.573],[-9.3708,51.5714],[-9.3715,51.5683],[-9.3733,51.567],[-9.3759,51.5676],[-9.3777,51.5642],[-9.3884,51.5629],[-9.3902,51.5572],[-9.3945,51.5549],[-9.394,51.5503],[-9.4019,51.5412],[-9.5001,51.4891],[-9.4955,51.4803],[-9.4957,51.4738],[-9.5062,51.4665],[-9.5238,51.4659],[-9.5559,51.4719],[-9.5847,51.4852],[-9.6017,51.4824],[-9.6216,51.4813],[-9.6385,51.4866],[-9.6443,51.4967],[-9.6451,51.5096],[-9.6425,51.5118],[-9.6441,51.5116],[-9.6434,51.5131],[-9.6457,51.5132],[-9.6443,51.5141],[-9.6465,51.5143],[-9.6448,51.5154],[-9.6464,51.5157],[-9.6446,51.5165],[-9.6467,51.518],[-9.6433,51.5188],[-9.6429,51.5201],[-9.6475,51.522],[-9.6465,51.5208],[-9.6493,51.5197],[-9.6476,51.5161],[-9.65,51.5146],[-9.65,51.5164],[-9.6513,51.5138],[-9.6599,51.5142],[-9.6569,51.5165],[-9.6604,51.5161],[-9.6583,51.5174],[-9.6627,51.5164],[-9.6604,51.5184],[-9.6668,51.5169],[-9.6617,51.5148],[-9.6634,51.5131],[-9.6619,51.5112],[-9.6598,51.5118],[-9.6562,51.5102],[-9.6585,51.5079],[-9.6567,51.507],[-9.6613,51.5036],[-9.6622,51.501],[-9.6642,51.5005],[-9.6634,51.4996],[-9.6695,51.5001],[-9.6676,51.5017],[-9.6701,51.5023],[-9.6687,51.503],[-9.6699,51.5038],[-9.6666,51.506],[-9.6698,51.5069],[-9.672,51.5053],[-9.6718,51.5035],[-9.6739,51.5032],[-9.675,51.5039],[-9.6743,51.5048],[-9.6769,51.5033],[-9.6765,51.504],[-9.6805,51.504],[-9.6824,51.5025],[-9.6819,51.5015],[-9.6847,51.5025],[-9.6879,51.4998],[-9.6873,51.4991],[-9.6903,51.4997],[-9.6914,51.4979],[-9.6964,51.4963],[-9.6972,51.4972],[-9.6988,51.4951],[-9.7076,51.4946],[-9.7079,51.4962],[-9.7099,51.4956],[-9.7079,51.4945],[-9.7045,51.4942],[-9.704,51.4933],[-9.7059,51.4924],[-9.7037,51.4897],[-9.7056,51.4879],[-9.7041,51.4878],[-9.7063,51.484],[-9.7005,51.4843],[-9.705,51.4822],[-9.7037,51.4815],[-9.7095,51.4796],[-9.7081,51.4796],[-9.709,51.4784],[-9.7073,51.4789],[-9.7073,51.4778],[-9.7032,51.4787],[-9.7044,51.4763],[-9.7068,51.4768],[-9.711,51.4746],[-9.7203,51.4728],[-9.7178,51.475],[-9.7131,51.4759],[-9.7112,51.4781],[-9.7145,51.4776],[-9.7141,51.4783],[-9.7186,51.4755],[-9.724,51.4753],[-9.7321,51.4714],[-9.7391,51.4706],[-9.7413,51.4678],[-9.7401,51.4671],[-9.7517,51.4642],[-9.7488,51.4624],[-9.7441,51.4623],[-9.7234,51.4699],[-9.7042,51.4724],[-9.7056,51.4714],[-9.7006,51.472],[-9.702,51.4703],[-9.7006,51.4697],[-9.7099,51.4702],[-9.7153,51.4677],[-9.7197,51.4679],[-9.7303,51.4616],[-9.7428,51.4617],[-9.7439,51.4606],[-9.7412,51.4595],[-9.7405,51.4587],[-9.7415,51.4581],[-9.7463,51.4569],[-9.7455,51.4578],[-9.7469,51.4578],[-9.7465,51.4597],[-9.7494,51.4584],[-9.7501,51.4592],[-9.7564,51.4551],[-9.7556,51.4546],[-9.7582,51.4521],[-9.7643,51.4493],[-9.7678,51.4496],[-9.7692,51.4484],[-9.7696,51.4493],[-9.7719,51.4476],[-9.7716,51.4486],[-9.7733,51.4483],[-9.7708,51.4493],[-9.7715,51.4497],[-9.7701,51.4501],[-9.7693,51.4531],[-9.7748,51.4523],[-9.7699,51.4539],[-9.7696,51.4552],[-9.7612,51.4594],[-9.7604,51.4608],[-9.7626,51.4633],[-9.7708,51.4634],[-9.7726,51.4649],[-9.7714,51.4661],[-9.7722,51.4685],[-9.7752,51.4688],[-9.7799,51.468],[-9.7813,51.4627],[-9.7862,51.4587],[-9.7858,51.4572],[-9.7966,51.4499],[-9.8043,51.4493],[-9.8044,51.4504],[-9.81,51.4482],[-9.8084,51.4507],[-9.8128,51.4498],[-9.8122,51.4506],[-9.8167,51.4514],[-9.8172,51.4502],[-9.8215,51.4491],[-9.8181,51.4508],[-9.8212,51.4507],[-9.8153,51.4533],[-9.8173,51.4536],[-9.8157,51.4547],[-9.8183,51.4557],[-9.8165,51.4569],[-9.8199,51.4565],[-9.8147,51.4592],[-9.8169,51.4604],[-9.8197,51.4593],[-9.8176,51.4605],[-9.8193,51.4603],[-9.8184,51.4626],[-9.8142,51.4647],[-9.816,51.4647],[-9.8129,51.4675],[-9.8148,51.4673],[-9.8127,51.4691],[-9.8141,51.469],[-9.8066,51.4733],[-9.8089,51.4732],[-9.8069,51.4747],[-9.8091,51.4739],[-9.8084,51.4747],[-9.813,51.4752],[-9.8108,51.4763],[-9.8157,51.4756],[-9.8155,51.4782],[-9.8183,51.4779],[-9.8183,51.4792],[-9.8223,51.4773],[-9.823,51.4785],[-9.8264,51.4777],[-9.8244,51.4786],[-9.8254,51.4791],[-9.8293,51.4778],[-9.8284,51.4789],[-9.8338,51.4787],[-9.8302,51.4818],[-9.8391,51.4814],[-9.8285,51.4867],[-9.8231,51.4862],[-9.8225,51.488],[-9.8141,51.492],[-9.8061,51.494],[-9.8034,51.4935],[-9.7993,51.4955],[-9.7968,51.4948],[-9.7867,51.4989],[-9.788,51.5007],[-9.7745,51.5066],[-9.7769,51.5083],[-9.7724,51.5122],[-9.7578,51.5164],[-9.7558,51.5184],[-9.7591,51.5176],[-9.7593,51.5187],[-9.751,51.5227],[-9.7508,51.5214],[-9.7479,51.5233],[-9.7451,51.5211],[-9.742,51.5211],[-9.7404,51.5226],[-9.7385,51.5223],[-9.7363,51.5251],[-9.7329,51.5255],[-9.7358,51.5265],[-9.7304,51.5263],[-9.7316,51.5251],[-9.7208,51.525],[-9.7163,51.5277],[-9.7177,51.5279],[-9.7153,51.528],[-9.7153,51.5271],[-9.7106,51.5275],[-9.7116,51.527],[-9.7098,51.5269],[-9.7099,51.5255],[-9.706,51.5277],[-9.6922,51.5298],[-9.6829,51.5338],[-9.6838,51.5339],[-9.6801,51.5368],[-9.6754,51.5382],[-9.6708,51.5432],[-9.6723,51.5433],[-9.6692,51.5444],[-9.6664,51.5443],[-9.6676,51.542],[-9.6629,51.5393],[-9.6619,51.5407],[-9.6591,51.5406],[-9.6571,51.5434],[-9.6537,51.5413],[-9.6527,51.5445],[-9.657,51.5449],[-9.6564,51.5442],[-9.6578,51.5446],[-9.6604,51.5429],[-9.6633,51.5437],[-9.6629,51.5454],[-9.6574,51.5482],[-9.6589,51.5489],[-9.652,51.5522],[-9.647,51.5518],[-9.6454,51.553],[-9.6589,51.5564],[-9.6793,51.5561],[-9.6797,51.5663],[-9.6452,51.5668],[-9.6422,51.5658],[-9.6246,51.5699],[-9.6147,51.5742],[-9.6214,51.5781],[-9.6027,51.5818],[-9.5883,51.589],[-9.5855,51.5895],[-9.5827,51.5883],[-9.5829,51.5912],[-9.5841,51.5915],[-9.5823,51.5925],[-9.5848,51.593],[-9.5839,51.594],[-9.585,51.5949],[-9.5813,51.5962],[-9.5833,51.5959],[-9.5823,51.5968],[-9.5832,51.5969],[-9.5747,51.6009],[-9.5685,51.6014],[-9.5604,51.6049],[-9.5535,51.6018],[-9.5431,51.6052],[-9.5406,51.6046],[-9.5391,51.6054],[-9.5418,51.6065],[-9.5415,51.6082],[-9.5371,51.6103],[-9.5345,51.6099],[-9.5343,51.6084],[-9.5325,51.611],[-9.5356,51.6103],[-9.5404,51.6134],[-9.544,51.6139],[-9.5399,51.6168],[-9.5407,51.6177],[-9.5452,51.6163],[-9.5486,51.6175],[-9.552,51.6163],[-9.5535,51.6125],[-9.5622,51.6088],[-9.5629,51.6095],[-9.5599,51.611],[-9.5667,51.6131],[-9.5719,51.6128],[-9.5796,51.6099],[-9.5821,51.6115],[-9.585,51.6115],[-9.598,51.6078],[-9.5997,51.607],[-9.5983,51.6067],[-9.5991,51.6061],[-9.6015,51.6069],[-9.6047,51.606],[-9.6054,51.6044],[-9.6035,51.6045],[-9.6063,51.6028],[-9.604,51.6014],[-9.6059,51.6002],[-9.6083,51.6],[-9.6075,51.6013],[-9.6088,51.6019],[-9.6167,51.6008],[-9.6163,51.5992],[-9.6216,51.5977],[-9.6155,51.5981],[-9.6201,51.5961],[-9.624,51.5955],[-9.6217,51.5972],[-9.6247,51.5989],[-9.6283,51.5983],[-9.6341,51.6],[-9.6367,51.5989],[-9.6392,51.5971],[-9.6351,51.5968],[-9.6404,51.5921],[-9.6386,51.5923],[-9.6446,51.5885],[-9.6474,51.5881],[-9.6467,51.5893],[-9.6507,51.588],[-9.6535,51.5841],[-9.6607,51.5813],[-9.6619,51.581],[-9.6584,51.5839],[-9.6603,51.5847],[-9.6651,51.5835],[-9.6646,51.5847],[-9.6727,51.5824],[-9.6759,51.583],[-9.6831,51.5769],[-9.6892,51.5799],[-9.6918,51.5798],[-9.6952,51.5774],[-9.6969,51.5747],[-9.6961,51.5733],[-9.6981,51.5725],[-9.7119,51.5703],[-9.7144,51.5722],[-9.7195,51.5697],[-9.7256,51.5697],[-9.7267,51.567],[-9.7311,51.5648],[-9.7302,51.5645],[-9.7314,51.5638],[-9.7289,51.5641],[-9.7307,51.5634],[-9.7298,51.5626],[-9.7309,51.562],[-9.7296,51.5622],[-9.7307,51.5618],[-9.7294,51.5614],[-9.7311,51.5606],[-9.7277,51.561],[-9.73,51.5597],[-9.7353,51.5594],[-9.7347,51.5603],[-9.7364,51.5608],[-9.7328,51.5627],[-9.7337,51.5627],[-9.7332,51.5636],[-9.7366,51.5624],[-9.7377,51.5627],[-9.7356,51.5637],[-9.7434,51.5632],[-9.7452,51.5612],[-9.7568,51.5574],[-9.758,51.558],[-9.7555,51.5592],[-9.756,51.5599],[-9.7602,51.5588],[-9.7605,51.5596],[-9.7641,51.5569],[-9.7633,51.5565],[-9.7641,51.5556],[-9.7755,51.55],[-9.7767,51.5508],[-9.7866,51.5496],[-9.7888,51.5508],[-9.792,51.5499],[-9.7927,51.5512],[-9.8054,51.5442],[-9.8118,51.5441],[-9.8163,51.5418],[-9.8232,51.5436],[-9.8262,51.5419],[-9.8329,51.5417],[-9.8388,51.5399],[-9.838,51.5402],[-9.8398,51.5409],[-9.8425,51.5401],[-9.8434,51.5402],[-9.8424,51.5404],[-9.843,51.5419],[-9.8515,51.5411],[-9.8488,51.5436],[-9.8363,51.5484],[-9.8375,51.5485],[-9.8353,51.5504],[-9.828,51.5535],[-9.812,51.5582],[-9.8139,51.5583],[-9.8119,51.5586],[-9.8067,51.5637],[-9.7931,51.5676],[-9.7912,51.5671],[-9.7914,51.5681],[-9.7867,51.5698],[-9.7862,51.5706],[-9.7874,51.5708],[-9.7856,51.5717],[-9.7894,51.5719],[-9.7872,51.5732],[-9.7906,51.5729],[-9.788,51.5744],[-9.7921,51.5741],[-9.7848,51.5761],[-9.7858,51.5769],[-9.7837,51.5781],[-9.7855,51.5779],[-9.7846,51.5797],[-9.7732,51.5821],[-9.7723,51.5831],[-9.7696,51.5827],[-9.7657,51.586],[-9.7548,51.5903],[-9.749,51.594],[-9.7415,51.5936],[-9.742,51.5953],[-9.7371,51.597],[-9.7271,51.5999],[-9.7185,51.6002],[-9.7194,51.6018],[-9.7154,51.6045],[-9.7166,51.6049],[-9.7037,51.6092],[-9.6985,51.6121],[-9.7019,51.612],[-9.6996,51.6134],[-9.6912,51.6137],[-9.6842,51.6157],[-9.6832,51.6177],[-9.6822,51.617],[-9.6722,51.6229],[-9.6596,51.6269],[-9.6501,51.6288],[-9.6429,51.6282],[-9.6346,51.6297],[-9.6104,51.6367],[-9.6095,51.6373],[-9.6119,51.6369],[-9.6002,51.6418],[-9.581,51.6456],[-9.569,51.65],[-9.5727,51.65],[-9.5697,51.6508],[-9.5705,51.6521],[-9.5741,51.6521],[-9.5675,51.6541],[-9.569,51.6541],[-9.5646,51.6549],[-9.5645,51.6535],[-9.5612,51.653],[-9.5394,51.6579],[-9.5223,51.6597],[-9.5192,51.6618],[-9.5091,51.6634],[-9.5085,51.6688],[-9.5039,51.671],[-9.5042,51.6754],[-9.5474,51.6748],[-9.5484,51.7018],[-9.5052,51.7023],[-9.5054,51.7113],[-9.4763,51.7117],[-9.4601,51.6981],[-9.4539,51.703],[-9.4534,51.7073],[-9.456,51.7084],[-9.4512,51.7111],[-9.4519,51.7119],[-9.4497,51.7137],[-9.4499,51.7151],[-9.4445,51.7186],[-9.4454,51.7192],[-9.4404,51.7195],[-9.438,51.7212],[-9.4399,51.722],[-9.4395,51.7234],[-9.4464,51.721],[-9.4466,51.7187],[-9.4504,51.7194],[-9.4586,51.7164],[-9.4573,51.7173],[-9.4582,51.719],[-9.4598,51.7185],[-9.4586,51.7202],[-9.4543,51.7215],[-9.4493,51.7262],[-9.4501,51.7277],[-9.4547,51.7281],[-9.451,51.7307],[-9.4521,51.7318],[-9.449,51.7335],[-9.4489,51.7363],[-9.4495,51.7341],[-9.4534,51.7321],[-9.4539,51.7306],[-9.463,51.726],[-9.4696,51.721],[-9.4742,51.7201],[-9.4755,51.718],[-9.4803,51.716],[-9.4863,51.7147],[-9.4864,51.7156],[-9.4899,51.714],[-9.4919,51.7145],[-9.491,51.7161],[-9.4924,51.7164],[-9.4906,51.7181],[-9.492,51.719],[-9.5018,51.7164],[-9.5034,51.718],[-9.5051,51.7178],[-9.5059,51.7186],[-9.5043,51.7196],[-9.506,51.721],[-9.5032,51.7242],[-9.5076,51.7257],[-9.5096,51.7247],[-9.5096,51.727],[-9.5145,51.7264],[-9.5128,51.7278],[-9.5152,51.7288],[-9.5189,51.7265],[-9.5289,51.7262],[-9.5338,51.7306],[-9.5338,51.7364],[-9.5507,51.7286],[-9.5495,51.7285],[-9.5502,51.7269],[-9.5484,51.7269],[-9.5504,51.7259],[-9.5488,51.726],[-9.5497,51.7254],[-9.5434,51.7243],[-9.5449,51.7228],[-9.5428,51.7218],[-9.5499,51.719],[-9.5505,51.7177],[-9.5485,51.7168],[-9.5501,51.715],[-9.5498,51.7128],[-9.5562,51.7138],[-9.56,51.7129],[-9.5618,51.7098],[-9.5639,51.7096],[-9.5645,51.7082],[-9.5742,51.7049],[-9.5732,51.7072],[-9.5751,51.7069],[-9.5774,51.7084],[-9.5768,51.7089],[-9.5806,51.71],[-9.5821,51.709],[-9.5825,51.7072],[-9.5814,51.7063],[-9.5841,51.7012],[-9.5902,51.6981],[-9.5951,51.6979],[-9.5982,51.695],[-9.596,51.6936],[-9.5977,51.6927],[-9.6091,51.6887],[-9.6145,51.6885],[-9.6237,51.6809],[-9.6346,51.6799],[-9.6385,51.6781],[-9.6378,51.6772],[-9.639,51.6764],[-9.648,51.6749],[-9.6494,51.6736],[-9.6511,51.6735],[-9.6505,51.6754],[-9.6532,51.6742],[-9.6571,51.6747],[-9.6755,51.6704],[-9.6681,51.6749],[-9.6738,51.6765],[-9.6682,51.6793],[-9.6683,51.6816],[-9.6652,51.6837],[-9.6661,51.6842],[-9.6641,51.6854],[-9.665,51.6857],[-9.6673,51.6833],[-9.6708,51.6829],[-9.6753,51.6786],[-9.6786,51.6776],[-9.6823,51.6786],[-9.6843,51.6772],[-9.6877,51.6783],[-9.6983,51.6776],[-9.6994,51.6789],[-9.7022,51.6782],[-9.7031,51.6791],[-9.7058,51.6763],[-9.7181,51.6763],[-9.7176,51.6773],[-9.7202,51.6779],[-9.7168,51.6784],[-9.7169,51.6804],[-9.7143,51.6816],[-9.7166,51.6826],[-9.7156,51.6833],[-9.7168,51.6831],[-9.7161,51.6846],[-9.7198,51.6865],[-9.7194,51.6882],[-9.7251,51.6883],[-9.7232,51.6889],[-9.722,51.6913],[-9.7252,51.6915],[-9.7241,51.6925],[-9.7254,51.6926],[-9.7215,51.6943],[-9.7251,51.6933],[-9.7324,51.6894],[-9.7369,51.6852],[-9.73,51.6846],[-9.7336,51.6823],[-9.7291,51.6826],[-9.7278,51.6814],[-9.7283,51.6781],[-9.7244,51.675],[-9.7256,51.6739],[-9.7239,51.6734],[-9.7262,51.6723],[-9.7256,51.6708],[-9.7276,51.6694],[-9.7312,51.6695],[-9.7319,51.6671],[-9.7346,51.668],[-9.7365,51.667],[-9.7381,51.6676],[-9.7368,51.6685],[-9.7385,51.6684],[-9.7378,51.6706],[-9.7419,51.6703],[-9.7427,51.6698],[-9.7401,51.67],[-9.7424,51.6688],[-9.7445,51.6685],[-9.7435,51.6691],[-9.7447,51.6708],[-9.7463,51.6709],[-9.7422,51.6532],[-9.7438,51.6515],[-9.751,51.6513],[-9.7563,51.6661],[-9.7648,51.6627],[-9.763,51.6622],[-9.7687,51.6614],[-9.7736,51.6622],[-9.7788,51.6591],[-9.7857,51.6607],[-9.7894,51.6598],[-9.7941,51.6606],[-9.7917,51.6592],[-9.8006,51.6581],[-9.8012,51.656],[-9.7784,51.6467],[-9.78,51.6415],[-9.79,51.6319],[-9.8248,51.6185],[-9.865,51.6139],[-9.8809,51.609],[-9.893,51.6081],[-9.9071,51.6095],[-9.9167,51.6135],[-9.9209,51.6182],[-9.921,51.6243],[-9.9245,51.624],[-9.9246,51.6227],[-9.9271,51.622],[-9.9251,51.6212],[-9.9261,51.6207],[-9.929,51.6216],[-9.9312,51.6204],[-9.9339,51.6157],[-9.9368,51.6145],[-9.9401,51.617],[-9.9539,51.615],[-9.9561,51.6153],[-9.9557,51.6167],[-9.9649,51.6151],[-9.9658,51.6161],[-9.9651,51.6174],[-9.9665,51.6183],[-9.9653,51.6194],[-9.9668,51.6198],[-9.9652,51.6205],[-9.9659,51.6216],[-9.9692,51.6199],[-9.9682,51.6178],[-9.9695,51.6166],[-9.9739,51.6164],[-9.9796,51.6117],[-9.9847,51.6115],[-9.9849,51.6125],[-9.9915,51.606],[-9.9999,51.6042],[-10.0021,51.6013],[-10.0064,51.5988],[-10.0115,51.5971],[-10.0121,51.5987],[-10.0221,51.5944],[-10.0284,51.5956],[-10.0384,51.589],[-10.048,51.5916],[-10.0453,51.5926],[-10.047,51.5927],[-10.0447,51.5942],[-10.0405,51.5945],[-10.0425,51.5935],[-10.0373,51.5947],[-10.0351,51.5961],[-10.035,51.5977],[-10.0536,51.5932],[-10.051,51.5961],[-10.0517,51.5971],[-10.0447,51.5989],[-10.0419,51.601],[-10.0426,51.6024],[-10.0455,51.6038],[-10.0523,51.602],[-10.0519,51.6035],[-10.0536,51.6024],[-10.0565,51.603],[-10.0562,51.604],[-10.0573,51.6025],[-10.0616,51.6013],[-10.0639,51.6027],[-10.0624,51.6038],[-10.0654,51.6037],[-10.0821,51.5913],[-10.0983,51.5838],[-10.1474,51.5779],[-10.2404,51.5773],[-10.2856,51.5826],[-10.3073,51.5894],[-10.3046,51.5962],[-10.1365,51.6228],[-10.1311,51.6232],[-10.1273,51.621],[-10.129,51.6143],[-10.131,51.6136],[-10.1272,51.6126],[-10.1214,51.6149],[-10.1192,51.6132],[-10.1162,51.6161],[-10.1044,51.6192],[-10.1009,51.6193],[-10.1,51.6178],[-10.0963,51.6187],[-10.0887,51.6234],[-10.09,51.6235],[-10.0866,51.6246],[-10.0851,51.6236],[-10.086,51.6228],[-10.0813,51.6213],[-10.0823,51.62],[-10.0765,51.6198],[-10.0698,51.6234],[-10.0658,51.6229],[-10.0622,51.6249],[-10.0632,51.6261],[-10.0617,51.6288],[-10.0591,51.6293],[-10.0585,51.6312],[-10.0607,51.6335],[-10.0677,51.633],[-10.0665,51.6342],[-10.0692,51.6346],[-10.0645,51.6361],[-10.0655,51.6363],[-10.0585,51.6409],[-10.0603,51.6406],[-10.0604,51.6422],[-10.0622,51.6424],[-10.0617,51.6433],[-10.0628,51.6425],[-10.059,51.6465],[-10.0594,51.6478],[-10.0558,51.6485],[-10.0572,51.6489],[-10.0554,51.6498],[-10.0573,51.6516],[-10.0566,51.6521],[-10.0589,51.6515],[-10.0579,51.6545],[-10.0646,51.6533],[-10.068,51.6542],[-10.0697,51.6517],[-10.0716,51.6511],[-10.0729,51.6531],[-10.0753,51.653],[-10.0732,51.6544],[-10.0773,51.6531],[-10.0781,51.6541],[-10.0782,51.6561],[-10.0741,51.6574],[-10.0748,51.6583],[-10.0789,51.6584],[-10.0813,51.6569],[-10.081,51.6584],[-10.0831,51.658],[-10.084,51.6606],[-10.0878,51.6592],[-10.097,51.6602],[-10.1003,51.6592],[-10.0979,51.6612],[-10.0994,51.661],[-10.0983,51.6623],[-10.1008,51.6619],[-10.1012,51.6637],[-10.106,51.6639],[-10.1042,51.6646],[-10.1049,51.6657],[-10.1008,51.6677],[-10.0962,51.6674],[-10.0948,51.6698],[-10.097,51.6709],[-10.0903,51.6746],[-10.0862,51.6746],[-10.0867,51.6738],[-10.0835,51.6736],[-10.0824,51.6721],[-10.0791,51.6726],[-10.0773,51.6713],[-10.0757,51.6719],[-10.0772,51.672],[-10.0758,51.673],[-10.0765,51.6735],[-10.0727,51.6753],[-10.0733,51.676],[-10.0722,51.6769],[-10.0702,51.6752],[-10.0706,51.6731],[-10.0603,51.671],[-10.0559,51.6689],[-10.0562,51.668],[-10.0454,51.6711],[-10.0391,51.6744],[-10.0394,51.6761],[-10.035,51.6776],[-10.0306,51.6784],[-10.0277,51.6756],[-10.0228,51.6754],[-10.0214,51.6737],[-10.0172,51.6724],[-10.0107,51.6729],[-10.0054,51.6764],[-9.9989,51.6757],[-9.9997,51.6776],[-10.0038,51.6783],[-10.0008,51.6806],[-9.9986,51.6849],[-9.9934,51.6859],[-9.9845,51.6822],[-9.9726,51.685],[-9.9717,51.6876],[-9.9698,51.6877],[-9.9686,51.6884],[-9.9747,51.6888],[-9.9663,51.6931],[-9.9683,51.6948],[-9.972,51.6954],[-9.9687,51.6962],[-9.9682,51.6972],[-9.9691,51.6973],[-9.9632,51.7004],[-9.9638,51.7012],[-9.9628,51.7014],[-9.964,51.7017],[-9.9629,51.7017],[-9.9639,51.702],[-9.9631,51.7027],[-9.9653,51.7034],[-9.9577,51.7084],[-9.9533,51.708],[-9.9528,51.7096],[-9.9486,51.7115],[-9.9566,51.7101],[-9.9635,51.7074],[-9.9716,51.7017],[-9.9863,51.7008],[-10.0191,51.7021],[-10.0392,51.7063],[-10.0415,51.7105],[-10.0279,51.7205],[-9.884,51.7669],[-9.8743,51.7679],[-9.867,51.7641],[-9.867,51.7554],[-9.877,51.7486],[-9.8757,51.747],[-9.8695,51.7484],[-9.8662,51.7477],[-9.8568,51.7513],[-9.8574,51.7499],[-9.8544,51.7499],[-9.8542,51.7471],[-9.8472,51.7401],[-9.8407,51.7355],[-9.8335,51.733],[-9.84,51.7262],[-9.8444,51.7236],[-9.838,51.7191],[-9.8255,51.7187],[-9.8239,51.7174],[-9.8237,51.7086],[-9.8254,51.7062],[-9.8277,51.7057],[-9.8269,51.7008],[-9.8337,51.6943],[-9.8215,51.6882],[-9.819,51.6901],[-9.8091,51.6922],[-9.7989,51.6927],[-9.7914,51.6888],[-9.791,51.6938],[-9.7879,51.6971],[-9.7816,51.7013],[-9.7774,51.7023],[-9.7753,51.7046],[-9.7711,51.7056],[-9.766,51.7099],[-9.7609,51.7116],[-9.7624,51.7167],[-9.7606,51.7197],[-9.7523,51.7245],[-9.7307,51.7326],[-9.7279,51.7374],[-9.7237,51.7398],[-9.7162,51.7395],[-9.708,51.7437],[-9.7024,51.7445],[-9.6916,51.7423],[-9.6857,51.7451],[-9.669,51.7471],[-9.6648,51.7496],[-9.657,51.7641],[-9.6504,51.765],[-9.6462,51.7694],[-9.6407,51.7719],[-9.6229,51.7855],[-9.6151,51.7872],[-9.5993,51.7878],[-9.5812,51.7841],[-9.5669,51.7895],[-9.5607,51.7895],[-9.555,51.7877],[-9.5398,51.7904],[-9.5358,51.7876],[-9.5243,51.787],[-9.4969,51.79],[-9.481,51.7896],[-9.4715,51.7934],[-9.4613,51.7949],[-9.4636,51.798],[-9.4608,51.7993],[-9.4518,51.7993],[-9.4434,51.8025],[-9.4461,51.8073],[-9.441,51.8139],[-9.4382,51.8234],[-9.4346,51.8263],[-9.4286,51.8248],[-9.4124,51.8259],[-9.4078,51.8252],[-9.3994,51.8283],[-9.3883,51.8364],[-9.3831,51.8368],[-9.3701,51.8354],[-9.3598,51.8361],[-9.3557,51.8276],[-9.3489,51.8265],[-9.3462,51.8234],[-9.3423,51.8221],[-9.3354,51.8223],[-9.3319,51.805],[-9.3234,51.8007],[-9.3176,51.7952],[-9.3085,51.7932],[-9.3034,51.7933],[-9.3,51.795],[-9.2976,51.7941],[-9.2971,51.7915],[-9.3023,51.7861],[-9.3006,51.7864],[-9.2995,51.7844],[-9.3034,51.7827],[-9.3063,51.7798],[-9.3061,51.7785],[-9.3086,51.7771],[-9.3038,51.7763],[-9.3005,51.7711],[-9.315,51.7649],[-9.3155,51.7617],[-9.3104,51.7622],[-9.3042,51.7598],[-9.3013,51.7607],[-9.2996,51.7593],[-9.2966,51.7594],[-9.2957,51.7557],[-9.2977,51.7505],[-9.297,51.7472],[-9.2981,51.7421],[-9.2906,51.7406],[-9.2776,51.7431],[-9.269,51.7429],[-9.2671,51.7416],[-9.2683,51.7352],[-9.27,51.7337],[-9.2718,51.7276],[-9.2572,51.7317],[-9.2544,51.7313],[-9.2514,51.7288],[-9.2519,51.7262],[-9.2496,51.7203],[-9.2501,51.7187],[-9.239,51.7182],[-9.2374,51.7148],[-9.2302,51.7157],[-9.2355,51.7044],[-9.238,51.7036],[-9.2408,51.7003],[-9.2399,51.699],[-9.2407,51.6976],[-9.2382,51.6949],[-9.2285,51.6982],[-9.2133,51.6995],[-9.2057,51.6922],[-9.1963,51.6903],[-9.1884,51.6867],[-9.1897,51.6835],[-9.1874,51.6808],[-9.1785,51.6796],[-9.1864,51.6761],[-9.1829,51.6731],[-9.1773,51.6699],[-9.1673,51.6748],[-9.1579,51.6679],[-9.1603,51.6657],[-9.1589,51.6644],[-9.1553,51.6647],[-9.1534,51.6629]]]}},{"type":"Feature","properties":{"d":"Killarney","c":"4650G","dv":"Kerry","st":"Killarney","hq":"Tralee","ad":"New Road, Killarney, Co. Kerry","ph":"6671160","ty":"District HQ","pop":54671,"km2":2512.085},"geometry":{"type":"Polygon","coordinates":[[[-9.1188,51.9982],[-9.1242,51.9919],[-9.1268,51.9918],[-9.129,51.9874],[-9.1379,51.9826],[-9.1563,51.9861],[-9.1651,51.9831],[-9.1766,51.9825],[-9.184,51.9837],[-9.1942,51.9826],[-9.2031,51.9781],[-9.2129,51.9753],[-9.2338,51.9722],[-9.2371,51.9704],[-9.2553,51.9697],[-9.2604,51.9652],[-9.2621,51.9598],[-9.2812,51.9553],[-9.2909,51.9495],[-9.3033,51.9462],[-9.3075,51.942],[-9.3046,51.9412],[-9.3051,51.9386],[-9.3015,51.933],[-9.3028,51.9283],[-9.3017,51.9239],[-9.294,51.9173],[-9.2858,51.9143],[-9.2857,51.9132],[-9.2877,51.9125],[-9.2876,51.9085],[-9.2907,51.9069],[-9.289,51.9028],[-9.2828,51.902],[-9.2739,51.8957],[-9.279,51.8942],[-9.2851,51.885],[-9.3015,51.8791],[-9.3,51.8721],[-9.3075,51.8679],[-9.3055,51.8654],[-9.3244,51.8571],[-9.327,51.8572],[-9.3251,51.8517],[-9.3258,51.8492],[-9.3303,51.8462],[-9.3435,51.8431],[-9.3491,51.8436],[-9.3567,51.8364],[-9.3701,51.8354],[-9.3883,51.8364],[-9.3994,51.8283],[-9.4078,51.8252],[-9.4124,51.8259],[-9.4286,51.8248],[-9.4346,51.8263],[-9.4382,51.8234],[-9.441,51.8139],[-9.4461,51.8073],[-9.4434,51.8025],[-9.4518,51.7993],[-9.4608,51.7993],[-9.4636,51.798],[-9.4613,51.7949],[-9.4715,51.7934],[-9.481,51.7896],[-9.4969,51.79],[-9.5243,51.787],[-9.5358,51.7876],[-9.5398,51.7904],[-9.555,51.7877],[-9.5607,51.7895],[-9.5669,51.7895],[-9.5812,51.7841],[-9.5993,51.7878],[-9.6151,51.7872],[-9.6229,51.7855],[-9.6407,51.7719],[-9.6462,51.7694],[-9.6504,51.765],[-9.657,51.7641],[-9.6648,51.7496],[-9.669,51.7471],[-9.6857,51.7451],[-9.6916,51.7423],[-9.7024,51.7445],[-9.708,51.7437],[-9.7162,51.7395],[-9.7237,51.7398],[-9.7279,51.7374],[-9.7307,51.7326],[-9.7523,51.7245],[-9.7606,51.7197],[-9.7624,51.7167],[-9.7609,51.7116],[-9.766,51.7099],[-9.7711,51.7056],[-9.7753,51.7046],[-9.7774,51.7023],[-9.7816,51.7013],[-9.7879,51.6971],[-9.791,51.6938],[-9.7914,51.6888],[-9.7989,51.6927],[-9.8091,51.6922],[-9.819,51.6901],[-9.8215,51.6882],[-9.8337,51.6943],[-9.8269,51.7008],[-9.8277,51.7057],[-9.8254,51.7062],[-9.8237,51.7086],[-9.8239,51.7174],[-9.8255,51.7187],[-9.838,51.7191],[-9.8439,51.7226],[-9.8444,51.7236],[-9.8426,51.7255],[-9.84,51.7262],[-9.8335,51.733],[-9.8407,51.7355],[-9.8454,51.7387],[-9.8542,51.7471],[-9.8544,51.7499],[-9.8574,51.7499],[-9.8561,51.7517],[-9.8574,51.7517],[-9.8539,51.7528],[-9.8561,51.7571],[-9.8466,51.7581],[-9.8453,51.7597],[-9.8516,51.7587],[-9.85,51.76],[-9.8534,51.7607],[-9.8515,51.7635],[-9.8551,51.7635],[-9.8563,51.7673],[-9.8546,51.7666],[-9.8497,51.7698],[-9.8508,51.7713],[-9.8543,51.7714],[-9.8483,51.7751],[-9.8474,51.7766],[-9.8484,51.7775],[-9.8393,51.777],[-9.8248,51.7836],[-9.8251,51.7846],[-9.8202,51.7878],[-9.8055,51.7939],[-9.7881,51.7988],[-9.7889,51.7974],[-9.7869,51.7969],[-9.7828,51.7988],[-9.7814,51.7986],[-9.7828,51.7972],[-9.7767,51.7979],[-9.7745,51.7998],[-9.777,51.8007],[-9.7794,51.7996],[-9.7792,51.8023],[-9.7803,51.8029],[-9.7767,51.8056],[-9.7775,51.8078],[-9.7764,51.8079],[-9.7764,51.8058],[-9.7737,51.8065],[-9.7759,51.8066],[-9.7748,51.8087],[-9.7788,51.8085],[-9.7697,51.811],[-9.7712,51.8122],[-9.7648,51.8142],[-9.762,51.8163],[-9.7559,51.8175],[-9.7548,51.8187],[-9.7574,51.8248],[-9.7555,51.8267],[-9.7457,51.8273],[-9.7397,51.8241],[-9.7433,51.8282],[-9.7334,51.8349],[-9.7293,51.8356],[-9.7325,51.8342],[-9.7319,51.8334],[-9.7256,51.8359],[-9.725,51.8374],[-9.717,51.8398],[-9.7153,51.8396],[-9.717,51.839],[-9.7154,51.8384],[-9.7114,51.8385],[-9.6918,51.8422],[-9.6866,51.8412],[-9.6732,51.843],[-9.6754,51.8421],[-9.6706,51.8426],[-9.6685,51.8416],[-9.6695,51.8431],[-9.6652,51.8446],[-9.6606,51.8441],[-9.6624,51.8428],[-9.6523,51.8452],[-9.6451,51.8445],[-9.6401,51.8474],[-9.6435,51.8477],[-9.6439,51.8496],[-9.631,51.8521],[-9.6282,51.8551],[-9.6294,51.8553],[-9.6231,51.8585],[-9.6107,51.8612],[-9.6044,51.8652],[-9.5988,51.8652],[-9.5868,51.87],[-9.5828,51.8697],[-9.5682,51.8747],[-9.5621,51.8743],[-9.5614,51.8761],[-9.5531,51.8816],[-9.5561,51.8811],[-9.5587,51.8833],[-9.5576,51.8834],[-9.5605,51.8839],[-9.564,51.8831],[-9.5681,51.8802],[-9.573,51.88],[-9.5747,51.8781],[-9.5771,51.8782],[-9.5776,51.8774],[-9.5706,51.8775],[-9.5795,51.8754],[-9.5811,51.8762],[-9.5823,51.875],[-9.5806,51.875],[-9.5822,51.8715],[-9.5859,51.8741],[-9.5891,51.8721],[-9.5932,51.8739],[-9.5966,51.873],[-9.598,51.8741],[-9.6009,51.8723],[-9.6024,51.8732],[-9.6015,51.874],[-9.604,51.8736],[-9.6033,51.8725],[-9.6042,51.8728],[-9.6046,51.871],[-9.6089,51.872],[-9.6103,51.8715],[-9.608,51.8711],[-9.6098,51.8693],[-9.6107,51.8708],[-9.6146,51.8686],[-9.6133,51.8708],[-9.6163,51.8682],[-9.6249,51.8675],[-9.6293,51.8634],[-9.6405,51.86],[-9.6469,51.8597],[-9.65,51.8605],[-9.65,51.8624],[-9.6596,51.8616],[-9.6598,51.8604],[-9.6656,51.8591],[-9.6845,51.8615],[-9.6888,51.8602],[-9.6969,51.8602],[-9.731,51.8528],[-9.7428,51.8485],[-9.7449,51.8508],[-9.7436,51.8563],[-9.7472,51.851],[-9.7461,51.8496],[-9.7516,51.8457],[-9.7747,51.8412],[-9.7779,51.8386],[-9.7778,51.8373],[-9.7877,51.8339],[-9.7856,51.8305],[-9.7862,51.8288],[-9.7931,51.8216],[-9.7981,51.8189],[-9.8427,51.8068],[-9.8638,51.7959],[-9.8718,51.7945],[-9.8758,51.7969],[-9.8751,51.8017],[-9.8724,51.8071],[-9.8683,51.8104],[-9.8931,51.8099],[-9.8878,51.8015],[-9.8858,51.7942],[-9.89,51.7887],[-9.9024,51.7843],[-9.9085,51.7839],[-9.9378,51.7929],[-9.9809,51.7807],[-9.9975,51.7727],[-10.0171,51.7678],[-10.0189,51.7685],[-10.0178,51.7717],[-10.0213,51.7735],[-10.0338,51.7733],[-10.0337,51.7752],[-10.0368,51.7753],[-10.0349,51.7776],[-10.0389,51.7758],[-10.0445,51.7705],[-10.0455,51.7714],[-10.0472,51.7704],[-10.0465,51.7728],[-10.0485,51.7712],[-10.0514,51.7737],[-10.0535,51.7718],[-10.052,51.7712],[-10.0539,51.7699],[-10.0556,51.77],[-10.0537,51.7715],[-10.0549,51.7719],[-10.0681,51.7658],[-10.058,51.7668],[-10.058,51.7678],[-10.053,51.7667],[-10.0555,51.7654],[-10.0542,51.7631],[-10.0556,51.7615],[-10.0588,51.7603],[-10.0675,51.7584],[-10.0711,51.7604],[-10.0746,51.7599],[-10.0754,51.7614],[-10.0798,51.7601],[-10.0792,51.7577],[-10.0805,51.7563],[-10.0897,51.7562],[-10.0931,51.7575],[-10.1007,51.756],[-10.1021,51.7551],[-10.0961,51.7479],[-10.0979,51.7465],[-10.1252,51.7372],[-10.1515,51.7344],[-10.1571,51.7353],[-10.1568,51.7378],[-10.1534,51.7412],[-10.1612,51.7406],[-10.1706,51.7353],[-10.1926,51.7338],[-10.2167,51.7277],[-10.2598,51.722],[-10.2667,51.7263],[-10.2615,51.7376],[-10.2298,51.7836],[-10.22,51.7847],[-10.2083,51.784],[-10.2021,51.7824],[-10.2019,51.7812],[-10.1974,51.7828],[-10.1963,51.7852],[-10.1936,51.7848],[-10.193,51.7864],[-10.1884,51.7855],[-10.1801,51.7885],[-10.1812,51.7903],[-10.1775,51.7926],[-10.1776,51.7952],[-10.1801,51.797],[-10.1797,51.7992],[-10.1713,51.8053],[-10.1722,51.807],[-10.1791,51.8092],[-10.176,51.8199],[-10.1724,51.8236],[-10.1769,51.8304],[-10.195,51.8358],[-10.1973,51.8384],[-10.2059,51.8426],[-10.2066,51.8467],[-10.214,51.8443],[-10.2219,51.8446],[-10.2222,51.8455],[-10.2334,51.845],[-10.2361,51.8422],[-10.2404,51.8421],[-10.2408,51.8439],[-10.2471,51.8433],[-10.2543,51.8384],[-10.2536,51.8341],[-10.2547,51.8315],[-10.2584,51.8296],[-10.2616,51.8299],[-10.2656,51.8264],[-10.2683,51.8264],[-10.2662,51.8253],[-10.2641,51.8204],[-10.2578,51.8119],[-10.2573,51.8099],[-10.2605,51.8069],[-10.2889,51.803],[-10.2856,51.808],[-10.2879,51.8088],[-10.2893,51.8068],[-10.2928,51.8055],[-10.2949,51.8021],[-10.2985,51.8015],[-10.2986,51.8027],[-10.3077,51.7947],[-10.3103,51.794],[-10.3105,51.7953],[-10.3157,51.7916],[-10.317,51.7917],[-10.3163,51.7929],[-10.3184,51.7916],[-10.3228,51.7913],[-10.3254,51.7885],[-10.3307,51.7885],[-10.3309,51.7873],[-10.3356,51.7867],[-10.3396,51.7844],[-10.3415,51.7852],[-10.3431,51.7836],[-10.3442,51.7841],[-10.3439,51.7861],[-10.3417,51.7887],[-10.346,51.7897],[-10.3434,51.7911],[-10.3472,51.7924],[-10.3468,51.7941],[-10.3488,51.7962],[-10.3515,51.7952],[-10.3521,51.7966],[-10.3532,51.7955],[-10.3533,51.7969],[-10.3548,51.797],[-10.3534,51.7986],[-10.3474,51.8],[-10.3447,51.7995],[-10.3335,51.8046],[-10.3351,51.8054],[-10.3329,51.8067],[-10.3343,51.8068],[-10.3334,51.8087],[-10.3349,51.8081],[-10.3334,51.8096],[-10.3346,51.8101],[-10.3392,51.8082],[-10.3359,51.8114],[-10.3376,51.8107],[-10.3365,51.8114],[-10.3402,51.813],[-10.3371,51.8161],[-10.3391,51.8155],[-10.3379,51.8163],[-10.3386,51.8172],[-10.3371,51.8171],[-10.3332,51.8197],[-10.3345,51.8202],[-10.3322,51.8206],[-10.3335,51.8214],[-10.331,51.822],[-10.3319,51.823],[-10.3332,51.8222],[-10.3321,51.8237],[-10.3351,51.8233],[-10.3348,51.8246],[-10.3384,51.8243],[-10.336,51.8261],[-10.3379,51.8265],[-10.3376,51.8274],[-10.3342,51.8303],[-10.336,51.8306],[-10.335,51.8319],[-10.3365,51.8324],[-10.3358,51.8351],[-10.3366,51.8359],[-10.3319,51.8388],[-10.3331,51.8392],[-10.3327,51.8406],[-10.3345,51.8401],[-10.3341,51.8424],[-10.3366,51.844],[-10.3354,51.846],[-10.3378,51.8462],[-10.3412,51.8444],[-10.3431,51.8446],[-10.3434,51.846],[-10.3481,51.844],[-10.3492,51.8441],[-10.3476,51.8448],[-10.3503,51.8445],[-10.3503,51.8457],[-10.3572,51.8441],[-10.3564,51.8444],[-10.3602,51.8448],[-10.3564,51.8474],[-10.3613,51.8468],[-10.3732,51.8418],[-10.3829,51.8413],[-10.3873,51.8424],[-10.3975,51.8342],[-10.4559,51.8018],[-10.4968,51.7832],[-10.5381,51.7671],[-10.5463,51.7665],[-10.5505,51.7728],[-10.5115,51.7881],[-10.4746,51.7984],[-10.4113,51.8456],[-10.3869,51.8558],[-10.3826,51.86],[-10.3865,51.861],[-10.3838,51.8637],[-10.385,51.8645],[-10.3921,51.8631],[-10.3867,51.8662],[-10.3889,51.8662],[-10.3859,51.8681],[-10.3875,51.8682],[-10.3863,51.8691],[-10.3905,51.8688],[-10.3878,51.8704],[-10.3872,51.8713],[-10.3894,51.8715],[-10.3873,51.8726],[-10.3936,51.8713],[-10.3966,51.8724],[-10.409,51.8777],[-10.4171,51.8833],[-10.4218,51.8815],[-10.4213,51.8823],[-10.4249,51.8831],[-10.4263,51.8807],[-10.4301,51.8801],[-10.4289,51.8819],[-10.4307,51.8818],[-10.4296,51.8833],[-10.4312,51.8831],[-10.4252,51.8874],[-10.4235,51.8946],[-10.4247,51.8943],[-10.4237,51.8964],[-10.4249,51.8962],[-10.4224,51.8972],[-10.4237,51.8976],[-10.4216,51.8993],[-10.419,51.8999],[-10.4161,51.8987],[-10.4157,51.9021],[-10.4123,51.9049],[-10.4096,51.9049],[-10.4088,51.9058],[-10.4098,51.9067],[-10.407,51.9084],[-10.4093,51.9086],[-10.4082,51.9098],[-10.4109,51.9098],[-10.4101,51.9114],[-10.406,51.9128],[-10.4032,51.912],[-10.3963,51.9144],[-10.3918,51.9139],[-10.3927,51.9143],[-10.3918,51.9151],[-10.3858,51.9148],[-10.3873,51.9142],[-10.3862,51.9138],[-10.3866,51.9125],[-10.3814,51.9144],[-10.3811,51.9134],[-10.3795,51.9137],[-10.3736,51.9165],[-10.3692,51.9164],[-10.3663,51.9196],[-10.3503,51.9252],[-10.3502,51.9286],[-10.3519,51.9313],[-10.3493,51.9312],[-10.354,51.9339],[-10.3519,51.9356],[-10.3496,51.9357],[-10.3497,51.9344],[-10.3428,51.9306],[-10.3376,51.9314],[-10.3341,51.9286],[-10.3299,51.9282],[-10.3299,51.9298],[-10.3246,51.931],[-10.3189,51.9364],[-10.3251,51.9535],[-10.3238,51.9571],[-10.3125,51.9627],[-10.3066,51.962],[-10.3022,51.9633],[-10.3005,51.9623],[-10.2973,51.9644],[-10.2928,51.9641],[-10.2879,51.9692],[-10.2838,51.9678],[-10.2839,51.969],[-10.2823,51.9686],[-10.283,51.9694],[-10.28,51.9707],[-10.2744,51.9654],[-10.2672,51.9671],[-10.2656,51.9649],[-10.2643,51.965],[-10.2637,51.967],[-10.2653,51.9675],[-10.2648,51.9686],[-10.266,51.9682],[-10.2658,51.9699],[-10.2682,51.9723],[-10.2654,51.9781],[-10.2667,51.978],[-10.2656,51.9803],[-10.2641,51.9793],[-10.2638,51.9829],[-10.262,51.9823],[-10.2615,51.9856],[-10.2598,51.9865],[-10.259,51.9877],[-10.26,51.9883],[-10.257,51.9918],[-10.2553,51.992],[-10.2549,51.9893],[-10.2528,51.9896],[-10.2516,51.9912],[-10.249,51.9909],[-10.2466,51.9924],[-10.2431,51.9914],[-10.2416,51.9934],[-10.2378,51.9936],[-10.2363,51.9925],[-10.2321,51.9942],[-10.2304,51.9933],[-10.2284,51.9958],[-10.2247,51.997],[-10.2249,51.9948],[-10.2237,51.9936],[-10.2154,51.9909],[-10.2151,51.9892],[-10.2127,51.9884],[-10.2137,51.9895],[-10.2108,51.9924],[-10.2113,51.998],[-10.2082,51.9997],[-10.2073,52.0024],[-10.2001,52.0055],[-10.1993,52.0047],[-10.1992,52.0057],[-10.1913,52.0099],[-10.1891,52.0095],[-10.1827,52.0123],[-10.1822,52.0113],[-10.1739,52.0118],[-10.1694,52.0143],[-10.1629,52.0142],[-10.159,52.016],[-10.1604,52.0162],[-10.1579,52.0181],[-10.1566,52.0164],[-10.1548,52.0217],[-10.1496,52.0239],[-10.147,52.0238],[-10.1471,52.0226],[-10.1455,52.022],[-10.1434,52.0254],[-10.139,52.0272],[-10.1366,52.0266],[-10.133,52.029],[-10.1312,52.0294],[-10.1322,52.0258],[-10.1307,52.0248],[-10.1247,52.0268],[-10.1244,52.0257],[-10.1194,52.0263],[-10.1192,52.0248],[-10.1171,52.0271],[-10.1134,52.0272],[-10.1076,52.0295],[-10.1068,52.0283],[-10.1082,52.0275],[-10.1064,52.0254],[-10.1008,52.0246],[-10.102,52.0261],[-10.1011,52.0277],[-10.092,52.033],[-10.0868,52.0319],[-10.0871,52.0328],[-10.0844,52.0343],[-10.0766,52.0354],[-10.0745,52.0375],[-10.0705,52.0368],[-10.069,52.039],[-10.0669,52.0397],[-10.0567,52.0405],[-10.0449,52.0369],[-10.0312,52.0366],[-10.025,52.038],[-10.0178,52.0418],[-9.9783,52.0527],[-9.9754,52.0567],[-9.9731,52.0694],[-9.9756,52.0781],[-9.9744,52.0835],[-9.9705,52.0888],[-9.9677,52.0903],[-9.9629,52.0905],[-9.9593,52.09],[-9.9578,52.0892],[-9.96,52.0888],[-9.9637,52.0902],[-9.9607,52.0882],[-9.9664,52.0862],[-9.9691,52.0832],[-9.9692,52.0784],[-9.9675,52.074],[-9.9667,52.0726],[-9.9644,52.0715],[-9.963,52.0699],[-9.9653,52.0714],[-9.9687,52.0703],[-9.9726,52.0596],[-9.9754,52.0554],[-9.9672,52.0569],[-9.9674,52.059],[-9.9597,52.0614],[-9.9607,52.0618],[-9.9578,52.0627],[-9.959,52.0627],[-9.9581,52.0637],[-9.9573,52.0629],[-9.956,52.0649],[-9.9515,52.0657],[-9.9484,52.0723],[-9.9414,52.0746],[-9.9348,52.0788],[-9.9295,52.0799],[-9.9312,52.0828],[-9.9356,52.0844],[-9.9351,52.0862],[-9.9294,52.0904],[-9.9254,52.0954],[-9.9116,52.1008],[-9.9081,52.1063],[-9.9075,52.1103],[-9.9035,52.112],[-9.8997,52.1219],[-9.8988,52.1301],[-9.9008,52.1348],[-9.8994,52.1391],[-9.8957,52.1381],[-9.8938,52.1363],[-9.8964,52.1348],[-9.8954,52.1369],[-9.899,52.1386],[-9.8982,52.1371],[-9.9002,52.1352],[-9.8988,52.1352],[-9.9,52.134],[-9.8976,52.1337],[-9.8983,52.1326],[-9.8995,52.1333],[-9.8982,52.1304],[-9.8966,52.132],[-9.8973,52.1328],[-9.8936,52.1338],[-9.8963,52.1331],[-9.8951,52.1338],[-9.8966,52.1343],[-9.8903,52.1332],[-9.8916,52.1249],[-9.895,52.1202],[-9.8937,52.1186],[-9.8943,52.1173],[-9.8912,52.1159],[-9.8909,52.1144],[-9.8942,52.1138],[-9.8932,52.113],[-9.8951,52.1126],[-9.8934,52.1119],[-9.8954,52.1103],[-9.8944,52.1104],[-9.8949,52.1092],[-9.8932,52.1109],[-9.8902,52.1096],[-9.8911,52.1094],[-9.89,52.1094],[-9.8895,52.1108],[-9.8836,52.1104],[-9.8821,52.1113],[-9.883,52.1128],[-9.8816,52.1112],[-9.8808,52.1111],[-9.8815,52.1116],[-9.8799,52.1128],[-9.8803,52.1112],[-9.8774,52.112],[-9.8785,52.1125],[-9.8775,52.1131],[-9.8759,52.1122],[-9.875,52.1135],[-9.8733,52.1124],[-9.8643,52.1147],[-9.8608,52.1143],[-9.8571,52.1155],[-9.8563,52.1171],[-9.8492,52.1191],[-9.8481,52.1207],[-9.8414,52.1243],[-9.8346,52.126],[-9.8339,52.1274],[-9.8208,52.1255],[-9.8188,52.1271],[-9.8192,52.1282],[-9.815,52.1294],[-9.8156,52.1305],[-9.812,52.1323],[-9.8099,52.1306],[-9.8054,52.1312],[-9.8036,52.1293],[-9.8028,52.1305],[-9.8007,52.1293],[-9.7999,52.1304],[-9.7955,52.131],[-9.7885,52.1269],[-9.7855,52.1287],[-9.7894,52.134],[-9.7908,52.1344],[-9.7898,52.1349],[-9.7936,52.1373],[-9.7981,52.1372],[-9.7971,52.1381],[-9.7997,52.1409],[-9.798,52.1423],[-9.7994,52.1432],[-9.7966,52.1445],[-9.7972,52.1467],[-9.7954,52.1458],[-9.7891,52.1462],[-9.7858,52.1501],[-9.7812,52.1488],[-9.7711,52.1496],[-9.7655,52.152],[-9.7661,52.1538],[-9.7612,52.1573],[-9.7533,52.156],[-9.7509,52.1538],[-9.7514,52.1525],[-9.7565,52.1516],[-9.7551,52.1472],[-9.7525,52.1466],[-9.7453,52.1485],[-9.7467,52.1506],[-9.7453,52.1522],[-9.7363,52.1525],[-9.7358,52.1535],[-9.739,52.1548],[-9.7398,52.1565],[-9.7363,52.159],[-9.7212,52.1622],[-9.715,52.1658],[-9.709,52.1651],[-9.7041,52.1674],[-9.6932,52.1648],[-9.6803,52.1686],[-9.6776,52.1684],[-9.672,52.1642],[-9.6745,52.1618],[-9.6728,52.1586],[-9.6734,52.1578],[-9.6685,52.1497],[-9.6671,52.1397],[-9.6515,52.1402],[-9.6502,52.1391],[-9.6432,52.1395],[-9.6398,52.1377],[-9.635,52.1382],[-9.6336,52.137],[-9.6271,52.1385],[-9.6274,52.1403],[-9.622,52.1423],[-9.6141,52.1437],[-9.6103,52.1431],[-9.6075,52.1451],[-9.6058,52.1488],[-9.5964,52.1515],[-9.5954,52.1503],[-9.5967,52.1481],[-9.5904,52.14],[-9.583,52.1341],[-9.577,52.1267],[-9.5738,52.1258],[-9.5705,52.1271],[-9.5704,52.1313],[-9.565,52.1385],[-9.5602,52.1403],[-9.5584,52.1434],[-9.5591,52.1463],[-9.5611,52.1476],[-9.542,52.1467],[-9.5272,52.142],[-9.5116,52.1428],[-9.4938,52.1407],[-9.4794,52.1358],[-9.453,52.1332],[-9.4483,52.1349],[-9.4422,52.1346],[-9.4343,52.1306],[-9.397,52.1315],[-9.3881,52.1331],[-9.3801,52.1368],[-9.3742,52.1372],[-9.3587,52.1419],[-9.3513,52.1421],[-9.3442,52.1399],[-9.3426,52.1436],[-9.3399,52.1447],[-9.3344,52.1375],[-9.3432,52.1356],[-9.3394,52.1308],[-9.3411,52.1261],[-9.3487,52.1243],[-9.3504,52.1227],[-9.3446,52.1201],[-9.3319,52.1187],[-9.3311,52.1161],[-9.3233,52.1118],[-9.3237,52.1102],[-9.3222,52.109],[-9.3237,52.1079],[-9.323,52.1063],[-9.3209,52.1064],[-9.3208,52.1047],[-9.3225,52.1039],[-9.3209,52.103],[-9.3214,52.102],[-9.3199,52.1021],[-9.3206,52.1008],[-9.3194,52.1002],[-9.3207,52.0994],[-9.3194,52.0991],[-9.3231,52.097],[-9.3227,52.096],[-9.3246,52.096],[-9.3227,52.0952],[-9.3265,52.0938],[-9.3253,52.092],[-9.3265,52.0925],[-9.3268,52.0914],[-9.3248,52.0913],[-9.3262,52.0907],[-9.3256,52.0898],[-9.3287,52.0897],[-9.3305,52.0881],[-9.33,52.087],[-9.3351,52.0854],[-9.3384,52.0829],[-9.3355,52.0824],[-9.3398,52.0801],[-9.3372,52.0794],[-9.339,52.0773],[-9.3357,52.0766],[-9.3371,52.076],[-9.3373,52.0736],[-9.3359,52.0732],[-9.3349,52.0708],[-9.3307,52.0701],[-9.3289,52.0655],[-9.3295,52.0615],[-9.3326,52.0602],[-9.3349,52.0535],[-9.3344,52.0502],[-9.3363,52.0489],[-9.3355,52.0455],[-9.3402,52.0425],[-9.3404,52.041],[-9.335,52.0407],[-9.3343,52.037],[-9.3244,52.0336],[-9.3141,52.0244],[-9.2999,52.015],[-9.2898,52.0167],[-9.2751,52.0153],[-9.2585,52.016],[-9.2476,52.0129],[-9.2366,52.014],[-9.2218,52.0187],[-9.216,52.023],[-9.1926,52.0248],[-9.1824,52.028],[-9.1829,52.0238],[-9.179,52.0145],[-9.1621,52.0066],[-9.162,52.0045],[-9.1586,52.0073],[-9.1563,52.0058],[-9.1548,52.0069],[-9.1547,52.0058],[-9.1509,52.0065],[-9.1363,52.0048],[-9.1254,52.0078],[-9.1188,51.9982]]]}},{"type":"Feature","properties":{"d":"Tralee","c":"4600M","dv":"Kerry","st":"Tralee","hq":"Tralee","ad":"New Road, Tralee, Co. Kerry","ph":"7102300","ty":"District HQ","pop":60126,"km2":1462.167},"geometry":{"type":"Polygon","coordinates":[[[-9.2512,52.2019],[-9.2528,52.2008],[-9.2661,52.2002],[-9.2848,52.1951],[-9.2849,52.1936],[-9.2877,52.1922],[-9.2925,52.1854],[-9.2911,52.183],[-9.2864,52.1842],[-9.284,52.183],[-9.2743,52.1827],[-9.2722,52.179],[-9.2688,52.1775],[-9.2719,52.1758],[-9.2677,52.1696],[-9.2651,52.1686],[-9.27,52.1679],[-9.2819,52.1623],[-9.2833,52.1607],[-9.2835,52.1563],[-9.2825,52.1551],[-9.3399,52.1447],[-9.3426,52.1436],[-9.3442,52.1399],[-9.3513,52.1421],[-9.3587,52.1419],[-9.3742,52.1372],[-9.3801,52.1368],[-9.3881,52.1331],[-9.397,52.1315],[-9.4343,52.1306],[-9.4422,52.1346],[-9.4483,52.1349],[-9.453,52.1332],[-9.4794,52.1358],[-9.4938,52.1407],[-9.5116,52.1428],[-9.5272,52.142],[-9.542,52.1467],[-9.5611,52.1476],[-9.5591,52.1463],[-9.5584,52.1434],[-9.5602,52.1403],[-9.565,52.1385],[-9.5704,52.1313],[-9.5705,52.1271],[-9.5738,52.1258],[-9.577,52.1267],[-9.583,52.1341],[-9.5904,52.14],[-9.5967,52.1481],[-9.5954,52.1503],[-9.5964,52.1515],[-9.6058,52.1488],[-9.6075,52.1451],[-9.6103,52.1431],[-9.6141,52.1437],[-9.622,52.1423],[-9.6274,52.1403],[-9.6271,52.1385],[-9.6336,52.137],[-9.635,52.1382],[-9.6398,52.1377],[-9.6432,52.1395],[-9.6502,52.1391],[-9.6515,52.1402],[-9.6671,52.1397],[-9.6685,52.1497],[-9.6734,52.1578],[-9.6728,52.1586],[-9.6745,52.1618],[-9.672,52.1642],[-9.6776,52.1684],[-9.6803,52.1686],[-9.6932,52.1648],[-9.7041,52.1674],[-9.709,52.1651],[-9.715,52.1658],[-9.7212,52.1622],[-9.7363,52.159],[-9.7398,52.1565],[-9.739,52.1548],[-9.7358,52.1535],[-9.7363,52.1525],[-9.7453,52.1522],[-9.7467,52.1506],[-9.7453,52.1485],[-9.7525,52.1466],[-9.7551,52.1472],[-9.7565,52.1516],[-9.7509,52.1531],[-9.7533,52.156],[-9.7612,52.1573],[-9.7661,52.1538],[-9.7655,52.152],[-9.7711,52.1496],[-9.7834,52.149],[-9.7856,52.1497],[-9.7864,52.1523],[-9.7879,52.1527],[-9.7924,52.1518],[-9.7923,52.1545],[-9.7943,52.156],[-9.7942,52.1574],[-9.7978,52.1574],[-9.7998,52.1598],[-9.7985,52.1623],[-9.8011,52.1596],[-9.8023,52.1601],[-9.8003,52.1615],[-9.8006,52.1638],[-9.8031,52.1611],[-9.8029,52.1597],[-9.8045,52.1604],[-9.8052,52.1587],[-9.8043,52.1586],[-9.8139,52.1534],[-9.8194,52.1553],[-9.8204,52.1564],[-9.8192,52.1567],[-9.8185,52.1591],[-9.8221,52.1617],[-9.8211,52.1595],[-9.8222,52.1606],[-9.8241,52.1595],[-9.8252,52.1603],[-9.8248,52.1596],[-9.8264,52.16],[-9.83,52.1581],[-9.84,52.1572],[-9.8649,52.1596],[-9.8706,52.155],[-9.8824,52.1568],[-9.8896,52.1546],[-9.8898,52.1531],[-9.8994,52.154],[-9.9198,52.1499],[-9.923,52.148],[-9.9527,52.1463],[-9.9569,52.1445],[-9.9584,52.1424],[-9.9599,52.1432],[-9.9633,52.1416],[-9.9747,52.1433],[-9.9679,52.1406],[-9.9617,52.1357],[-9.9516,52.1343],[-9.9518,52.1298],[-9.9458,52.1269],[-9.9469,52.1215],[-9.945,52.1196],[-9.9453,52.1184],[-9.9415,52.1151],[-9.934,52.113],[-9.9324,52.1113],[-9.9366,52.1061],[-9.9476,52.1067],[-9.9573,52.1127],[-9.973,52.1315],[-9.9823,52.1411],[-9.987,52.1436],[-10.0274,52.1377],[-10.032,52.1387],[-10.0407,52.1357],[-10.0456,52.1355],[-10.0511,52.1373],[-10.0525,52.1345],[-10.0579,52.1342],[-10.0724,52.1287],[-10.0815,52.1286],[-10.0942,52.1234],[-10.1021,52.1248],[-10.1041,52.1264],[-10.1092,52.1266],[-10.1117,52.1248],[-10.1125,52.1214],[-10.1159,52.1187],[-10.1191,52.1185],[-10.1242,52.1148],[-10.1292,52.1141],[-10.1321,52.115],[-10.1375,52.1122],[-10.1398,52.1121],[-10.1391,52.1132],[-10.1411,52.1126],[-10.1403,52.1134],[-10.1428,52.114],[-10.148,52.1128],[-10.1408,52.1177],[-10.1412,52.1188],[-10.1439,52.1197],[-10.1472,52.1188],[-10.1465,52.1193],[-10.1482,52.1191],[-10.1475,52.1198],[-10.1495,52.1204],[-10.1547,52.1198],[-10.1549,52.1212],[-10.1575,52.1199],[-10.1572,52.1212],[-10.1588,52.1215],[-10.1651,52.1167],[-10.1756,52.1146],[-10.1819,52.1113],[-10.1904,52.11],[-10.1943,52.1077],[-10.1996,52.1093],[-10.1941,52.1113],[-10.1961,52.1118],[-10.1943,52.1128],[-10.2007,52.1136],[-10.2037,52.1125],[-10.2018,52.1162],[-10.2045,52.1161],[-10.2053,52.1206],[-10.2178,52.123],[-10.2219,52.1213],[-10.2218,52.12],[-10.2201,52.1193],[-10.2224,52.1178],[-10.2243,52.1185],[-10.2225,52.1193],[-10.2252,52.1189],[-10.2251,52.1201],[-10.2356,52.1184],[-10.2344,52.1194],[-10.2372,52.1196],[-10.2398,52.1184],[-10.2441,52.1187],[-10.2482,52.1165],[-10.2514,52.1184],[-10.2501,52.1214],[-10.2529,52.1216],[-10.2527,52.1225],[-10.2617,52.12],[-10.261,52.1194],[-10.2641,52.1172],[-10.2629,52.1165],[-10.2645,52.1144],[-10.2708,52.1134],[-10.272,52.1137],[-10.2717,52.1147],[-10.2739,52.1131],[-10.2775,52.1127],[-10.281,52.1144],[-10.2839,52.1139],[-10.2836,52.1124],[-10.2848,52.1117],[-10.2859,52.1131],[-10.2875,52.1113],[-10.2896,52.1119],[-10.2917,52.1105],[-10.2926,52.1115],[-10.2973,52.1113],[-10.2964,52.1121],[-10.298,52.1131],[-10.3001,52.1118],[-10.3017,52.1144],[-10.3044,52.1143],[-10.3047,52.1152],[-10.3114,52.1147],[-10.3142,52.1157],[-10.317,52.1145],[-10.3173,52.1156],[-10.3204,52.1139],[-10.3243,52.1143],[-10.3235,52.1148],[-10.3256,52.115],[-10.3254,52.1182],[-10.3286,52.1202],[-10.3269,52.122],[-10.3368,52.1211],[-10.3351,52.1233],[-10.3395,52.1262],[-10.3472,52.1281],[-10.3495,52.1304],[-10.3569,52.1304],[-10.361,52.1325],[-10.3701,52.129],[-10.3779,52.1208],[-10.3786,52.1181],[-10.3773,52.1163],[-10.3783,52.118],[-10.3768,52.1207],[-10.3746,52.116],[-10.3728,52.1147],[-10.3647,52.1159],[-10.3622,52.1152],[-10.3623,52.1133],[-10.3599,52.111],[-10.3511,52.1104],[-10.3478,52.1087],[-10.3537,52.1078],[-10.3575,52.1047],[-10.3571,52.1058],[-10.363,52.1065],[-10.3671,52.1053],[-10.3674,52.1069],[-10.3701,52.1066],[-10.3719,52.1085],[-10.3777,52.1057],[-10.3817,52.1067],[-10.3861,52.1061],[-10.387,52.1078],[-10.3901,52.1058],[-10.3907,52.1067],[-10.3956,52.1065],[-10.3957,52.1053],[-10.3999,52.1048],[-10.4013,52.1031],[-10.4068,52.1025],[-10.4102,52.104],[-10.4142,52.1012],[-10.4178,52.1017],[-10.4239,52.0987],[-10.4299,52.101],[-10.4337,52.0987],[-10.4413,52.099],[-10.4511,52.0967],[-10.4561,52.0974],[-10.4564,52.0998],[-10.4813,52.0889],[-10.5827,52.0399],[-10.6023,52.038],[-10.6193,52.0418],[-10.6598,52.0638],[-10.6657,52.0785],[-10.598,52.1322],[-10.5749,52.1397],[-10.4724,52.1424],[-10.466,52.1443],[-10.4689,52.1442],[-10.4684,52.1454],[-10.472,52.1456],[-10.4724,52.1478],[-10.4738,52.1473],[-10.4786,52.1494],[-10.4771,52.1499],[-10.4779,52.1515],[-10.4694,52.1527],[-10.4674,52.1512],[-10.4677,52.152],[-10.4644,52.153],[-10.4647,52.1543],[-10.463,52.154],[-10.4599,52.156],[-10.4617,52.1572],[-10.4649,52.156],[-10.4634,52.1579],[-10.4654,52.1578],[-10.4652,52.1586],[-10.4597,52.1612],[-10.4621,52.1623],[-10.4563,52.1631],[-10.457,52.1639],[-10.4542,52.1645],[-10.4527,52.1672],[-10.4498,52.1684],[-10.452,52.1689],[-10.4492,52.1723],[-10.4427,52.1715],[-10.4398,52.1728],[-10.4456,52.1764],[-10.4599,52.1723],[-10.4539,52.1754],[-10.4566,52.1757],[-10.4536,52.177],[-10.457,52.1763],[-10.4545,52.1786],[-10.46,52.1797],[-10.4718,52.1775],[-10.4705,52.1794],[-10.4726,52.1807],[-10.4483,52.1923],[-10.4374,52.1924],[-10.4319,52.1955],[-10.4342,52.196],[-10.4327,52.199],[-10.4257,52.2009],[-10.4222,52.2037],[-10.4196,52.2029],[-10.4166,52.2045],[-10.4146,52.2034],[-10.4146,52.2051],[-10.4125,52.2053],[-10.4102,52.2084],[-10.4071,52.2089],[-10.407,52.2067],[-10.4045,52.2056],[-10.4039,52.2039],[-10.4146,52.195],[-10.4149,52.1937],[-10.4134,52.1933],[-10.4155,52.1921],[-10.4144,52.1919],[-10.4151,52.1909],[-10.4121,52.1904],[-10.4133,52.1898],[-10.4114,52.1899],[-10.4124,52.189],[-10.4104,52.1883],[-10.4145,52.1862],[-10.4151,52.1837],[-10.4093,52.181],[-10.399,52.1791],[-10.3893,52.1788],[-10.3865,52.1812],[-10.3863,52.1791],[-10.3814,52.1775],[-10.3804,52.1746],[-10.3717,52.1716],[-10.374,52.1731],[-10.3673,52.1784],[-10.3644,52.1846],[-10.3673,52.1868],[-10.3708,52.1869],[-10.3752,52.1903],[-10.3787,52.1909],[-10.3784,52.194],[-10.3797,52.1945],[-10.3778,52.197],[-10.3794,52.1975],[-10.3759,52.1985],[-10.3747,52.2004],[-10.3756,52.2005],[-10.3697,52.2042],[-10.362,52.2069],[-10.3609,52.2084],[-10.3622,52.2087],[-10.3565,52.2114],[-10.3573,52.212],[-10.3556,52.2138],[-10.3579,52.2164],[-10.3575,52.2181],[-10.3549,52.2164],[-10.3536,52.2165],[-10.3568,52.2186],[-10.3582,52.2179],[-10.3581,52.2167],[-10.3739,52.2165],[-10.3729,52.217],[-10.3743,52.2174],[-10.3724,52.2185],[-10.3729,52.2199],[-10.3746,52.22],[-10.3725,52.2224],[-10.3719,52.2244],[-10.3729,52.2247],[-10.3689,52.2262],[-10.3686,52.2285],[-10.366,52.23],[-10.3635,52.2338],[-10.3574,52.2367],[-10.3544,52.233],[-10.3514,52.2349],[-10.3481,52.2322],[-10.3461,52.2323],[-10.3448,52.2341],[-10.3458,52.2347],[-10.343,52.2366],[-10.3434,52.2379],[-10.3398,52.2385],[-10.3377,52.2375],[-10.3378,52.2353],[-10.3332,52.2361],[-10.3339,52.2355],[-10.3326,52.2358],[-10.3321,52.2342],[-10.3288,52.2366],[-10.3275,52.2357],[-10.3201,52.238],[-10.3149,52.2413],[-10.3154,52.2397],[-10.3137,52.2403],[-10.3107,52.237],[-10.3096,52.2377],[-10.3109,52.2381],[-10.3113,52.2409],[-10.3072,52.2408],[-10.3059,52.2392],[-10.3038,52.2446],[-10.3009,52.2454],[-10.2955,52.2506],[-10.2967,52.2503],[-10.2937,52.2514],[-10.2948,52.2518],[-10.2937,52.2532],[-10.2958,52.2546],[-10.2949,52.2555],[-10.2967,52.2557],[-10.2954,52.2567],[-10.2945,52.2559],[-10.2951,52.2573],[-10.2934,52.2581],[-10.288,52.2582],[-10.2871,52.2596],[-10.2803,52.2574],[-10.2704,52.2591],[-10.2672,52.2603],[-10.2683,52.2621],[-10.2632,52.2662],[-10.2632,52.2681],[-10.2612,52.2688],[-10.2623,52.2696],[-10.2615,52.2704],[-10.2601,52.2694],[-10.2526,52.2737],[-10.2506,52.2727],[-10.25,52.274],[-10.2474,52.2734],[-10.2491,52.2742],[-10.2455,52.2741],[-10.2432,52.2759],[-10.2418,52.2747],[-10.2373,52.2749],[-10.2277,52.2773],[-10.2274,52.2763],[-10.2203,52.276],[-10.2158,52.272],[-10.2102,52.2727],[-10.208,52.2744],[-10.2104,52.278],[-10.2088,52.2809],[-10.21,52.2814],[-10.2062,52.283],[-10.2045,52.2824],[-10.2032,52.2841],[-10.1986,52.2857],[-10.195,52.2853],[-10.1787,52.2899],[-10.1781,52.2905],[-10.1798,52.2905],[-10.1763,52.2916],[-10.1771,52.2904],[-10.1715,52.2906],[-10.1684,52.2887],[-10.1657,52.2896],[-10.1569,52.2879],[-10.1568,52.2846],[-10.1601,52.2788],[-10.1556,52.2769],[-10.1556,52.2753],[-10.1626,52.2642],[-10.161,52.2654],[-10.1509,52.2619],[-10.1464,52.2619],[-10.1602,52.2514],[-10.1604,52.2468],[-10.1447,52.2437],[-10.1407,52.2462],[-10.1357,52.2437],[-10.1024,52.2445],[-10.0838,52.2492],[-10.0713,52.255],[-10.0659,52.2596],[-10.0601,52.2619],[-10.0453,52.2709],[-10.0398,52.2753],[-10.0339,52.2831],[-10.0327,52.2903],[-10.0343,52.2959],[-10.0414,52.3032],[-10.0451,52.3045],[-10.0506,52.3027],[-10.0531,52.3061],[-10.0581,52.3069],[-10.0575,52.3095],[-10.0475,52.3093],[-10.0436,52.3112],[-10.0385,52.3091],[-10.0331,52.3117],[-10.0355,52.3086],[-10.0351,52.3065],[-10.0306,52.3045],[-10.0263,52.3044],[-10.0166,52.3077],[-10.0158,52.3098],[-10.0196,52.3122],[-10.0166,52.313],[-10.0173,52.315],[-10.014,52.3154],[-10.0103,52.3143],[-10.0097,52.3118],[-10.0054,52.3098],[-10.012,52.3075],[-10.0184,52.3016],[-10.0185,52.2926],[-10.0139,52.2847],[-10.0159,52.2821],[-10.0251,52.2804],[-10.0268,52.2738],[-10.0255,52.2714],[-10.0217,52.2668],[-10.0122,52.2596],[-10.0027,52.2549],[-9.9947,52.2492],[-9.9995,52.251],[-10.0034,52.2541],[-10.0056,52.2538],[-10.0052,52.2526],[-10.0039,52.2523],[-10.0052,52.2532],[-10.0042,52.2533],[-9.9972,52.2491],[-9.9789,52.2458],[-9.9751,52.2429],[-9.9737,52.2389],[-9.9581,52.235],[-9.955,52.2319],[-9.9342,52.2315],[-9.9235,52.2344],[-9.9111,52.2289],[-9.9016,52.2289],[-9.8933,52.2298],[-9.8699,52.2358],[-9.8613,52.2363],[-9.8555,52.2386],[-9.8491,52.2435],[-9.8373,52.2576],[-9.8341,52.259],[-9.8281,52.2583],[-9.8194,52.2605],[-9.811,52.2598],[-9.8183,52.2587],[-9.8152,52.2573],[-9.818,52.2576],[-9.8177,52.2558],[-9.819,52.2551],[-9.8263,52.2552],[-9.8388,52.2498],[-9.8389,52.2481],[-9.827,52.2459],[-9.8259,52.2441],[-9.8272,52.2429],[-9.8247,52.2425],[-9.8159,52.2445],[-9.8053,52.244],[-9.7999,52.2479],[-9.7827,52.2528],[-9.7674,52.2493],[-9.7661,52.248],[-9.7653,52.2531],[-9.7621,52.2575],[-9.7464,52.2581],[-9.7482,52.2605],[-9.7535,52.2615],[-9.7495,52.2619],[-9.7534,52.268],[-9.7664,52.2696],[-9.7707,52.2729],[-9.7767,52.2753],[-9.7936,52.2717],[-9.8052,52.2719],[-9.8167,52.2731],[-9.8255,52.2769],[-9.8352,52.2757],[-9.8508,52.2804],[-9.855,52.2695],[-9.8649,52.2678],[-9.8834,52.2696],[-9.8842,52.2715],[-9.8828,52.2756],[-9.8739,52.2833],[-9.8772,52.2864],[-9.8815,52.2868],[-9.8807,52.2874],[-9.8817,52.2921],[-9.8835,52.2938],[-9.8864,52.2938],[-9.8862,52.2958],[-9.8896,52.2965],[-9.8855,52.2999],[-9.8852,52.302],[-9.8824,52.3025],[-9.8812,52.3012],[-9.8801,52.3027],[-9.877,52.3032],[-9.8748,52.3014],[-9.8764,52.2998],[-9.8727,52.2984],[-9.8708,52.2956],[-9.8632,52.295],[-9.8622,52.2933],[-9.8644,52.2903],[-9.8696,52.2874],[-9.8771,52.2866],[-9.8727,52.2827],[-9.8736,52.2797],[-9.8696,52.2804],[-9.8638,52.2838],[-9.8609,52.2838],[-9.8596,52.2893],[-9.8555,52.2889],[-9.8508,52.2912],[-9.8374,52.2917],[-9.834,52.2987],[-9.8284,52.3016],[-9.8363,52.3016],[-9.8415,52.2997],[-9.8486,52.3004],[-9.8643,52.2974],[-9.8669,52.2984],[-9.867,52.3003],[-9.8694,52.3022],[-9.8638,52.3033],[-9.8498,52.3111],[-9.8498,52.3141],[-9.8364,52.3354],[-9.8345,52.3406],[-9.8348,52.3464],[-9.8373,52.3555],[-9.8361,52.3596],[-9.8372,52.3601],[-9.8318,52.3755],[-9.8236,52.3766],[-9.8205,52.3821],[-9.8061,52.386],[-9.8063,52.3793],[-9.8028,52.3711],[-9.8036,52.371],[-9.801,52.3682],[-9.7953,52.3661],[-9.8036,52.3651],[-9.8005,52.362],[-9.7875,52.3638],[-9.7666,52.364],[-9.7656,52.3666],[-9.7686,52.3667],[-9.7687,52.3678],[-9.7483,52.3698],[-9.7444,52.3709],[-9.7385,52.375],[-9.7388,52.3773],[-9.7362,52.377],[-9.7327,52.3834],[-9.7313,52.383],[-9.728,52.3877],[-9.7295,52.3884],[-9.7307,52.3914],[-9.7272,52.4036],[-9.7247,52.4038],[-9.716,52.4091],[-9.7067,52.4073],[-9.699,52.409],[-9.6934,52.3946],[-9.7023,52.3913],[-9.6987,52.3863],[-9.6916,52.3829],[-9.6925,52.3824],[-9.6918,52.3804],[-9.686,52.3827],[-9.6805,52.3791],[-9.6741,52.3785],[-9.6627,52.3827],[-9.6574,52.3794],[-9.6429,52.3821],[-9.6376,52.3799],[-9.6377,52.3779],[-9.6351,52.3762],[-9.6296,52.3767],[-9.6266,52.3725],[-9.61,52.3718],[-9.6114,52.3692],[-9.6088,52.3646],[-9.5965,52.3617],[-9.595,52.3595],[-9.5911,52.3589],[-9.5888,52.3568],[-9.5816,52.3576],[-9.5547,52.3508],[-9.551,52.3553],[-9.5417,52.3588],[-9.5228,52.3606],[-9.5203,52.3595],[-9.5141,52.3501],[-9.5075,52.3495],[-9.5106,52.3466],[-9.5176,52.3442],[-9.5225,52.3393],[-9.5226,52.3315],[-9.5182,52.3233],[-9.5136,52.3191],[-9.5009,52.3195],[-9.5038,52.3158],[-9.5015,52.3093],[-9.493,52.3067],[-9.4813,52.3084],[-9.4772,52.3062],[-9.4681,52.3051],[-9.4484,52.3061],[-9.4695,52.2866],[-9.4539,52.2833],[-9.4548,52.2823],[-9.4533,52.282],[-9.4418,52.2847],[-9.4395,52.2863],[-9.4372,52.2909],[-9.4253,52.2874],[-9.4042,52.2869],[-9.401,52.2871],[-9.3958,52.2907],[-9.3727,52.282],[-9.3671,52.2828],[-9.3664,52.2811],[-9.3646,52.2807],[-9.3634,52.2773],[-9.3663,52.2738],[-9.3652,52.271],[-9.3523,52.2687],[-9.3281,52.2703],[-9.3262,52.2684],[-9.3216,52.2693],[-9.3179,52.2682],[-9.3269,52.2606],[-9.3296,52.2561],[-9.3301,52.2502],[-9.3268,52.2465],[-9.2959,52.2528],[-9.2953,52.251],[-9.2854,52.2515],[-9.2744,52.255],[-9.2703,52.2495],[-9.2737,52.2315],[-9.2761,52.2296],[-9.2699,52.2261],[-9.2656,52.2213],[-9.2628,52.2167],[-9.2647,52.2139],[-9.2565,52.2111],[-9.2522,52.2068],[-9.2512,52.2019]]]}},{"type":"Feature","properties":{"d":"Listowel","c":"4770H","dv":"Kerry","st":"Listowel","hq":"Tralee","ad":"56 Church St, Listowel","ph":"50820","ty":"District HQ","pop":28604,"km2":891.827},"geometry":{"type":"Polygon","coordinates":[[[-9.2109,52.29],[-9.2124,52.2854],[-9.2163,52.2819],[-9.2236,52.2822],[-9.2482,52.2786],[-9.25,52.2751],[-9.2457,52.267],[-9.2517,52.2624],[-9.2812,52.2524],[-9.2927,52.2509],[-9.2953,52.251],[-9.2959,52.2528],[-9.3268,52.2465],[-9.3301,52.2502],[-9.3296,52.2561],[-9.3269,52.2606],[-9.3179,52.2682],[-9.3216,52.2693],[-9.3262,52.2684],[-9.3281,52.2703],[-9.3523,52.2687],[-9.3652,52.271],[-9.3663,52.2738],[-9.3634,52.2773],[-9.3646,52.2807],[-9.3664,52.2811],[-9.3671,52.2828],[-9.3727,52.282],[-9.3958,52.2907],[-9.401,52.2871],[-9.4042,52.2869],[-9.4253,52.2874],[-9.4372,52.2909],[-9.4395,52.2863],[-9.4418,52.2847],[-9.4533,52.282],[-9.4548,52.2823],[-9.4539,52.2833],[-9.4695,52.2866],[-9.4484,52.3061],[-9.4681,52.3051],[-9.4772,52.3062],[-9.4813,52.3084],[-9.493,52.3067],[-9.5015,52.3093],[-9.5038,52.3158],[-9.5009,52.3195],[-9.5136,52.3191],[-9.5182,52.3233],[-9.5226,52.3315],[-9.5225,52.3393],[-9.5176,52.3442],[-9.5106,52.3466],[-9.5075,52.3495],[-9.5141,52.3501],[-9.5203,52.3595],[-9.5228,52.3606],[-9.5417,52.3588],[-9.551,52.3553],[-9.5547,52.3508],[-9.5816,52.3576],[-9.5888,52.3568],[-9.5911,52.3589],[-9.595,52.3595],[-9.5965,52.3617],[-9.6088,52.3646],[-9.6114,52.3692],[-9.61,52.3718],[-9.6266,52.3725],[-9.6296,52.3767],[-9.6351,52.3762],[-9.6377,52.3779],[-9.6376,52.3799],[-9.6429,52.3821],[-9.6574,52.3794],[-9.6627,52.3827],[-9.6741,52.3785],[-9.6805,52.3791],[-9.686,52.3827],[-9.6918,52.3804],[-9.6925,52.3824],[-9.6916,52.3829],[-9.6987,52.3863],[-9.7023,52.3913],[-9.6934,52.3946],[-9.699,52.409],[-9.7067,52.4073],[-9.716,52.4091],[-9.7247,52.4038],[-9.7272,52.4036],[-9.7307,52.3914],[-9.7295,52.3884],[-9.728,52.3877],[-9.7313,52.383],[-9.7327,52.3834],[-9.7362,52.377],[-9.7388,52.3773],[-9.7385,52.375],[-9.7444,52.3709],[-9.7551,52.3698],[-9.7568,52.3683],[-9.7671,52.3685],[-9.769,52.3671],[-9.7656,52.3666],[-9.7666,52.364],[-9.7875,52.3638],[-9.8005,52.362],[-9.8036,52.3651],[-9.7953,52.3661],[-9.801,52.3682],[-9.8036,52.371],[-9.8028,52.3711],[-9.8063,52.3793],[-9.8061,52.386],[-9.8205,52.3821],[-9.8236,52.3766],[-9.8318,52.3755],[-9.8321,52.3803],[-9.834,52.3848],[-9.8369,52.3889],[-9.8402,52.3903],[-9.8514,52.3909],[-9.8543,52.3923],[-9.8701,52.3915],[-9.8837,52.3947],[-9.8937,52.3945],[-9.902,52.3969],[-9.9111,52.3974],[-9.9109,52.3965],[-9.9142,52.396],[-9.9195,52.4001],[-9.9278,52.4019],[-9.9316,52.4014],[-9.9348,52.4036],[-9.9408,52.4042],[-9.9425,52.4068],[-9.9478,52.4098],[-9.9465,52.4108],[-9.948,52.4123],[-9.9453,52.4119],[-9.9443,52.4149],[-9.9421,52.4164],[-9.9452,52.4185],[-9.9457,52.4205],[-9.9436,52.4195],[-9.9421,52.4228],[-9.9393,52.4239],[-9.9367,52.4231],[-9.9342,52.4258],[-9.9323,52.4252],[-9.9331,52.4278],[-9.9283,52.4253],[-9.9279,52.4274],[-9.925,52.4273],[-9.9237,52.4294],[-9.9184,52.4302],[-9.9193,52.4311],[-9.9085,52.4306],[-9.9074,52.4319],[-9.9083,52.4335],[-9.9073,52.4338],[-9.9064,52.4323],[-9.9036,52.4326],[-9.9016,52.4313],[-9.9007,52.4326],[-9.901,52.4311],[-9.8989,52.4328],[-9.8938,52.4305],[-9.8931,52.4325],[-9.8877,52.4315],[-9.8875,52.4324],[-9.8865,52.432],[-9.8868,52.4305],[-9.8824,52.4284],[-9.8814,52.4304],[-9.8792,52.4307],[-9.8799,52.4312],[-9.8746,52.4317],[-9.8664,52.4269],[-9.8638,52.4262],[-9.8629,52.4275],[-9.8609,52.4262],[-9.861,52.4279],[-9.8597,52.4287],[-9.8473,52.4304],[-9.8475,52.4325],[-9.8419,52.4325],[-9.8414,52.434],[-9.8334,52.4329],[-9.834,52.4338],[-9.8303,52.4331],[-9.829,52.4338],[-9.83,52.434],[-9.8297,52.4344],[-9.8278,52.4337],[-9.8272,52.4346],[-9.8266,52.4335],[-9.8241,52.4347],[-9.8262,52.4373],[-9.8251,52.4377],[-9.8242,52.4358],[-9.8242,52.437],[-9.8236,52.4372],[-9.821,52.436],[-9.8158,52.4384],[-9.8131,52.4383],[-9.814,52.439],[-9.8117,52.4384],[-9.812,52.4401],[-9.8104,52.44],[-9.8105,52.4409],[-9.8081,52.4406],[-9.8065,52.4417],[-9.8051,52.4406],[-9.8047,52.4417],[-9.8045,52.4406],[-9.8023,52.4406],[-9.7993,52.4429],[-9.7979,52.4425],[-9.7962,52.446],[-9.7938,52.4456],[-9.7936,52.4442],[-9.7905,52.447],[-9.7824,52.4457],[-9.7805,52.4479],[-9.7818,52.4485],[-9.779,52.4491],[-9.781,52.4495],[-9.7801,52.4501],[-9.77,52.4485],[-9.7645,52.4512],[-9.7648,52.4522],[-9.7632,52.4528],[-9.764,52.4534],[-9.7586,52.4536],[-9.7568,52.4559],[-9.7581,52.4562],[-9.7528,52.4576],[-9.7516,52.4566],[-9.751,52.4592],[-9.7481,52.461],[-9.7486,52.4619],[-9.7472,52.4619],[-9.749,52.4628],[-9.7472,52.4642],[-9.748,52.4649],[-9.7443,52.4661],[-9.7455,52.4665],[-9.7441,52.467],[-9.7449,52.4689],[-9.7409,52.4682],[-9.7404,52.4704],[-9.7371,52.4703],[-9.7373,52.4716],[-9.7314,52.471],[-9.7314,52.4737],[-9.7263,52.4759],[-9.7174,52.4764],[-9.7133,52.4783],[-9.7108,52.4812],[-9.6962,52.4795],[-9.6894,52.4828],[-9.688,52.4861],[-9.6843,52.4898],[-9.6804,52.4978],[-9.6797,52.5044],[-9.6818,52.5095],[-9.6767,52.5121],[-9.6755,52.5141],[-9.6794,52.515],[-9.6804,52.5167],[-9.6792,52.5167],[-9.6801,52.5182],[-9.6774,52.5174],[-9.6756,52.5196],[-9.6792,52.5209],[-9.681,52.523],[-9.6842,52.5225],[-9.6818,52.5251],[-9.6737,52.5265],[-9.6741,52.5281],[-9.6822,52.5279],[-9.6777,52.5288],[-9.6821,52.5299],[-9.6769,52.5312],[-9.6779,52.5316],[-9.6719,52.5306],[-9.6719,52.5329],[-9.6704,52.5337],[-9.6733,52.5342],[-9.6709,52.5357],[-9.6728,52.5367],[-9.6698,52.5368],[-9.6704,52.5387],[-9.6681,52.539],[-9.6689,52.5412],[-9.6762,52.5427],[-9.6758,52.5438],[-9.6805,52.5452],[-9.6783,52.5455],[-9.6789,52.5482],[-9.6761,52.55],[-9.6614,52.5565],[-9.6617,52.5589],[-9.6646,52.5593],[-9.6624,52.56],[-9.6643,52.5604],[-9.6634,52.562],[-9.6795,52.5728],[-9.6575,52.5925],[-9.6354,52.5996],[-9.4379,52.5964],[-9.4083,52.5917],[-9.3968,52.5935],[-9.3711,52.602],[-9.3652,52.6025],[-9.3569,52.6009],[-9.3447,52.5895],[-9.3606,52.5826],[-9.3605,52.5809],[-9.3632,52.5806],[-9.3654,52.5785],[-9.3676,52.5738],[-9.3537,52.5674],[-9.3563,52.5664],[-9.357,52.5642],[-9.3546,52.5621],[-9.3459,52.561],[-9.3415,52.5631],[-9.3377,52.5618],[-9.3426,52.5558],[-9.3505,52.555],[-9.3436,52.5501],[-9.345,52.5473],[-9.3489,52.5468],[-9.3504,52.545],[-9.3487,52.5439],[-9.3484,52.5415],[-9.3363,52.539],[-9.3375,52.538],[-9.3313,52.533],[-9.3315,52.5272],[-9.322,52.5271],[-9.3053,52.5216],[-9.2972,52.4959],[-9.3124,52.4957],[-9.3156,52.4938],[-9.3184,52.4907],[-9.3163,52.4855],[-9.3161,52.4795],[-9.3187,52.4762],[-9.3216,52.4755],[-9.3224,52.4716],[-9.333,52.4727],[-9.334,52.472],[-9.3328,52.4713],[-9.3363,52.4705],[-9.3366,52.4725],[-9.3384,52.4713],[-9.339,52.4732],[-9.3433,52.4732],[-9.3423,52.4718],[-9.3392,52.4713],[-9.3406,52.4683],[-9.3392,52.4654],[-9.34,52.4626],[-9.3333,52.4571],[-9.3314,52.4501],[-9.3257,52.4427],[-9.3189,52.4424],[-9.3142,52.435],[-9.3042,52.4348],[-9.3076,52.4282],[-9.3216,52.4261],[-9.3274,52.4237],[-9.333,52.4162],[-9.3394,52.4117],[-9.3414,52.4077],[-9.3385,52.4064],[-9.3395,52.4044],[-9.3369,52.4028],[-9.3293,52.4025],[-9.3216,52.3988],[-9.3148,52.3972],[-9.3136,52.3958],[-9.3162,52.3936],[-9.3153,52.3925],[-9.3124,52.3936],[-9.3085,52.3903],[-9.3033,52.389],[-9.3023,52.3818],[-9.3041,52.3806],[-9.3056,52.3817],[-9.3114,52.3763],[-9.3174,52.3751],[-9.3182,52.3736],[-9.322,52.374],[-9.3255,52.3714],[-9.3286,52.3718],[-9.3297,52.37],[-9.3438,52.3674],[-9.344,52.3652],[-9.3476,52.363],[-9.3479,52.3615],[-9.341,52.3574],[-9.3394,52.354],[-9.3307,52.355],[-9.3253,52.3507],[-9.3231,52.35],[-9.3203,52.3513],[-9.319,52.3494],[-9.3147,52.3482],[-9.314,52.3449],[-9.3007,52.336],[-9.3001,52.3329],[-9.2957,52.334],[-9.2852,52.3328],[-9.282,52.3311],[-9.2763,52.3313],[-9.261,52.3251],[-9.2526,52.3265],[-9.2504,52.3242],[-9.2517,52.3226],[-9.2492,52.3229],[-9.2502,52.3241],[-9.2476,52.3248],[-9.2457,52.3222],[-9.2404,52.3216],[-9.2386,52.3175],[-9.2372,52.3178],[-9.2357,52.3135],[-9.2325,52.3105],[-9.233,52.3082],[-9.2305,52.3039],[-9.2175,52.2982],[-9.2169,52.2954],[-9.2109,52.29]]]}},{"type":"Feature","properties":{"d":"Newcastle West","c":"4970M","dv":"Limerick","st":"Newcastle West","hq":"Henry Street","ad":"Churchtown, Newcastlewest","ph":"20650","ty":"District HQ","pop":51370,"km2":1416.951},"geometry":{"type":"Polygon","coordinates":[[[-8.5829,52.5234],[-8.5843,52.5154],[-8.5971,52.5194],[-8.5989,52.517],[-8.6046,52.5186],[-8.6057,52.5161],[-8.5982,52.5144],[-8.5992,52.5123],[-8.5976,52.5119],[-8.6008,52.5084],[-8.62,52.513],[-8.6219,52.5122],[-8.6237,52.507],[-8.6266,52.5061],[-8.6273,52.5019],[-8.6297,52.5019],[-8.6324,52.4974],[-8.6342,52.4976],[-8.6361,52.4954],[-8.6354,52.4901],[-8.6438,52.4886],[-8.6466,52.4859],[-8.6517,52.4861],[-8.6546,52.4831],[-8.6562,52.4836],[-8.6544,52.4872],[-8.6552,52.4883],[-8.6597,52.4875],[-8.661,52.4852],[-8.6802,52.4772],[-8.6808,52.4745],[-8.6827,52.4734],[-8.6772,52.4706],[-8.6763,52.4671],[-8.6736,52.4674],[-8.6706,52.4642],[-8.6712,52.4629],[-8.6834,52.4587],[-8.687,52.4628],[-8.6897,52.4595],[-8.6992,52.4583],[-8.7005,52.4569],[-8.7049,52.4574],[-8.7154,52.4556],[-8.7169,52.4504],[-8.7147,52.4468],[-8.7064,52.4452],[-8.7099,52.4428],[-8.7169,52.4421],[-8.7221,52.44],[-8.7258,52.4349],[-8.7341,52.4316],[-8.7339,52.4302],[-8.7359,52.4289],[-8.7332,52.426],[-8.7336,52.4241],[-8.7384,52.422],[-8.7393,52.4203],[-8.7509,52.416],[-8.7531,52.4167],[-8.7536,52.4158],[-8.7513,52.4131],[-8.7528,52.4123],[-8.7586,52.4104],[-8.7589,52.4116],[-8.7605,52.4096],[-8.7631,52.4098],[-8.7653,52.4085],[-8.7652,52.4067],[-8.7618,52.4039],[-8.7606,52.3949],[-8.7566,52.3935],[-8.7562,52.3909],[-8.7508,52.3887],[-8.7612,52.3875],[-8.7622,52.3864],[-8.7616,52.384],[-8.758,52.3807],[-8.7584,52.3778],[-8.7617,52.3797],[-8.7619,52.3822],[-8.7814,52.3877],[-8.782,52.3855],[-8.7808,52.3846],[-8.7875,52.3777],[-8.7882,52.3728],[-8.7932,52.3716],[-8.7997,52.3798],[-8.7998,52.3875],[-8.8026,52.388],[-8.8049,52.3866],[-8.823,52.3831],[-8.8232,52.38],[-8.8279,52.3767],[-8.8265,52.3749],[-8.8289,52.3706],[-8.8469,52.3711],[-8.8517,52.3679],[-8.8494,52.3638],[-8.8519,52.3587],[-8.8657,52.3537],[-8.8675,52.3492],[-8.8731,52.3507],[-8.8746,52.3533],[-8.8755,52.3536],[-8.8755,52.354],[-8.8764,52.3544],[-8.8771,52.3503],[-8.8824,52.3455],[-8.8814,52.3396],[-8.8884,52.338],[-8.8882,52.3365],[-8.8827,52.332],[-8.8962,52.3309],[-8.9098,52.3247],[-8.9184,52.3249],[-8.9605,52.3193],[-8.9652,52.3168],[-8.9864,52.3107],[-8.985,52.3091],[-8.9859,52.3074],[-8.985,52.3037],[-8.9791,52.2991],[-8.9785,52.2964],[-8.9748,52.2928],[-8.9867,52.2922],[-8.9935,52.295],[-8.995,52.2996],[-9.0052,52.3076],[-9.0186,52.313],[-9.0209,52.3149],[-9.0213,52.3171],[-9.0336,52.3224],[-9.0458,52.3208],[-9.0513,52.3235],[-9.0582,52.3243],[-9.0657,52.3269],[-9.07,52.3317],[-9.1043,52.332],[-9.1125,52.3334],[-9.1196,52.3378],[-9.136,52.3444],[-9.1377,52.3421],[-9.138,52.3361],[-9.1394,52.3337],[-9.1506,52.3314],[-9.1561,52.3285],[-9.1585,52.3266],[-9.1587,52.3218],[-9.1612,52.3203],[-9.1752,52.3192],[-9.1735,52.3139],[-9.1747,52.3119],[-9.1933,52.3081],[-9.2094,52.3067],[-9.2142,52.304],[-9.2153,52.299],[-9.2175,52.2982],[-9.2305,52.3039],[-9.233,52.3082],[-9.2325,52.3105],[-9.2357,52.3135],[-9.2372,52.3178],[-9.2386,52.3175],[-9.2404,52.3216],[-9.2457,52.3222],[-9.2476,52.3248],[-9.2502,52.3241],[-9.2492,52.3229],[-9.2517,52.3226],[-9.2504,52.3242],[-9.2526,52.3265],[-9.261,52.3251],[-9.2763,52.3313],[-9.282,52.3311],[-9.2852,52.3328],[-9.2957,52.334],[-9.3001,52.3329],[-9.3007,52.336],[-9.314,52.3449],[-9.3147,52.3482],[-9.319,52.3494],[-9.3203,52.3513],[-9.3231,52.35],[-9.3253,52.3507],[-9.3307,52.355],[-9.3394,52.354],[-9.341,52.3574],[-9.3479,52.3615],[-9.3476,52.363],[-9.344,52.3652],[-9.3438,52.3674],[-9.3297,52.37],[-9.3286,52.3718],[-9.3255,52.3714],[-9.322,52.374],[-9.3182,52.3736],[-9.3174,52.3751],[-9.3114,52.3763],[-9.3056,52.3817],[-9.3041,52.3806],[-9.3023,52.3818],[-9.3033,52.389],[-9.3085,52.3903],[-9.3124,52.3936],[-9.3153,52.3925],[-9.3162,52.3936],[-9.3136,52.3958],[-9.3148,52.3972],[-9.3216,52.3988],[-9.3293,52.4025],[-9.3369,52.4028],[-9.3395,52.4044],[-9.3385,52.4064],[-9.3414,52.4077],[-9.3394,52.4117],[-9.333,52.4162],[-9.3274,52.4237],[-9.3216,52.4261],[-9.3076,52.4282],[-9.3042,52.4348],[-9.3142,52.435],[-9.3189,52.4424],[-9.3257,52.4427],[-9.3314,52.4501],[-9.3333,52.4571],[-9.34,52.4626],[-9.3392,52.4654],[-9.3406,52.4683],[-9.3392,52.4713],[-9.3423,52.4718],[-9.3433,52.4732],[-9.339,52.4732],[-9.3384,52.4713],[-9.3366,52.4725],[-9.3363,52.4705],[-9.3328,52.4713],[-9.334,52.472],[-9.333,52.4727],[-9.3224,52.4716],[-9.3216,52.4755],[-9.3187,52.4762],[-9.3161,52.4795],[-9.3163,52.4855],[-9.3184,52.4907],[-9.3156,52.4938],[-9.3124,52.4957],[-9.2972,52.4959],[-9.3053,52.5216],[-9.322,52.5271],[-9.3315,52.5272],[-9.3313,52.533],[-9.3375,52.538],[-9.3363,52.539],[-9.3484,52.5415],[-9.3487,52.5439],[-9.3504,52.545],[-9.3489,52.5468],[-9.345,52.5473],[-9.3436,52.5501],[-9.3505,52.555],[-9.3426,52.5558],[-9.3377,52.5618],[-9.3415,52.5631],[-9.3459,52.561],[-9.3546,52.5621],[-9.357,52.5642],[-9.3563,52.5664],[-9.3537,52.5674],[-9.3676,52.5738],[-9.3654,52.5785],[-9.3632,52.5806],[-9.3605,52.5809],[-9.3606,52.5826],[-9.3447,52.5895],[-9.3385,52.5833],[-9.3285,52.5805],[-9.2946,52.5797],[-9.2852,52.5824],[-9.2539,52.5957],[-9.229,52.608],[-9.1928,52.6109],[-9.1648,52.6115],[-9.1492,52.6149],[-9.1234,52.6336],[-9.1045,52.6379],[-9.0679,52.6509],[-9.0515,52.6521],[-9.0197,52.6494],[-8.9724,52.6661],[-8.9606,52.6687],[-8.8269,52.6807],[-8.8114,52.6777],[-8.806,52.6752],[-8.8028,52.6719],[-8.8067,52.6608],[-8.7993,52.6573],[-8.7888,52.6574],[-8.7857,52.6561],[-8.7855,52.6529],[-8.7911,52.6485],[-8.7926,52.6453],[-8.7849,52.6426],[-8.7761,52.6446],[-8.774,52.6396],[-8.7771,52.6353],[-8.7685,52.6331],[-8.7648,52.6302],[-8.7667,52.6269],[-8.7733,52.624],[-8.7739,52.6222],[-8.7714,52.6209],[-8.7673,52.6222],[-8.7651,52.6212],[-8.7633,52.6102],[-8.766,52.6094],[-8.7686,52.6116],[-8.7708,52.6114],[-8.7743,52.6076],[-8.7837,52.6042],[-8.7836,52.6018],[-8.7733,52.596],[-8.7738,52.5946],[-8.7708,52.5926],[-8.7667,52.592],[-8.7645,52.5874],[-8.7648,52.5857],[-8.761,52.5829],[-8.7578,52.5843],[-8.757,52.5865],[-8.7536,52.5873],[-8.753,52.586],[-8.7506,52.5858],[-8.7459,52.5899],[-8.7417,52.5893],[-8.7384,52.5916],[-8.7365,52.5913],[-8.7358,52.589],[-8.7394,52.5878],[-8.7403,52.5853],[-8.7439,52.5844],[-8.7459,52.5791],[-8.7297,52.5802],[-8.7152,52.579],[-8.7132,52.5765],[-8.7124,52.5691],[-8.7047,52.5692],[-8.7039,52.5674],[-8.7176,52.5607],[-8.719,52.5615],[-8.7206,52.5595],[-8.7184,52.5575],[-8.7173,52.5541],[-8.7121,52.5518],[-8.7126,52.5504],[-8.7086,52.5487],[-8.7065,52.5491],[-8.7046,52.5473],[-8.7025,52.5417],[-8.696,52.5421],[-8.6949,52.5442],[-8.6963,52.5446],[-8.6947,52.5466],[-8.6975,52.5541],[-8.6997,52.5554],[-8.6974,52.5577],[-8.701,52.5614],[-8.6957,52.5629],[-8.681,52.5613],[-8.6732,52.5546],[-8.6563,52.555],[-8.6565,52.556],[-8.644,52.5538],[-8.6415,52.5509],[-8.6367,52.5524],[-8.6367,52.5558],[-8.6281,52.5448],[-8.625,52.5458],[-8.6241,52.5449],[-8.6217,52.5452],[-8.6174,52.5478],[-8.6123,52.5489],[-8.6091,52.5442],[-8.6147,52.5406],[-8.6097,52.5351],[-8.601,52.5296],[-8.5975,52.5328],[-8.593,52.5341],[-8.5907,52.5342],[-8.5873,52.5316],[-8.5851,52.5318],[-8.5838,52.5309],[-8.5855,52.53],[-8.5846,52.5257],[-8.5829,52.5234]]]}},{"type":"Feature","properties":{"d":"Nenagh","c":"3770B","dv":"Clare & Tipperary","st":"Nenagh","hq":"Ennis","ad":"Banba Square, Nenagh","ph":"50450","ty":"District HQ","pop":44186,"km2":1443.305},"geometry":{"type":"Polygon","coordinates":[[[-7.6603,52.9338],[-7.6642,52.9269],[-7.6629,52.9246],[-7.6658,52.9213],[-7.6715,52.919],[-7.676,52.9154],[-7.6843,52.9149],[-7.6921,52.9114],[-7.7,52.9047],[-7.7058,52.9023],[-7.7087,52.8963],[-7.7087,52.8915],[-7.7201,52.8899],[-7.7253,52.8879],[-7.7252,52.8849],[-7.7229,52.8793],[-7.7207,52.8775],[-7.7174,52.8652],[-7.7253,52.8621],[-7.7561,52.8678],[-7.7604,52.874],[-7.7634,52.8693],[-7.7722,52.8635],[-7.7774,52.8642],[-7.7846,52.8669],[-7.7868,52.8737],[-7.7951,52.8844],[-7.8003,52.8829],[-7.8028,52.8848],[-7.8059,52.8842],[-7.8096,52.8891],[-7.8131,52.8905],[-7.8221,52.8897],[-7.8264,52.8912],[-7.8313,52.8897],[-7.8331,52.8921],[-7.8429,52.8904],[-7.8468,52.8895],[-7.8432,52.8862],[-7.8458,52.8847],[-7.856,52.8901],[-7.866,52.8921],[-7.8734,52.8959],[-7.8799,52.894],[-7.8755,52.8877],[-7.8725,52.887],[-7.8752,52.8817],[-7.8739,52.8805],[-7.8785,52.8793],[-7.8766,52.8753],[-7.8771,52.8741],[-7.8857,52.8755],[-7.8865,52.8711],[-7.8839,52.8684],[-7.8917,52.8684],[-7.8945,52.8638],[-7.8928,52.8622],[-7.8985,52.8586],[-7.9239,52.8597],[-7.9241,52.854],[-7.919,52.8499],[-7.9178,52.8451],[-7.9102,52.8351],[-7.9147,52.8284],[-7.9145,52.8218],[-7.9157,52.8217],[-7.9176,52.8167],[-7.9255,52.8133],[-7.9386,52.8104],[-7.941,52.8084],[-7.9513,52.812],[-7.9551,52.8159],[-7.9569,52.8154],[-7.9547,52.8115],[-7.958,52.8067],[-7.9543,52.8046],[-7.9526,52.8019],[-7.9603,52.7987],[-7.9574,52.7957],[-7.9579,52.7922],[-7.9565,52.7908],[-7.9677,52.7903],[-7.9703,52.7884],[-7.9721,52.7848],[-7.9849,52.7915],[-8.0057,52.7931],[-8.0157,52.7916],[-8.0229,52.7861],[-8.0302,52.7845],[-8.0321,52.7847],[-8.0358,52.7891],[-8.0388,52.7906],[-8.0408,52.7865],[-8.0451,52.7844],[-8.0481,52.7838],[-8.0501,52.786],[-8.0559,52.7875],[-8.0602,52.787],[-8.0613,52.7854],[-8.0687,52.7915],[-8.0683,52.7937],[-8.0715,52.7969],[-8.0727,52.7941],[-8.0778,52.794],[-8.08,52.7961],[-8.0861,52.7947],[-8.0977,52.7966],[-8.1065,52.7931],[-8.1154,52.7918],[-8.1124,52.7887],[-8.1036,52.7859],[-8.1059,52.7836],[-8.1107,52.7821],[-8.1126,52.779],[-8.118,52.7761],[-8.1211,52.7715],[-8.1346,52.7667],[-8.1408,52.7661],[-8.148,52.7626],[-8.152,52.7496],[-8.1469,52.7492],[-8.1479,52.747],[-8.1461,52.7427],[-8.137,52.7407],[-8.1348,52.7363],[-8.1268,52.7372],[-8.1218,52.733],[-8.1177,52.733],[-8.1083,52.7283],[-8.1062,52.7253],[-8.1155,52.7216],[-8.1289,52.7195],[-8.1405,52.7142],[-8.1369,52.7129],[-8.1351,52.7108],[-8.137,52.7089],[-8.133,52.7029],[-8.1385,52.7003],[-8.1359,52.6954],[-8.1397,52.6937],[-8.1346,52.6867],[-8.1405,52.6835],[-8.1488,52.683],[-8.1466,52.6802],[-8.146,52.6759],[-8.1491,52.6743],[-8.1486,52.6705],[-8.1498,52.6689],[-8.1466,52.6651],[-8.1428,52.6638],[-8.1326,52.6551],[-8.1379,52.6544],[-8.1347,52.6508],[-8.1404,52.6493],[-8.1493,52.6411],[-8.1702,52.6375],[-8.1717,52.6432],[-8.1737,52.6442],[-8.1743,52.6475],[-8.1803,52.647],[-8.1814,52.648],[-8.19,52.6449],[-8.1917,52.6458],[-8.1949,52.645],[-8.1945,52.6499],[-8.1976,52.6552],[-8.1928,52.6622],[-8.1926,52.6646],[-8.1879,52.6681],[-8.1893,52.671],[-8.1972,52.6706],[-8.1991,52.6692],[-8.2056,52.6694],[-8.2096,52.6713],[-8.2109,52.671],[-8.2107,52.6697],[-8.2158,52.6709],[-8.2207,52.6682],[-8.2244,52.6683],[-8.2248,52.6665],[-8.2286,52.6651],[-8.2272,52.6626],[-8.2288,52.662],[-8.2323,52.6666],[-8.237,52.6689],[-8.2543,52.6701],[-8.2525,52.6749],[-8.2538,52.68],[-8.2531,52.6824],[-8.2685,52.687],[-8.2689,52.6885],[-8.2747,52.6905],[-8.281,52.6917],[-8.2826,52.6937],[-8.2843,52.6929],[-8.285,52.6946],[-8.292,52.6945],[-8.2966,52.6963],[-8.2979,52.6943],[-8.3063,52.6942],[-8.3062,52.6926],[-8.308,52.692],[-8.3152,52.6928],[-8.317,52.6924],[-8.3185,52.6902],[-8.3209,52.6914],[-8.3217,52.6895],[-8.3375,52.6892],[-8.3375,52.6872],[-8.3393,52.6859],[-8.3509,52.6822],[-8.3547,52.6821],[-8.3548,52.6805],[-8.3592,52.6793],[-8.3701,52.6838],[-8.3775,52.6816],[-8.3847,52.6814],[-8.3864,52.683],[-8.3868,52.6869],[-8.3936,52.6893],[-8.4004,52.6899],[-8.4022,52.6925],[-8.4158,52.6877],[-8.4172,52.6843],[-8.4277,52.6779],[-8.4328,52.6811],[-8.4329,52.6825],[-8.4405,52.686],[-8.4468,52.6865],[-8.4492,52.685],[-8.4516,52.6847],[-8.4496,52.6865],[-8.4554,52.6917],[-8.4572,52.6986],[-8.4653,52.6959],[-8.466,52.6972],[-8.4649,52.7029],[-8.4618,52.705],[-8.4628,52.7055],[-8.465,52.7038],[-8.4684,52.707],[-8.4689,52.7099],[-8.4669,52.7177],[-8.4702,52.7181],[-8.4701,52.7325],[-8.4726,52.7339],[-8.471,52.7355],[-8.4729,52.7376],[-8.4696,52.7391],[-8.4752,52.7469],[-8.476,52.7535],[-8.4802,52.7574],[-8.4769,52.7591],[-8.4757,52.7624],[-8.4698,52.7667],[-8.4692,52.7692],[-8.4656,52.7719],[-8.4618,52.7773],[-8.455,52.7781],[-8.4541,52.7791],[-8.4551,52.7806],[-8.4515,52.7805],[-8.4487,52.779],[-8.4414,52.7801],[-8.4375,52.7822],[-8.4349,52.7849],[-8.433,52.7895],[-8.4266,52.7919],[-8.4264,52.794],[-8.42,52.8012],[-8.4238,52.802],[-8.4214,52.8066],[-8.4303,52.8071],[-8.4278,52.8085],[-8.4281,52.81],[-8.4228,52.8153],[-8.4275,52.8159],[-8.4309,52.8146],[-8.4304,52.8193],[-8.4507,52.8228],[-8.4552,52.8469],[-8.4254,52.8673],[-8.4183,52.8756],[-8.4075,52.9126],[-8.3676,52.9165],[-8.3385,52.9152],[-8.3139,52.9354],[-8.308,52.949],[-8.2899,52.9608],[-8.2823,52.9705],[-8.2844,52.9724],[-8.3099,52.9769],[-8.3164,52.9852],[-8.3017,53.0075],[-8.2785,53.0187],[-8.2692,53.0367],[-8.2675,53.0562],[-8.2493,53.0632],[-8.2187,53.0677],[-8.2137,53.0784],[-8.208,53.0796],[-8.1984,53.0843],[-8.1969,53.0901],[-8.1939,53.091],[-8.1881,53.0963],[-8.1749,53.1109],[-8.1686,53.1144],[-8.172,53.1185],[-8.1722,53.1211],[-8.1697,53.1239],[-8.165,53.1262],[-8.1623,53.1297],[-8.1608,53.135],[-8.156,53.1355],[-8.1462,53.1429],[-8.148,53.1438],[-8.1481,53.1451],[-8.1244,53.1597],[-8.1184,53.1607],[-8.1055,53.16],[-8.0927,53.1617],[-8.0841,53.1631],[-8.0815,53.1669],[-8.0772,53.1674],[-8.0741,53.1648],[-8.0745,53.1632],[-8.0709,53.1614],[-8.0618,53.1596],[-8.0549,53.1539],[-8.0457,53.1525],[-8.0393,53.1496],[-8.0376,53.1505],[-8.0338,53.1493],[-8.0331,53.1503],[-8.02,53.1481],[-8.0146,53.1442],[-8.0088,53.1439],[-8.0045,53.1391],[-8.0015,53.1382],[-7.9924,53.139],[-7.9839,53.1354],[-7.9774,53.1342],[-7.9733,53.1307],[-7.9743,53.1291],[-7.9677,53.1283],[-7.9648,53.1263],[-7.9553,53.1254],[-7.9517,53.1222],[-7.948,53.1218],[-7.9459,53.1198],[-7.9407,53.118],[-7.9379,53.1153],[-7.9385,53.1132],[-7.9454,53.1114],[-7.9463,53.1074],[-7.9496,53.1038],[-7.9556,53.1052],[-7.9662,53.1039],[-7.9673,53.0971],[-7.9635,53.0935],[-7.9475,53.0908],[-7.9482,53.0844],[-7.9454,53.0813],[-7.9365,53.0831],[-7.9355,53.0811],[-7.9329,53.0814],[-7.9347,53.0788],[-7.9323,53.0776],[-7.9284,53.078],[-7.9282,53.0751],[-7.9293,53.0739],[-7.9269,53.0709],[-7.927,53.0659],[-7.9316,53.0613],[-7.9341,53.0606],[-7.9352,53.054],[-7.9392,53.0515],[-7.9361,53.0492],[-7.9363,53.0449],[-7.9432,53.0437],[-7.9546,53.0466],[-7.9635,53.0418],[-7.9554,53.0327],[-7.9622,53.031],[-7.962,53.0278],[-7.9637,53.0251],[-7.9623,53.0227],[-7.9599,53.0218],[-7.9634,53.0165],[-7.9628,53.0115],[-7.9601,53.0064],[-7.9528,53.0022],[-7.95,52.9954],[-7.9597,52.9925],[-7.9659,52.9958],[-7.9688,52.995],[-7.9763,52.9973],[-7.9822,52.997],[-7.9928,52.9988],[-7.9964,52.9974],[-7.9972,52.9947],[-8.0045,52.9923],[-8.0082,52.9841],[-7.9875,52.9726],[-7.9863,52.9703],[-7.988,52.9656],[-7.9777,52.9528],[-7.9631,52.9507],[-7.9587,52.9518],[-7.958,52.9493],[-7.9374,52.9437],[-7.9388,52.9426],[-7.9224,52.9364],[-7.9202,52.9402],[-7.9135,52.9379],[-7.8998,52.9372],[-7.8888,52.9343],[-7.8853,52.9323],[-7.8813,52.932],[-7.8792,52.9304],[-7.8776,52.9308],[-7.8769,52.9378],[-7.8612,52.9381],[-7.8607,52.9424],[-7.8672,52.9458],[-7.8645,52.947],[-7.8627,52.9518],[-7.8653,52.9549],[-7.8646,52.9563],[-7.8451,52.9553],[-7.8447,52.9591],[-7.84,52.9606],[-7.8375,52.9628],[-7.8405,52.9646],[-7.8277,52.9656],[-7.8261,52.9667],[-7.8264,52.9679],[-7.8241,52.9683],[-7.8232,52.9706],[-7.8261,52.9728],[-7.8254,52.9747],[-7.8154,52.9748],[-7.8125,52.9784],[-7.802,52.9819],[-7.8018,52.9841],[-7.8041,52.9887],[-7.8034,52.9904],[-7.8055,52.9921],[-7.8085,52.9937],[-7.82,52.9945],[-7.8305,53.0008],[-7.8274,53.0021],[-7.824,53.0013],[-7.8232,53.0032],[-7.8185,53.0043],[-7.815,53.0019],[-7.806,53.0004],[-7.8047,53.0033],[-7.801,53.0063],[-7.8007,53.0143],[-7.7977,53.0135],[-7.7971,53.0151],[-7.7978,53.0166],[-7.8002,53.0171],[-7.7996,53.0198],[-7.7922,53.0206],[-7.7766,53.0253],[-7.7705,53.0247],[-7.766,53.0204],[-7.7654,53.0219],[-7.7613,53.0236],[-7.7585,53.0203],[-7.7489,53.0184],[-7.7422,53.0136],[-7.7337,53.013],[-7.7291,53.0087],[-7.7209,53.0079],[-7.7092,53.0093],[-7.709,52.997],[-7.7067,52.9936],[-7.7123,52.9886],[-7.7033,52.986],[-7.7086,52.9828],[-7.7081,52.9778],[-7.7153,52.9738],[-7.7175,52.9689],[-7.7222,52.9678],[-7.7304,52.9631],[-7.7302,52.9528],[-7.7255,52.9494],[-7.7251,52.9452],[-7.7113,52.9422],[-7.7101,52.9401],[-7.7057,52.9382],[-7.7022,52.9341],[-7.693,52.9346],[-7.6854,52.9331],[-7.6788,52.9348],[-7.661,52.9353],[-7.6603,52.9338]]]}},{"type":"Feature","properties":{"d":"Limerick City North","c":"4800C","dv":"Limerick","st":"Henry Street","hq":"Henry Street","ad":"102 Henry Street, Limerick, Co. Limerick","ph":"212400","ty":"Division HQ","pop":76060,"km2":180.496},"geometry":{"type":"Polygon","coordinates":[[[-8.4496,52.6865],[-8.4579,52.6804],[-8.4647,52.6781],[-8.4645,52.6768],[-8.4672,52.6736],[-8.4667,52.6725],[-8.4683,52.6717],[-8.468,52.6699],[-8.4697,52.6684],[-8.4668,52.6642],[-8.4638,52.6632],[-8.4656,52.6585],[-8.4624,52.6595],[-8.4599,52.6578],[-8.4609,52.6527],[-8.4563,52.6466],[-8.4568,52.6451],[-8.4593,52.6443],[-8.4598,52.6435],[-8.4568,52.643],[-8.4611,52.6398],[-8.461,52.6377],[-8.4676,52.6343],[-8.4749,52.6365],[-8.4808,52.6358],[-8.4817,52.637],[-8.4799,52.6401],[-8.4774,52.6401],[-8.4764,52.6423],[-8.4786,52.6445],[-8.4848,52.6469],[-8.4874,52.6475],[-8.4895,52.6433],[-8.4926,52.6439],[-8.496,52.6465],[-8.5021,52.6471],[-8.5084,52.6457],[-8.5123,52.6469],[-8.516,52.6519],[-8.5239,52.6557],[-8.5247,52.6586],[-8.5279,52.6624],[-8.5323,52.6615],[-8.533,52.6596],[-8.5366,52.6595],[-8.5381,52.658],[-8.5392,52.6527],[-8.5445,52.6528],[-8.5542,52.6502],[-8.5599,52.6506],[-8.5636,52.6523],[-8.566,52.656],[-8.5733,52.6542],[-8.578,52.6507],[-8.5887,52.6507],[-8.6212,52.6609],[-8.6228,52.6624],[-8.6259,52.6584],[-8.6305,52.6602],[-8.6343,52.6561],[-8.6364,52.6504],[-8.646,52.6531],[-8.6512,52.6586],[-8.665,52.6567],[-8.6796,52.6575],[-8.6893,52.6536],[-8.6966,52.6533],[-8.7004,52.6547],[-8.7048,52.6583],[-8.705,52.6664],[-8.709,52.6708],[-8.7164,52.673],[-8.7397,52.6754],[-8.7378,52.6791],[-8.7411,52.6822],[-8.7401,52.6833],[-8.7405,52.6884],[-8.7467,52.6903],[-8.7443,52.693],[-8.7519,52.6949],[-8.7551,52.6975],[-8.7532,52.6985],[-8.7496,52.697],[-8.7482,52.7001],[-8.7504,52.704],[-8.7438,52.7081],[-8.7448,52.7096],[-8.7396,52.7109],[-8.7379,52.7102],[-8.7312,52.7154],[-8.7258,52.7159],[-8.7267,52.7184],[-8.7193,52.7193],[-8.7083,52.7172],[-8.7032,52.7233],[-8.7052,52.727],[-8.7015,52.7308],[-8.7049,52.7344],[-8.6954,52.7332],[-8.6929,52.7319],[-8.6869,52.7323],[-8.6877,52.7375],[-8.693,52.7422],[-8.6965,52.7505],[-8.6889,52.752],[-8.6837,52.7554],[-8.6712,52.7529],[-8.6658,52.7537],[-8.6583,52.7505],[-8.6545,52.7529],[-8.6507,52.7502],[-8.6464,52.7518],[-8.6362,52.7453],[-8.6326,52.7464],[-8.6312,52.7483],[-8.6243,52.7441],[-8.6229,52.7456],[-8.6199,52.7453],[-8.62,52.7493],[-8.6183,52.7509],[-8.6102,52.7516],[-8.6065,52.75],[-8.5985,52.7528],[-8.5913,52.7496],[-8.5791,52.7523],[-8.5709,52.7512],[-8.5693,52.75],[-8.5699,52.7472],[-8.568,52.7454],[-8.5726,52.7415],[-8.5801,52.7401],[-8.5805,52.7383],[-8.579,52.7361],[-8.5688,52.7397],[-8.5626,52.7402],[-8.5536,52.732],[-8.5464,52.7281],[-8.5409,52.732],[-8.5236,52.7334],[-8.5245,52.7361],[-8.5218,52.7377],[-8.5114,52.7368],[-8.5122,52.7387],[-8.5082,52.7392],[-8.509,52.7464],[-8.5065,52.7495],[-8.4928,52.754],[-8.488,52.753],[-8.4829,52.7547],[-8.4832,52.7562],[-8.4802,52.7574],[-8.476,52.7535],[-8.4752,52.7469],[-8.4696,52.7391],[-8.4729,52.7376],[-8.471,52.7355],[-8.4726,52.7339],[-8.4701,52.7325],[-8.4702,52.7181],[-8.4669,52.7177],[-8.4689,52.7099],[-8.4684,52.707],[-8.465,52.7038],[-8.4628,52.7055],[-8.4618,52.705],[-8.4649,52.7029],[-8.466,52.6972],[-8.4653,52.6959],[-8.4572,52.6986],[-8.4554,52.6917],[-8.4496,52.6865]]]}},{"type":"Feature","properties":{"d":"Limerick City South","c":"4800C","dv":"Limerick","st":"Roxboro Road","hq":"Henry Street","ad":"Roxboro Road, Limerick, Co. Limerick","ph":"214340","ty":"District HQ","pop":48521,"km2":283.61},"geometry":{"type":"Polygon","coordinates":[[[-8.3949,52.5935],[-8.3968,52.5914],[-8.4025,52.5914],[-8.4091,52.5879],[-8.4072,52.5852],[-8.4131,52.5799],[-8.4108,52.5766],[-8.4181,52.577],[-8.4172,52.5768],[-8.4222,52.5702],[-8.4222,52.5683],[-8.4343,52.5712],[-8.4358,52.5695],[-8.4364,52.5664],[-8.4353,52.5639],[-8.4322,52.5618],[-8.43,52.5577],[-8.4273,52.5563],[-8.4288,52.5548],[-8.4275,52.5477],[-8.4318,52.5418],[-8.4318,52.536],[-8.4343,52.5304],[-8.4434,52.5321],[-8.4467,52.5379],[-8.454,52.5373],[-8.4526,52.5339],[-8.4535,52.5329],[-8.4755,52.5289],[-8.4799,52.5301],[-8.481,52.5342],[-8.4823,52.5352],[-8.4901,52.5371],[-8.4994,52.5352],[-8.5042,52.5379],[-8.5101,52.5382],[-8.5266,52.5434],[-8.5384,52.5412],[-8.5397,52.5398],[-8.5445,52.5404],[-8.5493,52.5417],[-8.5498,52.5431],[-8.5578,52.5437],[-8.5624,52.5459],[-8.5621,52.5442],[-8.5649,52.5437],[-8.5666,52.5414],[-8.5734,52.5436],[-8.5773,52.542],[-8.58,52.5392],[-8.5798,52.5361],[-8.5816,52.5332],[-8.5858,52.532],[-8.593,52.5341],[-8.5975,52.5328],[-8.601,52.5296],[-8.6097,52.5351],[-8.6147,52.5406],[-8.6091,52.5442],[-8.6123,52.5489],[-8.6174,52.5478],[-8.6217,52.5452],[-8.6241,52.5449],[-8.625,52.5458],[-8.6281,52.5448],[-8.6367,52.5558],[-8.6367,52.5524],[-8.6415,52.5509],[-8.644,52.5538],[-8.6565,52.556],[-8.6563,52.555],[-8.6732,52.5546],[-8.681,52.5613],[-8.6905,52.5629],[-8.701,52.5614],[-8.6974,52.5577],[-8.6997,52.5554],[-8.6975,52.5541],[-8.6947,52.5466],[-8.6963,52.5446],[-8.6949,52.5442],[-8.696,52.5421],[-8.7018,52.5415],[-8.7046,52.5473],[-8.7065,52.5491],[-8.7086,52.5487],[-8.7126,52.5504],[-8.7121,52.5518],[-8.7173,52.5541],[-8.7184,52.5575],[-8.7206,52.5595],[-8.719,52.5615],[-8.7176,52.5607],[-8.7039,52.5674],[-8.7047,52.5692],[-8.7124,52.5691],[-8.7132,52.5765],[-8.7152,52.579],[-8.7297,52.5802],[-8.7459,52.5791],[-8.7439,52.5844],[-8.7403,52.5853],[-8.7394,52.5878],[-8.7358,52.589],[-8.7365,52.5913],[-8.7384,52.5916],[-8.7417,52.5893],[-8.7459,52.5899],[-8.7506,52.5858],[-8.753,52.586],[-8.7536,52.5873],[-8.757,52.5865],[-8.7578,52.5843],[-8.761,52.5829],[-8.7648,52.5857],[-8.7645,52.5874],[-8.7667,52.592],[-8.7708,52.5926],[-8.7738,52.5946],[-8.7733,52.596],[-8.7836,52.6018],[-8.7837,52.6042],[-8.7743,52.6076],[-8.7708,52.6114],[-8.7686,52.6116],[-8.766,52.6094],[-8.7633,52.6102],[-8.7651,52.6212],[-8.7673,52.6222],[-8.7714,52.6209],[-8.7739,52.6222],[-8.7733,52.624],[-8.7667,52.6269],[-8.7648,52.6302],[-8.7685,52.6331],[-8.7771,52.6353],[-8.774,52.6396],[-8.7761,52.6446],[-8.7849,52.6426],[-8.7926,52.6453],[-8.7911,52.6485],[-8.7855,52.6529],[-8.7857,52.6561],[-8.7888,52.6574],[-8.7993,52.6573],[-8.8051,52.6593],[-8.8067,52.662],[-8.8028,52.6719],[-8.7943,52.6693],[-8.781,52.6688],[-8.7723,52.6704],[-8.7609,52.6754],[-8.7485,52.676],[-8.7164,52.673],[-8.709,52.6708],[-8.705,52.6664],[-8.7048,52.6583],[-8.7004,52.6547],[-8.6939,52.653],[-8.6893,52.6536],[-8.6796,52.6575],[-8.665,52.6567],[-8.6512,52.6586],[-8.646,52.6531],[-8.6364,52.6504],[-8.6343,52.6561],[-8.6305,52.6602],[-8.6259,52.6584],[-8.6228,52.6624],[-8.6212,52.6609],[-8.5887,52.6507],[-8.578,52.6507],[-8.5733,52.6542],[-8.566,52.656],[-8.5636,52.6523],[-8.5599,52.6506],[-8.5542,52.6502],[-8.5445,52.6528],[-8.5392,52.6527],[-8.5381,52.658],[-8.5366,52.6595],[-8.533,52.6596],[-8.5323,52.6615],[-8.5279,52.6624],[-8.5247,52.6586],[-8.5239,52.6557],[-8.516,52.6519],[-8.5139,52.6481],[-8.5096,52.6458],[-8.5021,52.6471],[-8.496,52.6465],[-8.4926,52.6439],[-8.4895,52.6433],[-8.4874,52.6475],[-8.4786,52.6445],[-8.4764,52.6423],[-8.4774,52.6401],[-8.4799,52.6401],[-8.4817,52.637],[-8.4808,52.6358],[-8.4701,52.6357],[-8.4637,52.6319],[-8.4597,52.6321],[-8.4508,52.6284],[-8.4159,52.6313],[-8.4149,52.6281],[-8.4167,52.6275],[-8.4127,52.6267],[-8.4049,52.6171],[-8.4104,52.6094],[-8.4107,52.6064],[-8.4053,52.6026],[-8.3982,52.6],[-8.3949,52.5935]]]}},{"type":"Feature","properties":{"d":"Birr","c":"2600L","dv":"Kildare & Laois/Offaly","st":"Birr","hq":"Port Laoise","ad":"Emmet Sq, Birr, Co. Offaly","ph":"9169710","ty":"District HQ","pop":23258,"km2":877.923},"geometry":{"type":"Polygon","coordinates":[[[-7.5865,53.1037],[-7.5877,53.0998],[-7.5955,53.0913],[-7.6003,53.0896],[-7.6036,53.0865],[-7.6002,53.0839],[-7.6061,53.0766],[-7.6222,53.0664],[-7.6388,53.0615],[-7.6584,53.0507],[-7.6544,53.0407],[-7.6775,53.032],[-7.6823,53.0325],[-7.6911,53.0309],[-7.6969,53.0271],[-7.7023,53.0161],[-7.7092,53.0093],[-7.7209,53.0079],[-7.7291,53.0087],[-7.7337,53.013],[-7.7422,53.0136],[-7.7489,53.0184],[-7.7585,53.0203],[-7.7613,53.0236],[-7.7654,53.0219],[-7.766,53.0204],[-7.7705,53.0247],[-7.7798,53.025],[-7.7922,53.0206],[-7.7996,53.0198],[-7.8002,53.0171],[-7.7978,53.0166],[-7.7971,53.0151],[-7.7977,53.0135],[-7.8007,53.0143],[-7.801,53.0063],[-7.8047,53.0033],[-7.806,53.0004],[-7.815,53.0019],[-7.8185,53.0043],[-7.8232,53.0032],[-7.824,53.0013],[-7.8274,53.0021],[-7.8305,53.0008],[-7.82,52.9945],[-7.8085,52.9937],[-7.8055,52.9921],[-7.8034,52.9904],[-7.8037,52.987],[-7.8018,52.9841],[-7.8026,52.9811],[-7.8125,52.9784],[-7.8154,52.9748],[-7.8254,52.9747],[-7.8261,52.9728],[-7.8232,52.9706],[-7.8241,52.9683],[-7.8264,52.9679],[-7.8261,52.9667],[-7.8277,52.9656],[-7.8405,52.9646],[-7.8375,52.9628],[-7.84,52.9606],[-7.8447,52.9591],[-7.8451,52.9553],[-7.8646,52.9563],[-7.8653,52.9549],[-7.8627,52.9518],[-7.8645,52.947],[-7.8672,52.9458],[-7.8607,52.9424],[-7.8612,52.9381],[-7.8769,52.9378],[-7.8776,52.9308],[-7.8792,52.9304],[-7.8813,52.932],[-7.8853,52.9323],[-7.8888,52.9343],[-7.8998,52.9372],[-7.9135,52.9379],[-7.9198,52.9401],[-7.9224,52.9364],[-7.9388,52.9426],[-7.9374,52.9437],[-7.958,52.9493],[-7.9587,52.9518],[-7.9631,52.9507],[-7.9777,52.9528],[-7.988,52.9656],[-7.9863,52.9703],[-7.9875,52.9726],[-8.0082,52.9841],[-8.0045,52.9923],[-7.9972,52.9947],[-7.9964,52.9974],[-7.9928,52.9988],[-7.9822,52.997],[-7.9763,52.9973],[-7.9688,52.995],[-7.9659,52.9958],[-7.9597,52.9925],[-7.95,52.9954],[-7.9528,53.0022],[-7.9601,53.0064],[-7.9628,53.0115],[-7.9634,53.0165],[-7.9599,53.0218],[-7.9623,53.0227],[-7.9637,53.0251],[-7.962,53.0278],[-7.9622,53.031],[-7.9554,53.0327],[-7.9635,53.0418],[-7.9546,53.0466],[-7.9432,53.0437],[-7.9363,53.0449],[-7.9361,53.0492],[-7.9392,53.0515],[-7.9352,53.054],[-7.9341,53.0606],[-7.9316,53.0613],[-7.927,53.0659],[-7.9269,53.0709],[-7.9293,53.0739],[-7.9282,53.0751],[-7.9284,53.078],[-7.9323,53.0776],[-7.9347,53.0788],[-7.9329,53.0814],[-7.9355,53.0811],[-7.9365,53.0831],[-7.9454,53.0813],[-7.9482,53.0844],[-7.9475,53.0908],[-7.9635,53.0935],[-7.9673,53.0971],[-7.9662,53.1039],[-7.9556,53.1052],[-7.9496,53.1038],[-7.9463,53.1074],[-7.9454,53.1114],[-7.9385,53.1132],[-7.9379,53.1153],[-7.9407,53.118],[-7.9459,53.1198],[-7.948,53.1218],[-7.9517,53.1222],[-7.9553,53.1254],[-7.9648,53.1263],[-7.9677,53.1283],[-7.9743,53.1291],[-7.9733,53.1307],[-7.9774,53.1342],[-7.9839,53.1354],[-7.9924,53.139],[-8.0015,53.1382],[-8.0045,53.1391],[-8.0088,53.1439],[-8.0146,53.1442],[-8.02,53.1481],[-8.0331,53.1503],[-8.0338,53.1493],[-8.0376,53.1505],[-8.0393,53.1496],[-8.0457,53.1525],[-8.0549,53.1539],[-8.0618,53.1596],[-8.0709,53.1614],[-8.0745,53.1632],[-8.0741,53.1648],[-8.0772,53.1674],[-8.0815,53.1669],[-8.084,53.1701],[-8.0747,53.1757],[-8.0696,53.1818],[-8.0612,53.1882],[-8.05,53.1935],[-8.037,53.1951],[-8.0302,53.194],[-8.0236,53.1958],[-8.0026,53.1927],[-7.994,53.193],[-7.9881,53.1967],[-7.9837,53.2025],[-7.9744,53.2093],[-7.9703,53.2156],[-7.97,53.221],[-7.9673,53.2265],[-7.9719,53.2332],[-7.9819,53.2394],[-8.0009,53.2455],[-8.0053,53.2502],[-8.0273,53.2531],[-8.0295,53.2631],[-8.0353,53.2642],[-8.0439,53.272],[-8.0556,53.274],[-8.049,53.2807],[-8.0495,53.2827],[-8.0463,53.2886],[-8.0365,53.2919],[-8.0318,53.295],[-8.0295,53.3005],[-8.0243,53.3039],[-8.0279,53.3135],[-8.0261,53.3218],[-8.0149,53.3244],[-8.0039,53.322],[-7.996,53.3244],[-7.9866,53.329],[-7.9895,53.3317],[-7.9887,53.3337],[-7.984,53.3373],[-7.9699,53.3353],[-7.944,53.3415],[-7.9422,53.3435],[-7.9437,53.3501],[-7.9399,53.3552],[-7.9325,53.3612],[-7.9233,53.3631],[-7.9189,53.3614],[-7.9126,53.3611],[-7.9061,53.3624],[-7.9048,53.3604],[-7.8972,53.3577],[-7.8933,53.3537],[-7.8827,53.349],[-7.8675,53.3468],[-7.8546,53.3471],[-7.8466,53.3411],[-7.8403,53.3478],[-7.8449,53.3497],[-7.8377,53.3516],[-7.8368,53.3536],[-7.8184,53.3563],[-7.8183,53.3545],[-7.8045,53.3504],[-7.7979,53.3504],[-7.7944,53.3532],[-7.7846,53.3495],[-7.7789,53.3499],[-7.777,53.3482],[-7.7721,53.347],[-7.7628,53.3481],[-7.7572,53.338],[-7.7568,53.3334],[-7.7481,53.3279],[-7.7546,53.3273],[-7.7651,53.3205],[-7.7387,53.3066],[-7.7346,53.3111],[-7.729,53.3135],[-7.7111,53.3133],[-7.7047,53.3112],[-7.7039,53.308],[-7.705,53.3038],[-7.6978,53.2999],[-7.6984,53.2979],[-7.697,53.2952],[-7.7007,53.2939],[-7.7081,53.2875],[-7.7149,53.2839],[-7.7148,53.282],[-7.7167,53.2812],[-7.7156,53.2803],[-7.7167,53.2774],[-7.7108,53.2744],[-7.705,53.2673],[-7.699,53.2665],[-7.6903,53.2557],[-7.6757,53.2479],[-7.6813,53.2374],[-7.6889,53.2378],[-7.6935,53.232],[-7.6924,53.2288],[-7.7128,53.2067],[-7.7054,53.1978],[-7.7056,53.1938],[-7.7037,53.1905],[-7.7014,53.1878],[-7.6971,53.186],[-7.6982,53.1854],[-7.6968,53.1844],[-7.6949,53.1842],[-7.6796,53.1894],[-7.6776,53.1878],[-7.6778,53.1857],[-7.6641,53.1884],[-7.6637,53.1874],[-7.6662,53.1861],[-7.6651,53.1824],[-7.6689,53.1812],[-7.669,53.1786],[-7.6659,53.1783],[-7.665,53.1759],[-7.6679,53.174],[-7.6602,53.1722],[-7.6519,53.173],[-7.6481,53.1711],[-7.6315,53.1676],[-7.6295,53.1619],[-7.6348,53.1598],[-7.6343,53.1574],[-7.6354,53.1565],[-7.646,53.1518],[-7.6467,53.1474],[-7.6449,53.143],[-7.6359,53.1363],[-7.6319,53.1308],[-7.6252,53.1301],[-7.6108,53.1186],[-7.6107,53.1138],[-7.6134,53.1113],[-7.5914,53.106],[-7.5865,53.1037]]]}},{"type":"Feature","properties":{"d":"Tuam","c":"5800K","dv":"Galway","st":"Tuam","hq":"Murrough","ad":"Abbeytrinity, Tuam, Co. Galway","ph":"70840","ty":"District HQ","pop":37069,"km2":1002.494},"geometry":{"type":"Polygon","coordinates":[[[-8.4155,53.6446],[-8.4219,53.6431],[-8.4211,53.6424],[-8.4326,53.6361],[-8.4345,53.6379],[-8.4424,53.6386],[-8.4423,53.6341],[-8.4453,53.6336],[-8.4459,53.6321],[-8.4458,53.6267],[-8.4511,53.6267],[-8.4487,53.6228],[-8.4377,53.6165],[-8.4415,53.6112],[-8.4501,53.6096],[-8.4611,53.6038],[-8.4698,53.6053],[-8.474,53.6009],[-8.4805,53.5986],[-8.4799,53.5966],[-8.4685,53.5876],[-8.4689,53.5867],[-8.4609,53.584],[-8.4563,53.5796],[-8.4477,53.575],[-8.4473,53.5731],[-8.4497,53.5714],[-8.4625,53.5738],[-8.4734,53.5729],[-8.4961,53.5827],[-8.5018,53.5873],[-8.5042,53.5869],[-8.5058,53.5843],[-8.5112,53.5805],[-8.5072,53.5785],[-8.5271,53.5752],[-8.5256,53.5738],[-8.5265,53.5724],[-8.5354,53.5689],[-8.5294,53.5613],[-8.5326,53.5566],[-8.5377,53.5576],[-8.5377,53.5525],[-8.5456,53.5518],[-8.5507,53.5564],[-8.5531,53.5566],[-8.5462,53.5617],[-8.5706,53.5609],[-8.5707,53.5587],[-8.5781,53.5584],[-8.575,53.5648],[-8.5759,53.5668],[-8.5743,53.5725],[-8.5882,53.5752],[-8.5901,53.5769],[-8.5944,53.5747],[-8.6006,53.5738],[-8.6011,53.5707],[-8.5985,53.5676],[-8.6003,53.5643],[-8.605,53.5621],[-8.6061,53.5594],[-8.6085,53.5581],[-8.6204,53.561],[-8.6254,53.5608],[-8.634,53.5689],[-8.6423,53.5637],[-8.6451,53.56],[-8.6477,53.5602],[-8.6456,53.5525],[-8.6615,53.5522],[-8.6644,53.5502],[-8.6662,53.5436],[-8.6643,53.5419],[-8.6659,53.5383],[-8.6644,53.5364],[-8.6649,53.5329],[-8.6628,53.5319],[-8.6635,53.5298],[-8.6576,53.5279],[-8.6577,53.5262],[-8.661,53.5249],[-8.6629,53.5195],[-8.6685,53.5144],[-8.6663,53.5082],[-8.6644,53.5083],[-8.6641,53.5073],[-8.6645,53.4982],[-8.6703,53.4997],[-8.6734,53.497],[-8.6768,53.4837],[-8.6743,53.4802],[-8.6667,53.4817],[-8.6715,53.4844],[-8.6619,53.4833],[-8.6595,53.4785],[-8.6519,53.4792],[-8.6468,53.4753],[-8.6537,53.4723],[-8.6499,53.4709],[-8.6441,53.4702],[-8.6363,53.4732],[-8.634,53.4645],[-8.6312,53.4636],[-8.6297,53.4547],[-8.6318,53.4518],[-8.6381,53.4522],[-8.6382,53.4491],[-8.6483,53.4487],[-8.6555,53.4451],[-8.6633,53.4465],[-8.6697,53.4461],[-8.6613,53.4418],[-8.6595,53.4376],[-8.6596,53.4361],[-8.6618,53.4367],[-8.6671,53.4355],[-8.6682,53.4314],[-8.6661,53.4289],[-8.6596,53.4261],[-8.6602,53.4243],[-8.6582,53.4224],[-8.6569,53.4178],[-8.6586,53.4159],[-8.6577,53.4136],[-8.6589,53.4118],[-8.6566,53.4106],[-8.6564,53.4092],[-8.6847,53.407],[-8.6889,53.4093],[-8.6873,53.4113],[-8.6951,53.4118],[-8.7068,53.4093],[-8.7171,53.4047],[-8.7219,53.405],[-8.7226,53.4039],[-8.738,53.4055],[-8.7409,53.4042],[-8.7505,53.4032],[-8.7551,53.4049],[-8.7622,53.4043],[-8.7709,53.4056],[-8.7726,53.4062],[-8.7721,53.407],[-8.7754,53.4107],[-8.7956,53.403],[-8.7948,53.4003],[-8.7988,53.3981],[-8.7974,53.3967],[-8.8113,53.3935],[-8.8165,53.395],[-8.8337,53.4051],[-8.8422,53.4056],[-8.8554,53.401],[-8.8597,53.4009],[-8.8635,53.3985],[-8.8672,53.3916],[-8.8702,53.3887],[-8.8874,53.3869],[-8.8914,53.3922],[-8.8952,53.3914],[-8.9129,53.3945],[-8.912,53.3975],[-8.9084,53.3972],[-8.9053,53.3992],[-8.9139,53.4073],[-8.9137,53.4097],[-8.9094,53.4106],[-8.9062,53.4177],[-8.9264,53.4238],[-8.9316,53.4217],[-8.9351,53.4241],[-8.9376,53.4279],[-8.9392,53.428],[-8.9526,53.4251],[-8.9668,53.4194],[-8.97,53.4218],[-8.969,53.4228],[-8.9749,53.4256],[-8.9779,53.4235],[-8.9871,53.4262],[-8.9871,53.4271],[-8.9911,53.4261],[-8.9902,53.4233],[-8.9943,53.4223],[-9.013,53.4253],[-9.0173,53.4238],[-9.0216,53.4252],[-9.0232,53.424],[-9.0235,53.4195],[-9.0284,53.418],[-9.03,53.4155],[-9.0356,53.4126],[-9.038,53.4123],[-9.0394,53.4142],[-9.0364,53.4146],[-9.0362,53.4159],[-9.045,53.4163],[-9.0424,53.4186],[-9.0451,53.4194],[-9.0451,53.4182],[-9.0536,53.4162],[-9.0553,53.415],[-9.0549,53.4138],[-9.057,53.4143],[-9.056,53.4155],[-9.0584,53.4142],[-9.0591,53.4165],[-9.0606,53.4168],[-9.0629,53.4152],[-9.0627,53.4141],[-9.0637,53.4152],[-9.0658,53.4146],[-9.0671,53.416],[-9.0657,53.4162],[-9.068,53.418],[-9.0681,53.4174],[-9.0671,53.4167],[-9.0672,53.4164],[-9.074,53.4156],[-9.081,53.41],[-9.0996,53.4052],[-9.1019,53.403],[-9.1198,53.41],[-9.1223,53.423],[-9.1328,53.4257],[-9.1453,53.4236],[-9.1851,53.4254],[-9.2142,53.4439],[-9.2399,53.4448],[-9.2599,53.4497],[-9.2662,53.469],[-9.2367,53.4803],[-9.2125,53.4786],[-9.2091,53.4754],[-9.2112,53.4735],[-9.2092,53.4724],[-9.205,53.4725],[-9.2014,53.4753],[-9.1982,53.474],[-9.1919,53.4757],[-9.1898,53.4753],[-9.1883,53.4732],[-9.1816,53.472],[-9.175,53.4739],[-9.1754,53.4765],[-9.1694,53.4798],[-9.1617,53.4805],[-9.1576,53.4827],[-9.1507,53.4807],[-9.1465,53.481],[-9.142,53.4783],[-9.1352,53.4774],[-9.1295,53.4824],[-9.1246,53.4821],[-9.1226,53.4846],[-9.1231,53.4859],[-9.117,53.4913],[-9.1159,53.4943],[-9.1087,53.4952],[-9.1059,53.4924],[-9.0994,53.4938],[-9.099,53.4973],[-9.0963,53.4991],[-9.095,53.5021],[-9.0956,53.5102],[-9.0921,53.5161],[-9.0902,53.516],[-9.0816,53.5213],[-9.0752,53.5221],[-9.0712,53.5243],[-9.0646,53.5251],[-9.0582,53.5276],[-9.0551,53.5324],[-9.055,53.5353],[-9.0425,53.537],[-9.0379,53.5357],[-9.0364,53.5364],[-9.0341,53.539],[-9.0375,53.5408],[-9.0364,53.5418],[-9.0369,53.5429],[-9.0324,53.5453],[-9.0321,53.5467],[-9.0296,53.5468],[-9.0293,53.5485],[-9.0253,53.5516],[-9.0288,53.5521],[-9.0305,53.5575],[-9.0414,53.5617],[-9.0387,53.5644],[-9.0418,53.566],[-9.0441,53.5763],[-9.0462,53.5767],[-9.0398,53.5815],[-9.0292,53.5793],[-9.0286,53.5807],[-9.0232,53.5804],[-9.0068,53.5841],[-9.009,53.5911],[-9.0125,53.5958],[-9.0154,53.5968],[-9.0154,53.5982],[-9.007,53.5988],[-8.9997,53.6023],[-8.9927,53.5971],[-8.99,53.6032],[-8.9803,53.605],[-8.9808,53.6096],[-8.9852,53.6136],[-8.9846,53.6157],[-8.9882,53.6187],[-8.9749,53.6254],[-8.9738,53.6278],[-8.9746,53.6298],[-8.9731,53.6337],[-8.9751,53.6381],[-8.9716,53.6425],[-8.975,53.6424],[-8.9788,53.6443],[-8.9783,53.6468],[-8.9715,53.6553],[-8.9631,53.654],[-8.9548,53.6557],[-8.9483,53.659],[-8.9464,53.6617],[-8.9387,53.6606],[-8.9376,53.6591],[-8.9234,53.6522],[-8.9166,53.647],[-8.913,53.6462],[-8.912,53.6439],[-8.9014,53.6421],[-8.8987,53.6474],[-8.8955,53.6487],[-8.9003,53.6526],[-8.8995,53.653],[-8.8828,53.6525],[-8.8763,53.6537],[-8.8737,53.6555],[-8.8694,53.6549],[-8.8663,53.6567],[-8.862,53.6545],[-8.8583,53.6547],[-8.8544,53.6532],[-8.8427,53.653],[-8.8381,53.6562],[-8.8379,53.6575],[-8.8249,53.6631],[-8.8233,53.665],[-8.8191,53.6659],[-8.8149,53.662],[-8.8009,53.6573],[-8.7943,53.657],[-8.7858,53.6587],[-8.7779,53.6652],[-8.7735,53.6664],[-8.769,53.6641],[-8.7614,53.6639],[-8.7558,53.6659],[-8.7496,53.6625],[-8.7451,53.662],[-8.74,53.6626],[-8.7338,53.6658],[-8.7291,53.6712],[-8.7247,53.6697],[-8.7234,53.6651],[-8.7132,53.6659],[-8.6938,53.6715],[-8.6555,53.6769],[-8.6555,53.6789],[-8.6508,53.683],[-8.641,53.6858],[-8.6411,53.6892],[-8.6453,53.694],[-8.6344,53.6997],[-8.6336,53.7008],[-8.6348,53.7042],[-8.6198,53.706],[-8.6135,53.7051],[-8.6088,53.706],[-8.6056,53.7075],[-8.6066,53.7088],[-8.6043,53.7105],[-8.5811,53.7086],[-8.5828,53.7138],[-8.5737,53.7189],[-8.5685,53.7166],[-8.5594,53.7159],[-8.5507,53.7187],[-8.5339,53.7163],[-8.5345,53.7189],[-8.5198,53.7123],[-8.4882,53.7158],[-8.4688,53.7155],[-8.458,53.7115],[-8.4585,53.7106],[-8.453,53.7083],[-8.4526,53.7058],[-8.4419,53.7033],[-8.4445,53.7024],[-8.4489,53.6979],[-8.4544,53.7],[-8.4594,53.7001],[-8.4582,53.6969],[-8.4441,53.6916],[-8.4472,53.6877],[-8.4467,53.6865],[-8.4383,53.6844],[-8.4338,53.6818],[-8.4361,53.681],[-8.4374,53.677],[-8.4356,53.6767],[-8.4331,53.6734],[-8.4277,53.6711],[-8.4281,53.6702],[-8.4253,53.6708],[-8.4189,53.6678],[-8.422,53.6654],[-8.42,53.6544],[-8.4209,53.6528],[-8.42,53.653],[-8.4155,53.6446]]]}},{"type":"Feature","properties":{"d":"Buncrana","c":"6470L","dv":"Donegal/Sligo & Leitrim","st":"Buncrana","hq":"Letterkenny","ad":"New Link Road, Buncrana","ph":"9320540","ty":"District HQ","pop":34765,"km2":792.528},"geometry":{"type":"Polygon","coordinates":[[[-6.922,55.2372],[-6.9283,55.2312],[-6.9267,55.2303],[-6.9278,55.2269],[-6.9248,55.2268],[-6.9299,55.2252],[-6.9289,55.2241],[-6.9306,55.2228],[-6.933,55.2238],[-6.9319,55.2227],[-6.9414,55.2183],[-6.9407,55.2176],[-6.9417,55.2168],[-6.9527,55.2141],[-6.9533,55.2135],[-6.9515,55.2133],[-6.9518,55.212],[-6.9496,55.2109],[-6.9514,55.2098],[-6.9594,55.2091],[-6.9589,55.2097],[-6.963,55.207],[-6.9716,55.2056],[-6.9831,55.2018],[-6.9853,55.2016],[-6.982,55.203],[-6.9838,55.2033],[-6.9867,55.2022],[-6.9858,55.2017],[-7.0072,55.1959],[-7.0227,55.1898],[-7.0357,55.1888],[-7.0421,55.186],[-7.0415,55.1867],[-7.0468,55.1875],[-7.0577,55.1824],[-7.0563,55.1811],[-7.0608,55.1813],[-7.0798,55.1726],[-7.0981,55.1683],[-7.121,55.1579],[-7.1376,55.1561],[-7.1487,55.1528],[-7.1547,55.1494],[-7.1588,55.1491],[-7.1657,55.1452],[-7.1705,55.1405],[-7.1773,55.1376],[-7.179,55.1349],[-7.1853,55.1328],[-7.1887,55.1288],[-7.1874,55.1269],[-7.1883,55.1252],[-7.1954,55.1215],[-7.2,55.1216],[-7.2045,55.1185],[-7.2121,55.1082],[-7.2129,55.104],[-7.2199,55.1005],[-7.222,55.0966],[-7.2253,55.0958],[-7.2289,55.092],[-7.2369,55.0874],[-7.241,55.0843],[-7.242,55.0817],[-7.2455,55.081],[-7.2518,55.072],[-7.2581,55.0664],[-7.2649,55.0666],[-7.2727,55.0634],[-7.2763,55.0583],[-7.2772,55.0543],[-7.2851,55.0491],[-7.2892,55.0474],[-7.2994,55.0561],[-7.3136,55.049],[-7.3148,55.0466],[-7.3182,55.0451],[-7.3217,55.0452],[-7.3327,55.0499],[-7.3462,55.0505],[-7.3446,55.0488],[-7.3558,55.0458],[-7.3634,55.0382],[-7.3667,55.0386],[-7.3766,55.0287],[-7.3915,55.0223],[-7.3912,55.0202],[-7.3965,55.0164],[-7.3964,55.0127],[-7.3985,55.0093],[-7.403,55.0073],[-7.4014,55.0068],[-7.4056,55.0033],[-7.4255,55.0091],[-7.4304,55.0125],[-7.4297,55.0174],[-7.4324,55.0208],[-7.4256,55.023],[-7.4265,55.0243],[-7.4469,55.0239],[-7.4501,55.0225],[-7.4606,55.0273],[-7.4602,55.0293],[-7.4636,55.0343],[-7.4671,55.0334],[-7.4763,55.0429],[-7.4702,55.0504],[-7.4753,55.0513],[-7.4964,55.0474],[-7.5041,55.0505],[-7.5055,55.0536],[-7.5086,55.0564],[-7.518,55.0584],[-7.5231,55.0578],[-7.5294,55.0626],[-7.5299,55.0665],[-7.5332,55.0723],[-7.5296,55.076],[-7.5253,55.0768],[-7.52,55.0819],[-7.5167,55.0825],[-7.517,55.0837],[-7.5155,55.0844],[-7.5138,55.0832],[-7.4999,55.0848],[-7.4903,55.0844],[-7.4898,55.0823],[-7.4871,55.0802],[-7.48,55.0773],[-7.4795,55.074],[-7.4713,55.0736],[-7.4668,55.072],[-7.4699,55.0704],[-7.4623,55.0616],[-7.4547,55.063],[-7.4548,55.0737],[-7.4563,55.0774],[-7.4729,55.0872],[-7.4749,55.0879],[-7.478,55.087],[-7.4769,55.0888],[-7.4796,55.0916],[-7.4783,55.0996],[-7.474,55.1055],[-7.4744,55.1098],[-7.4623,55.1157],[-7.4584,55.1196],[-7.4574,55.1234],[-7.4601,55.1253],[-7.4606,55.1277],[-7.458,55.1292],[-7.4649,55.1266],[-7.4635,55.1273],[-7.4638,55.1338],[-7.4613,55.1372],[-7.4617,55.1395],[-7.4639,55.1377],[-7.4688,55.1396],[-7.4749,55.1401],[-7.4759,55.1453],[-7.4796,55.1467],[-7.4848,55.1523],[-7.4847,55.1562],[-7.4887,55.1597],[-7.4933,55.1587],[-7.4969,55.1609],[-7.5023,55.1676],[-7.5063,55.1695],[-7.5067,55.1712],[-7.5082,55.171],[-7.5075,55.1722],[-7.509,55.1739],[-7.5114,55.1741],[-7.5115,55.1757],[-7.513,55.1758],[-7.5124,55.1771],[-7.5135,55.1772],[-7.5122,55.1786],[-7.514,55.1813],[-7.521,55.1859],[-7.5274,55.1869],[-7.5281,55.1889],[-7.5367,55.1909],[-7.5378,55.1937],[-7.5413,55.1937],[-7.541,55.1948],[-7.551,55.1946],[-7.5528,55.1952],[-7.5526,55.1962],[-7.5543,55.1959],[-7.5535,55.1964],[-7.5547,55.198],[-7.548,55.2],[-7.5495,55.2012],[-7.5484,55.2022],[-7.5448,55.1998],[-7.5417,55.2012],[-7.5401,55.2005],[-7.5412,55.2016],[-7.539,55.2029],[-7.5449,55.2061],[-7.5483,55.2055],[-7.5477,55.2066],[-7.549,55.2072],[-7.5451,55.208],[-7.5471,55.2091],[-7.5443,55.2103],[-7.5452,55.2106],[-7.5443,55.2127],[-7.5455,55.2137],[-7.5451,55.2171],[-7.5405,55.218],[-7.5412,55.2187],[-7.5384,55.2217],[-7.539,55.2239],[-7.5364,55.2248],[-7.5375,55.2259],[-7.5363,55.2287],[-7.5269,55.231],[-7.5276,55.2322],[-7.5234,55.2347],[-7.5239,55.2357],[-7.518,55.2387],[-7.5183,55.2405],[-7.5219,55.2439],[-7.5284,55.2432],[-7.5284,55.2423],[-7.533,55.2427],[-7.5304,55.2445],[-7.5331,55.2453],[-7.5327,55.2465],[-7.5342,55.2476],[-7.5294,55.2488],[-7.5266,55.252],[-7.519,55.2528],[-7.5198,55.2544],[-7.5185,55.2548],[-7.5161,55.2543],[-7.5133,55.2576],[-7.5144,55.2592],[-7.5087,55.2656],[-7.5086,55.2717],[-7.5207,55.274],[-7.5218,55.2749],[-7.5203,55.2751],[-7.5219,55.2751],[-7.5208,55.2758],[-7.5235,55.2777],[-7.5243,55.2798],[-7.5264,55.2797],[-7.5257,55.2822],[-7.5245,55.2811],[-7.5221,55.2851],[-7.5247,55.2848],[-7.5251,55.2858],[-7.5223,55.2869],[-7.5227,55.2861],[-7.5172,55.288],[-7.499,55.2896],[-7.4987,55.288],[-7.4944,55.288],[-7.49,55.2838],[-7.4786,55.2812],[-7.4713,55.2813],[-7.4673,55.2825],[-7.4651,55.2849],[-7.4669,55.288],[-7.4701,55.2892],[-7.4698,55.2904],[-7.4721,55.2916],[-7.4693,55.2966],[-7.4667,55.297],[-7.4624,55.296],[-7.4597,55.2931],[-7.4559,55.2927],[-7.4561,55.2917],[-7.4507,55.2909],[-7.4499,55.289],[-7.4526,55.2863],[-7.4494,55.2821],[-7.4377,55.2801],[-7.4362,55.2791],[-7.437,55.2782],[-7.4309,55.2796],[-7.4273,55.2777],[-7.4322,55.2852],[-7.4344,55.2851],[-7.4345,55.2869],[-7.4159,55.2914],[-7.4112,55.2906],[-7.4039,55.2927],[-7.3988,55.2919],[-7.394,55.2931],[-7.3939,55.292],[-7.3911,55.2909],[-7.3836,55.2927],[-7.3796,55.2961],[-7.3746,55.3065],[-7.3738,55.3104],[-7.376,55.3129],[-7.3748,55.3158],[-7.3757,55.3163],[-7.3634,55.3185],[-7.3558,55.3162],[-7.3493,55.3163],[-7.3345,55.312],[-7.3327,55.3111],[-7.3327,55.3101],[-7.3344,55.31],[-7.3326,55.308],[-7.3259,55.306],[-7.3254,55.3025],[-7.3127,55.3049],[-7.3164,55.3006],[-7.3144,55.299],[-7.3089,55.2983],[-7.304,55.2923],[-7.3076,55.2906],[-7.3202,55.2887],[-7.3342,55.2916],[-7.3352,55.2906],[-7.3475,55.2909],[-7.3461,55.2904],[-7.35,55.2893],[-7.3482,55.2873],[-7.3501,55.2865],[-7.3487,55.2846],[-7.3394,55.2837],[-7.3368,55.2867],[-7.3339,55.2858],[-7.3347,55.285],[-7.3333,55.2832],[-7.3296,55.2827],[-7.3272,55.2852],[-7.3223,55.2849],[-7.3225,55.2859],[-7.3126,55.2848],[-7.3044,55.2798],[-7.2992,55.2787],[-7.2982,55.2767],[-7.2901,55.2752],[-7.2876,55.2765],[-7.2828,55.2764],[-7.271,55.2823],[-7.2659,55.2805],[-7.2699,55.2798],[-7.2713,55.2779],[-7.2692,55.2765],[-7.2685,55.2779],[-7.2669,55.2773],[-7.2631,55.2793],[-7.2451,55.2778],[-7.2574,55.2835],[-7.2556,55.2839],[-7.2579,55.2849],[-7.258,55.2863],[-7.2674,55.2895],[-7.2673,55.2912],[-7.2607,55.2919],[-7.2585,55.2937],[-7.2544,55.2934],[-7.2566,55.294],[-7.2552,55.2943],[-7.249,55.2926],[-7.2506,55.2942],[-7.2569,55.295],[-7.264,55.2945],[-7.2665,55.2928],[-7.2776,55.2928],[-7.283,55.2956],[-7.2883,55.2964],[-7.296,55.302],[-7.3152,55.3103],[-7.3308,55.3119],[-7.3338,55.317],[-7.3339,55.3235],[-7.3352,55.326],[-7.3461,55.3284],[-7.3483,55.331],[-7.3536,55.3319],[-7.3521,55.333],[-7.3526,55.335],[-7.3505,55.3368],[-7.3523,55.3397],[-7.3503,55.3448],[-7.3512,55.3489],[-7.3477,55.3562],[-7.3485,55.3587],[-7.3577,55.3604],[-7.3587,55.3615],[-7.3698,55.3599],[-7.3731,55.3606],[-7.3753,55.3616],[-7.3739,55.362],[-7.3759,55.3637],[-7.3875,55.3671],[-7.3872,55.368],[-7.3886,55.3682],[-7.3871,55.3683],[-7.3881,55.3698],[-7.3848,55.3713],[-7.3874,55.3729],[-7.3898,55.372],[-7.3892,55.3754],[-7.3929,55.3762],[-7.3955,55.3746],[-7.3998,55.3748],[-7.3958,55.3762],[-7.3996,55.376],[-7.3986,55.3768],[-7.3908,55.3782],[-7.3923,55.3794],[-7.3875,55.3811],[-7.3884,55.3796],[-7.3861,55.381],[-7.3861,55.3799],[-7.3832,55.3808],[-7.3841,55.3814],[-7.3826,55.3812],[-7.381,55.3824],[-7.3817,55.3829],[-7.3664,55.382],[-7.3634,55.3793],[-7.3572,55.3798],[-7.3571,55.3788],[-7.355,55.3786],[-7.3546,55.377],[-7.3495,55.375],[-7.3426,55.3747],[-7.3393,55.3757],[-7.3395,55.3746],[-7.3364,55.3738],[-7.3342,55.3718],[-7.3369,55.3713],[-7.3362,55.3699],[-7.3331,55.3695],[-7.3339,55.3689],[-7.332,55.3681],[-7.3173,55.3694],[-7.3175,55.3685],[-7.3123,55.368],[-7.3113,55.3692],[-7.3113,55.3679],[-7.309,55.3671],[-7.3059,55.3692],[-7.3059,55.368],[-7.3049,55.3684],[-7.3053,55.3668],[-7.3017,55.3661],[-7.2986,55.3677],[-7.2965,55.3679],[-7.2975,55.3674],[-7.2964,55.367],[-7.2913,55.3687],[-7.2917,55.367],[-7.29,55.366],[-7.2822,55.3668],[-7.2792,55.3649],[-7.2769,55.366],[-7.2694,55.3598],[-7.2661,55.3592],[-7.2637,55.3604],[-7.2569,55.3577],[-7.2507,55.3593],[-7.244,55.3588],[-7.2425,55.3602],[-7.2397,55.3547],[-7.2313,55.3518],[-7.1965,55.3472],[-7.1914,55.3452],[-7.1898,55.3458],[-7.187,55.3425],[-7.1781,55.3396],[-7.1762,55.34],[-7.1777,55.3393],[-7.1762,55.3376],[-7.1707,55.3361],[-7.1706,55.3335],[-7.1729,55.3307],[-7.1689,55.3287],[-7.1702,55.3274],[-7.1689,55.3256],[-7.1704,55.3257],[-7.1727,55.323],[-7.1772,55.3211],[-7.1769,55.3202],[-7.1741,55.3201],[-7.1747,55.319],[-7.168,55.3169],[-7.1682,55.3153],[-7.1663,55.3154],[-7.1642,55.3146],[-7.1652,55.3148],[-7.1648,55.3131],[-7.1628,55.3118],[-7.1575,55.3108],[-7.1593,55.3066],[-7.1564,55.304],[-7.1571,55.3035],[-7.1526,55.3022],[-7.1541,55.301],[-7.1531,55.2998],[-7.154,55.3002],[-7.16,55.2961],[-7.1575,55.2921],[-7.1677,55.2876],[-7.1614,55.289],[-7.156,55.2921],[-7.1552,55.2937],[-7.158,55.2956],[-7.1568,55.2969],[-7.1455,55.2928],[-7.1364,55.2913],[-7.1248,55.2947],[-7.1223,55.2934],[-7.1229,55.2918],[-7.1217,55.2918],[-7.1228,55.2908],[-7.1203,55.2905],[-7.1194,55.2885],[-7.1163,55.2874],[-7.1052,55.2883],[-7.103,55.2868],[-7.0928,55.2857],[-7.0935,55.2841],[-7.0917,55.2827],[-7.0924,55.2816],[-7.0867,55.2793],[-7.0818,55.2789],[-7.0795,55.2763],[-7.0778,55.2767],[-7.0794,55.2762],[-7.0768,55.2743],[-7.0694,55.2716],[-7.0641,55.2724],[-7.0633,55.2715],[-7.0632,55.2726],[-7.0618,55.2718],[-7.0587,55.2732],[-7.0576,55.2721],[-7.0566,55.2734],[-7.0527,55.2733],[-7.0536,55.2741],[-7.0522,55.2745],[-7.0502,55.2735],[-7.0481,55.2755],[-7.0413,55.2753],[-7.0394,55.2746],[-7.0417,55.2728],[-7.0385,55.2723],[-7.0392,55.2714],[-7.037,55.2708],[-7.0378,55.27],[-7.0365,55.2693],[-7.0309,55.2696],[-7.0275,55.2681],[-7.0272,55.2667],[-7.0204,55.2676],[-7.0092,55.2652],[-7.0104,55.2618],[-7.0126,55.2607],[-7.0114,55.2599],[-7.0124,55.2585],[-7.0049,55.2552],[-7.0002,55.2555],[-6.9952,55.254],[-6.9738,55.2565],[-6.9654,55.253],[-6.9607,55.2546],[-6.9602,55.2536],[-6.9577,55.2543],[-6.9524,55.253],[-6.951,55.2509],[-6.9475,55.2492],[-6.9383,55.2468],[-6.9347,55.2432],[-6.9337,55.2404],[-6.9301,55.2396],[-6.9279,55.2373],[-6.922,55.2372]]]}},{"type":"Feature","properties":{"d":"Milford","c":"6540D","dv":"Donegal/Sligo & Leitrim","st":"Milford","hq":"Letterkenny","ad":"Main Street, Milford, Letterkenny","ph":"9153060","ty":"District HQ","pop":34835,"km2":1666.785},"geometry":{"type":"Polygon","coordinates":[[[-7.5181,55.123],[-7.5263,55.1151],[-7.5287,55.1147],[-7.5296,55.1171],[-7.5315,55.1171],[-7.5299,55.1154],[-7.5316,55.1149],[-7.5305,55.1138],[-7.5312,55.1106],[-7.5289,55.1076],[-7.5266,55.1072],[-7.5257,55.1035],[-7.5272,55.0999],[-7.5314,55.0955],[-7.5304,55.0949],[-7.5491,55.0926],[-7.5564,55.0894],[-7.5583,55.0873],[-7.5717,55.0863],[-7.5784,55.0828],[-7.5863,55.0813],[-7.5913,55.0774],[-7.5928,55.0738],[-7.5998,55.0744],[-7.5972,55.0738],[-7.5987,55.0692],[-7.5958,55.0669],[-7.5956,55.0634],[-7.6,55.0605],[-7.6117,55.0567],[-7.617,55.0569],[-7.6201,55.0552],[-7.62,55.0562],[-7.6216,55.0559],[-7.6225,55.0577],[-7.6242,55.0578],[-7.6287,55.0546],[-7.6271,55.0572],[-7.6319,55.0585],[-7.6338,55.0576],[-7.6329,55.0573],[-7.634,55.0555],[-7.6367,55.0544],[-7.6314,55.0548],[-7.6295,55.0522],[-7.6321,55.0485],[-7.6416,55.0455],[-7.6385,55.0437],[-7.6385,55.0409],[-7.644,55.0404],[-7.6478,55.0378],[-7.652,55.037],[-7.6459,55.0375],[-7.6437,55.0394],[-7.639,55.0387],[-7.6351,55.0427],[-7.631,55.0431],[-7.6323,55.0416],[-7.6269,55.0434],[-7.6235,55.0458],[-7.6234,55.0471],[-7.6205,55.0462],[-7.6154,55.0472],[-7.6098,55.0452],[-7.6093,55.0431],[-7.6074,55.043],[-7.6063,55.0452],[-7.5879,55.0484],[-7.5813,55.0519],[-7.5814,55.0529],[-7.5838,55.0525],[-7.5763,55.0548],[-7.5681,55.0537],[-7.5658,55.0498],[-7.5612,55.0469],[-7.5595,55.0444],[-7.5603,55.0382],[-7.5582,55.0355],[-7.5628,55.0322],[-7.5674,55.031],[-7.5819,55.0235],[-7.583,55.0219],[-7.5824,55.0193],[-7.5903,55.0166],[-7.599,55.0108],[-7.6022,55.0109],[-7.6201,55.0045],[-7.634,54.9972],[-7.6402,54.9968],[-7.6401,54.995],[-7.6368,54.9926],[-7.6389,54.9908],[-7.6497,54.9916],[-7.6528,54.9927],[-7.6533,54.9954],[-7.6573,54.9956],[-7.6603,54.9932],[-7.6636,54.9935],[-7.6629,54.9952],[-7.6678,54.9969],[-7.6705,54.9953],[-7.6815,54.9995],[-7.6816,55.0008],[-7.6862,55.0011],[-7.7021,54.9992],[-7.7053,54.9977],[-7.7059,54.996],[-7.7103,54.9961],[-7.7157,54.9938],[-7.717,54.9948],[-7.7277,54.9928],[-7.7332,54.9957],[-7.7338,54.9927],[-7.7324,54.992],[-7.7322,54.9898],[-7.7334,54.9879],[-7.7478,54.9867],[-7.7474,54.9843],[-7.749,54.9842],[-7.7544,54.9901],[-7.7585,54.9897],[-7.7602,54.9925],[-7.7589,54.9941],[-7.767,54.9938],[-7.7768,54.9909],[-7.7779,54.9896],[-7.7752,54.9871],[-7.7774,54.987],[-7.7799,54.9797],[-7.7771,54.9718],[-7.7778,54.9658],[-7.7767,54.9647],[-7.7813,54.9639],[-7.789,54.9674],[-7.7947,54.9646],[-7.8147,54.9641],[-7.8145,54.9621],[-7.8236,54.9581],[-7.8402,54.9565],[-7.8473,54.954],[-7.851,54.9503],[-7.8566,54.951],[-7.8586,54.9498],[-7.8662,54.9525],[-7.873,54.9533],[-7.8881,54.9479],[-7.8926,54.9397],[-7.8897,54.9378],[-7.8869,54.9377],[-7.8981,54.9346],[-7.9002,54.9336],[-7.8987,54.9329],[-7.8993,54.932],[-7.9031,54.9325],[-7.9026,54.9317],[-7.9066,54.9308],[-7.9079,54.9293],[-7.9108,54.9301],[-7.9156,54.9291],[-7.9167,54.9293],[-7.9159,54.9306],[-7.9171,54.9312],[-7.9211,54.9304],[-7.9319,54.932],[-7.9405,54.9299],[-7.9515,54.9297],[-7.9623,54.9242],[-7.9693,54.9235],[-7.9783,54.9191],[-7.9782,54.9131],[-7.9829,54.9107],[-7.9865,54.9048],[-7.9892,54.9032],[-7.9969,54.901],[-8.0152,54.8987],[-8.0348,54.9],[-8.031,54.9027],[-8.0318,54.9042],[-8.0301,54.9052],[-8.0351,54.9079],[-8.0341,54.9085],[-8.0349,54.9099],[-8.041,54.9127],[-8.0443,54.9119],[-8.0459,54.9135],[-8.0495,54.9129],[-8.0626,54.9183],[-8.0661,54.9221],[-8.0739,54.9256],[-8.0823,54.9333],[-8.1051,54.9319],[-8.1084,54.9331],[-8.113,54.9383],[-8.1161,54.9358],[-8.1163,54.9335],[-8.1184,54.9326],[-8.1186,54.9307],[-8.133,54.9274],[-8.1475,54.9279],[-8.1474,54.9263],[-8.1544,54.9216],[-8.1551,54.919],[-8.1576,54.9182],[-8.1568,54.9178],[-8.1652,54.9165],[-8.1693,54.9134],[-8.1746,54.9157],[-8.1852,54.9112],[-8.1885,54.911],[-8.1897,54.9095],[-8.2029,54.9097],[-8.2071,54.9067],[-8.205,54.9041],[-8.2108,54.9003],[-8.2106,54.8988],[-8.2283,54.8912],[-8.2331,54.8886],[-8.2339,54.8866],[-8.2394,54.8848],[-8.2413,54.8821],[-8.2488,54.8789],[-8.2624,54.8676],[-8.2662,54.8662],[-8.2705,54.8607],[-8.2735,54.8626],[-8.3,54.8502],[-8.3174,54.8444],[-8.3283,54.8425],[-8.3391,54.8422],[-8.3473,54.8445],[-8.354,54.8488],[-8.3517,54.8484],[-8.351,54.8518],[-8.3571,54.8542],[-8.3744,54.855],[-8.3808,54.8516],[-8.3854,54.8571],[-8.3862,54.8688],[-8.3852,54.8737],[-8.3837,54.875],[-8.3898,54.8762],[-8.3907,54.8773],[-8.3894,54.8778],[-8.3907,54.8782],[-8.3872,54.8795],[-8.3808,54.8794],[-8.3701,54.8761],[-8.3653,54.8786],[-8.3619,54.8784],[-8.3628,54.8796],[-8.3612,54.8801],[-8.362,54.8813],[-8.3604,54.8826],[-8.3515,54.8831],[-8.3328,54.8773],[-8.3357,54.8758],[-8.329,54.8765],[-8.3279,54.875],[-8.3203,54.8729],[-8.3229,54.8764],[-8.3204,54.8767],[-8.3227,54.8778],[-8.3203,54.8785],[-8.3251,54.8798],[-8.3184,54.8831],[-8.3095,54.884],[-8.3109,54.8868],[-8.3078,54.8869],[-8.3045,54.8882],[-8.3092,54.8876],[-8.3109,54.8891],[-8.3082,54.8892],[-8.3129,54.8894],[-8.313,54.8909],[-8.3135,54.8889],[-8.3155,54.8901],[-8.3153,54.8887],[-8.3266,54.8874],[-8.3384,54.89],[-8.3427,54.8927],[-8.3417,54.894],[-8.3384,54.8939],[-8.3403,54.8949],[-8.3423,54.8984],[-8.3394,54.9033],[-8.3425,54.9052],[-8.3414,54.9065],[-8.3446,54.9078],[-8.348,54.9073],[-8.3499,54.9048],[-8.3614,54.9025],[-8.3603,54.9006],[-8.3624,54.9001],[-8.363,54.8988],[-8.3699,54.9003],[-8.3667,54.9007],[-8.3692,54.9023],[-8.3683,54.9046],[-8.3752,54.9025],[-8.3799,54.9045],[-8.3795,54.906],[-8.3829,54.9025],[-8.3795,54.9008],[-8.3812,54.8997],[-8.3776,54.8993],[-8.3785,54.8967],[-8.3768,54.8951],[-8.3777,54.8926],[-8.3743,54.8882],[-8.379,54.8839],[-8.3853,54.8832],[-8.3882,54.8855],[-8.389,54.8888],[-8.4004,54.8936],[-8.4092,54.8948],[-8.411,54.896],[-8.4088,54.8971],[-8.4097,54.8981],[-8.4149,54.8982],[-8.4324,54.9035],[-8.4414,54.9043],[-8.4492,54.9076],[-8.4483,54.9082],[-8.4513,54.9093],[-8.4506,54.9109],[-8.4543,54.9106],[-8.4531,54.9116],[-8.4547,54.9113],[-8.4564,54.9131],[-8.4553,54.9131],[-8.4548,54.9153],[-8.4575,54.9166],[-8.4586,54.9186],[-8.4572,54.9193],[-8.4589,54.9201],[-8.4565,54.9202],[-8.4572,54.9208],[-8.456,54.9219],[-8.4581,54.9237],[-8.4489,54.9242],[-8.4477,54.9264],[-8.4443,54.9278],[-8.4448,54.9324],[-8.4477,54.9328],[-8.4503,54.9349],[-8.4555,54.9333],[-8.4801,54.938],[-8.4872,54.9408],[-8.4886,54.9429],[-8.4882,54.9531],[-8.5196,54.9547],[-8.584,54.9748],[-8.5839,55.0247],[-8.5193,55.0289],[-8.478,55.0203],[-8.4677,55.0567],[-8.4541,55.0626],[-8.4388,55.0634],[-8.4246,55.0587],[-8.4041,55.0435],[-8.4102,55.0357],[-8.4085,55.0312],[-8.405,55.0283],[-8.4027,55.0281],[-8.4006,55.0294],[-8.4031,55.0291],[-8.403,55.0309],[-8.4015,55.0316],[-8.4051,55.0322],[-8.4072,55.0344],[-8.4041,55.0343],[-8.4042,55.0356],[-8.4024,55.0369],[-8.4004,55.0358],[-8.4004,55.0409],[-8.3979,55.0411],[-8.3954,55.0434],[-8.3918,55.0431],[-8.3875,55.0379],[-8.3873,55.0354],[-8.385,55.0363],[-8.3834,55.0341],[-8.3794,55.033],[-8.3707,55.0366],[-8.3717,55.0388],[-8.3682,55.0401],[-8.3687,55.0412],[-8.3674,55.0405],[-8.3679,55.0414],[-8.3665,55.0407],[-8.3653,55.0418],[-8.3649,55.0404],[-8.3628,55.0412],[-8.3603,55.0397],[-8.3592,55.0409],[-8.3593,55.0394],[-8.3572,55.0388],[-8.35,55.0392],[-8.343,55.0468],[-8.3428,55.0492],[-8.3457,55.0511],[-8.3431,55.0519],[-8.3702,55.0564],[-8.3819,55.0595],[-8.3893,55.063],[-8.3918,55.068],[-8.3839,55.081],[-8.3877,55.0851],[-8.3883,55.0884],[-8.3845,55.0955],[-8.3773,55.1023],[-8.3683,55.1072],[-8.3521,55.1128],[-8.3517,55.1234],[-8.3478,55.126],[-8.3248,55.1247],[-8.306,55.1201],[-8.3018,55.1179],[-8.3019,55.1199],[-8.3037,55.1203],[-8.3052,55.1225],[-8.3035,55.1238],[-8.3037,55.1257],[-8.2971,55.1254],[-8.2959,55.1264],[-8.2966,55.1286],[-8.2942,55.1309],[-8.2963,55.1375],[-8.2996,55.1396],[-8.2965,55.1424],[-8.288,55.1466],[-8.2896,55.148],[-8.293,55.1479],[-8.2925,55.1487],[-8.2951,55.1489],[-8.2971,55.1508],[-8.2906,55.1528],[-8.286,55.1565],[-8.2855,55.1585],[-8.283,55.159],[-8.2832,55.1708],[-8.2558,55.2249],[-8.2681,55.2426],[-8.2684,55.2786],[-8.2368,55.2787],[-8.1896,55.2698],[-8.1894,55.2429],[-8.2122,55.1891],[-8.1735,55.2069],[-8.1421,55.207],[-8.142,55.1801],[-8.1345,55.1633],[-8.1306,55.1611],[-8.1316,55.1611],[-8.1293,55.156],[-8.1333,55.1566],[-8.1357,55.1532],[-8.1421,55.1521],[-8.1428,55.151],[-8.1419,55.1501],[-8.1474,55.1508],[-8.1443,55.1487],[-8.1613,55.1438],[-8.1604,55.1426],[-8.168,55.1446],[-8.1713,55.1445],[-8.1705,55.1437],[-8.1713,55.1427],[-8.1648,55.1422],[-8.1558,55.1384],[-8.1616,55.1372],[-8.1609,55.1355],[-8.1601,55.1362],[-8.1592,55.1345],[-8.1571,55.134],[-8.1608,55.1309],[-8.1597,55.1306],[-8.1645,55.1276],[-8.1636,55.1262],[-8.1577,55.127],[-8.1563,55.1244],[-8.1533,55.1243],[-8.1475,55.1315],[-8.1452,55.1316],[-8.1449,55.1299],[-8.1418,55.1281],[-8.1362,55.1276],[-8.1371,55.1265],[-8.1358,55.1246],[-8.137,55.1219],[-8.1404,55.1206],[-8.1391,55.1195],[-8.1381,55.1213],[-8.1351,55.121],[-8.1354,55.1225],[-8.1323,55.1237],[-8.1341,55.1275],[-8.1324,55.1301],[-8.1331,55.1332],[-8.1382,55.1389],[-8.1361,55.1409],[-8.1362,55.1425],[-8.1327,55.1422],[-8.1317,55.1401],[-8.1272,55.1397],[-8.1246,55.1361],[-8.121,55.1361],[-8.1226,55.138],[-8.1219,55.1416],[-8.1233,55.1452],[-8.1218,55.1476],[-8.122,55.1496],[-8.123,55.1495],[-8.1176,55.1505],[-8.1167,55.1521],[-8.1216,55.1554],[-8.1216,55.1541],[-8.1245,55.154],[-8.1244,55.156],[-8.1222,55.1582],[-8.1148,55.1601],[-8.09,55.1612],[-8.0834,55.1611],[-8.0815,55.1594],[-8.0808,55.1613],[-8.0684,55.1629],[-8.0659,55.1648],[-8.067,55.1653],[-8.0626,55.1656],[-8.0594,55.1699],[-8.0516,55.1738],[-8.048,55.1745],[-8.0467,55.1734],[-8.0469,55.1715],[-8.0457,55.1712],[-8.0423,55.1748],[-8.0399,55.1751],[-8.0371,55.1708],[-8.0242,55.1737],[-8.018,55.1792],[-8.0157,55.1841],[-8.0161,55.1857],[-8.0238,55.1869],[-8.0231,55.1883],[-8.0241,55.188],[-8.0242,55.1906],[-8.0203,55.1912],[-8.0218,55.1918],[-8.0211,55.193],[-8.0131,55.1963],[-8.0154,55.1977],[-8.0245,55.199],[-8.0215,55.2014],[-8.0224,55.2013],[-8.022,55.2031],[-8.0195,55.2048],[-8.0189,55.2072],[-8.0212,55.2077],[-8.0162,55.2114],[-8.0182,55.2119],[-8.0168,55.214],[-8.0127,55.2153],[-8.0066,55.2148],[-8.0037,55.2164],[-8.0028,55.2143],[-8.0013,55.2147],[-7.9966,55.2177],[-7.9918,55.2185],[-7.9963,55.2191],[-7.9939,55.2224],[-7.9861,55.2235],[-7.985,55.2257],[-7.9824,55.2268],[-7.9814,55.2243],[-7.9752,55.2236],[-7.9758,55.2185],[-7.9726,55.2176],[-7.9735,55.2163],[-7.9713,55.2162],[-7.9677,55.2128],[-7.9621,55.2124],[-7.956,55.2147],[-7.9461,55.2141],[-7.9448,55.2127],[-7.9431,55.2145],[-7.9438,55.2128],[-7.9396,55.2086],[-7.9417,55.208],[-7.9403,55.2073],[-7.9414,55.2051],[-7.9397,55.2041],[-7.9412,55.2028],[-7.942,55.2036],[-7.9415,55.2026],[-7.9438,55.2016],[-7.9417,55.201],[-7.9448,55.1965],[-7.9544,55.1949],[-7.9594,55.1909],[-7.9635,55.19],[-7.9665,55.1909],[-7.9706,55.1898],[-7.9721,55.1918],[-7.9745,55.1915],[-7.9845,55.187],[-7.9843,55.1858],[-7.9863,55.1842],[-7.9858,55.1832],[-7.9756,55.185],[-7.9723,55.1836],[-7.9652,55.184],[-7.9605,55.1856],[-7.9575,55.1888],[-7.9458,55.1816],[-7.9364,55.1823],[-7.9353,55.1802],[-7.9363,55.1786],[-7.9309,55.1784],[-7.9263,55.1804],[-7.9273,55.1817],[-7.929,55.1813],[-7.927,55.1834],[-7.9276,55.1842],[-7.9258,55.184],[-7.9266,55.1833],[-7.9223,55.185],[-7.917,55.1849],[-7.9153,55.1869],[-7.9187,55.1868],[-7.9146,55.1878],[-7.9149,55.1896],[-7.9135,55.1916],[-7.9141,55.1899],[-7.9122,55.1907],[-7.9112,55.1892],[-7.9083,55.1896],[-7.9081,55.1884],[-7.9058,55.1914],[-7.9044,55.1896],[-7.9015,55.1894],[-7.9041,55.1878],[-7.8972,55.1885],[-7.8957,55.1872],[-7.899,55.1864],[-7.8968,55.186],[-7.8975,55.1834],[-7.8965,55.1824],[-7.9013,55.1803],[-7.9023,55.1778],[-7.8987,55.1737],[-7.8896,55.1722],[-7.8817,55.176],[-7.8777,55.1732],[-7.8815,55.172],[-7.8823,55.1696],[-7.8863,55.1699],[-7.8941,55.1643],[-7.9115,55.1578],[-7.9148,55.1562],[-7.915,55.1549],[-7.9121,55.1565],[-7.9125,55.1552],[-7.9111,55.155],[-7.9031,55.1567],[-7.8918,55.1612],[-7.8905,55.1602],[-7.8868,55.1605],[-7.8855,55.163],[-7.8746,55.1679],[-7.8721,55.1663],[-7.8677,55.1671],[-7.8666,55.1663],[-7.8586,55.169],[-7.8614,55.1666],[-7.8581,55.165],[-7.8534,55.1661],[-7.8546,55.1653],[-7.8533,55.1647],[-7.8573,55.1605],[-7.8643,55.1567],[-7.8625,55.1548],[-7.8654,55.1524],[-7.864,55.151],[-7.8655,55.15],[-7.8687,55.1497],[-7.8696,55.1508],[-7.8783,55.1473],[-7.8767,55.1498],[-7.8794,55.1504],[-7.8937,55.1464],[-7.893,55.1451],[-7.8975,55.1432],[-7.897,55.1417],[-7.901,55.1391],[-7.9023,55.1362],[-7.9075,55.1334],[-7.9007,55.1335],[-7.8984,55.1354],[-7.8945,55.135],[-7.8926,55.1388],[-7.8893,55.1401],[-7.888,55.1398],[-7.8863,55.1368],[-7.8833,55.1377],[-7.8827,55.1367],[-7.8812,55.1387],[-7.8764,55.1387],[-7.8775,55.1423],[-7.8746,55.1448],[-7.8737,55.1412],[-7.8667,55.1389],[-7.8643,55.1359],[-7.865,55.1353],[-7.8633,55.1353],[-7.8692,55.1307],[-7.8654,55.13],[-7.8608,55.1312],[-7.8688,55.1267],[-7.8655,55.1281],[-7.8549,55.1292],[-7.85,55.1241],[-7.8537,55.1297],[-7.85,55.1336],[-7.8575,55.1328],[-7.8582,55.1343],[-7.8566,55.1357],[-7.8597,55.1354],[-7.8584,55.1386],[-7.8598,55.14],[-7.8572,55.1414],[-7.8576,55.1426],[-7.8545,55.1427],[-7.8384,55.1507],[-7.8385,55.1516],[-7.8395,55.1505],[-7.8454,55.1543],[-7.8492,55.1552],[-7.8374,55.1596],[-7.8322,55.1628],[-7.827,55.1697],[-7.8252,55.1766],[-7.8264,55.1825],[-7.8276,55.1833],[-7.8296,55.1823],[-7.8305,55.1831],[-7.8297,55.1838],[-7.8317,55.1843],[-7.8315,55.1869],[-7.8329,55.1886],[-7.8303,55.1896],[-7.8342,55.193],[-7.8393,55.1945],[-7.8434,55.1929],[-7.8421,55.1896],[-7.8436,55.1903],[-7.8459,55.1891],[-7.8481,55.1911],[-7.8498,55.1891],[-7.8515,55.1937],[-7.8586,55.1941],[-7.8607,55.1929],[-7.8646,55.1949],[-7.8637,55.1957],[-7.8655,55.196],[-7.8642,55.1968],[-7.8661,55.1974],[-7.8671,55.1994],[-7.8696,55.1996],[-7.8734,55.2025],[-7.8715,55.2031],[-7.8744,55.2048],[-7.8723,55.2072],[-7.8734,55.2077],[-7.8696,55.2092],[-7.8718,55.2118],[-7.8708,55.212],[-7.8716,55.2133],[-7.8704,55.2136],[-7.8714,55.2142],[-7.8686,55.2138],[-7.8684,55.2155],[-7.8652,55.2154],[-7.8663,55.2165],[-7.8651,55.2168],[-7.8673,55.2179],[-7.8661,55.2176],[-7.8665,55.2184],[-7.8707,55.2204],[-7.8676,55.2229],[-7.8669,55.2223],[-7.8682,55.2246],[-7.8672,55.2246],[-7.8676,55.2257],[-7.8654,55.2247],[-7.8669,55.2267],[-7.8653,55.2279],[-7.8663,55.23],[-7.8644,55.2275],[-7.8602,55.2275],[-7.8588,55.226],[-7.8565,55.2258],[-7.8535,55.2287],[-7.8525,55.2284],[-7.854,55.2271],[-7.8523,55.2277],[-7.8521,55.2261],[-7.8489,55.2258],[-7.8467,55.2284],[-7.848,55.2286],[-7.8477,55.2299],[-7.8422,55.2321],[-7.8387,55.2303],[-7.8347,55.2302],[-7.8343,55.2295],[-7.8362,55.229],[-7.8304,55.2271],[-7.8281,55.2244],[-7.8233,55.2246],[-7.8215,55.226],[-7.8171,55.2255],[-7.8138,55.2311],[-7.8205,55.233],[-7.8206,55.2348],[-7.8192,55.235],[-7.8222,55.2358],[-7.8221,55.2379],[-7.819,55.2384],[-7.8122,55.2364],[-7.8075,55.2372],[-7.806,55.2406],[-7.8081,55.242],[-7.8059,55.2427],[-7.8067,55.2438],[-7.8033,55.2427],[-7.8091,55.2455],[-7.8039,55.2479],[-7.8036,55.2491],[-7.8061,55.25],[-7.8055,55.2511],[-7.8024,55.2488],[-7.7982,55.2502],[-7.7958,55.2491],[-7.7957,55.2506],[-7.7933,55.2503],[-7.7932,55.2474],[-7.7892,55.2472],[-7.7885,55.2488],[-7.7894,55.2496],[-7.7883,55.2499],[-7.79,55.2506],[-7.7888,55.2522],[-7.7899,55.2536],[-7.7875,55.2575],[-7.7872,55.2551],[-7.786,55.2538],[-7.7845,55.2545],[-7.7831,55.2519],[-7.7858,55.2499],[-7.7859,55.2474],[-7.7874,55.2466],[-7.7889,55.242],[-7.7905,55.2415],[-7.7872,55.2378],[-7.7886,55.2317],[-7.7914,55.2319],[-7.7933,55.2295],[-7.7886,55.2248],[-7.7941,55.2249],[-7.7974,55.2231],[-7.7966,55.2223],[-7.8006,55.2215],[-7.8069,55.2171],[-7.8051,55.2165],[-7.8066,55.213],[-7.8064,55.2162],[-7.8083,55.216],[-7.8088,55.2139],[-7.8079,55.2143],[-7.8073,55.213],[-7.8089,55.2089],[-7.8073,55.2044],[-7.8097,55.202],[-7.8137,55.2016],[-7.8169,55.199],[-7.8168,55.1978],[-7.8137,55.1981],[-7.8101,55.1954],[-7.8048,55.1891],[-7.8007,55.1868],[-7.8013,55.1854],[-7.804,55.1855],[-7.8069,55.1776],[-7.801,55.1778],[-7.7993,55.1764],[-7.799,55.1775],[-7.7965,55.1772],[-7.7947,55.1784],[-7.7962,55.1831],[-7.7944,55.1846],[-7.788,55.1798],[-7.7859,55.1802],[-7.7879,55.1821],[-7.7852,55.1844],[-7.7681,55.1829],[-7.7655,55.1852],[-7.7689,55.186],[-7.7647,55.1885],[-7.7598,55.1876],[-7.7606,55.1861],[-7.7596,55.1853],[-7.7558,55.186],[-7.7552,55.1833],[-7.7502,55.1815],[-7.7533,55.1801],[-7.7535,55.1779],[-7.7513,55.1758],[-7.745,55.175],[-7.7426,55.1731],[-7.7422,55.1745],[-7.7431,55.1744],[-7.7452,55.1802],[-7.7409,55.1814],[-7.7291,55.1672],[-7.7292,55.166],[-7.7272,55.1667],[-7.7226,55.1636],[-7.7204,55.1597],[-7.7159,55.1593],[-7.7137,55.1612],[-7.7149,55.1608],[-7.7153,55.1626],[-7.7203,55.1656],[-7.7232,55.1652],[-7.7279,55.1679],[-7.7273,55.1705],[-7.7295,55.1749],[-7.7255,55.1749],[-7.7192,55.1692],[-7.7122,55.167],[-7.7091,55.1646],[-7.7072,55.161],[-7.7076,55.1576],[-7.6995,55.1559],[-7.6998,55.1546],[-7.6979,55.1526],[-7.694,55.1512],[-7.6963,55.1488],[-7.6951,55.1455],[-7.6964,55.1444],[-7.6964,55.1436],[-7.6932,55.1428],[-7.6927,55.1439],[-7.6895,55.1445],[-7.6887,55.1433],[-7.695,55.1376],[-7.6897,55.1378],[-7.6836,55.1326],[-7.6779,55.1342],[-7.6742,55.1367],[-7.6745,55.1403],[-7.6696,55.1426],[-7.6692,55.1417],[-7.6683,55.1444],[-7.6692,55.1514],[-7.6656,55.1565],[-7.6649,55.1598],[-7.6733,55.1613],[-7.6749,55.1633],[-7.6802,55.1652],[-7.6818,55.1692],[-7.6795,55.174],[-7.6806,55.1798],[-7.6834,55.1823],[-7.6856,55.1797],[-7.6874,55.1821],[-7.689,55.1818],[-7.6901,55.1809],[-7.6894,55.1783],[-7.6916,55.1773],[-7.6945,55.1787],[-7.6974,55.1785],[-7.6979,55.181],[-7.7015,55.1801],[-7.7014,55.1835],[-7.6972,55.1843],[-7.6959,55.1871],[-7.6934,55.1867],[-7.6933,55.1908],[-7.6951,55.193],[-7.6983,55.1889],[-7.7035,55.1885],[-7.7121,55.1911],[-7.7141,55.1961],[-7.7165,55.1963],[-7.7132,55.1987],[-7.7129,55.2019],[-7.7085,55.2024],[-7.7026,55.2008],[-7.7017,55.1993],[-7.7028,55.1979],[-7.6964,55.1962],[-7.6981,55.2001],[-7.6998,55.1985],[-7.7014,55.1994],[-7.6967,55.2031],[-7.6986,55.2045],[-7.6981,55.2069],[-7.7005,55.2087],[-7.6992,55.211],[-7.7059,55.214],[-7.7079,55.2175],[-7.7033,55.2152],[-7.7048,55.2187],[-7.7033,55.2218],[-7.701,55.2227],[-7.7018,55.2238],[-7.7007,55.2255],[-7.706,55.2246],[-7.7089,55.2279],[-7.7074,55.2297],[-7.7094,55.2302],[-7.7145,55.2271],[-7.7142,55.2238],[-7.7189,55.2251],[-7.7233,55.2204],[-7.7219,55.2199],[-7.7207,55.2218],[-7.7198,55.2208],[-7.7229,55.2184],[-7.7204,55.2148],[-7.7213,55.2101],[-7.719,55.2084],[-7.7202,55.2057],[-7.7174,55.2052],[-7.7146,55.2079],[-7.7117,55.2059],[-7.716,55.2024],[-7.7163,55.1997],[-7.7182,55.1989],[-7.7204,55.2003],[-7.7222,55.1993],[-7.7207,55.1946],[-7.7159,55.1879],[-7.719,55.1876],[-7.7167,55.1868],[-7.7165,55.1848],[-7.7151,55.185],[-7.7149,55.1875],[-7.7102,55.1867],[-7.7062,55.1809],[-7.7052,55.182],[-7.7043,55.1812],[-7.7126,55.1758],[-7.7095,55.173],[-7.7086,55.1696],[-7.7105,55.1689],[-7.7128,55.1697],[-7.7184,55.1761],[-7.739,55.1834],[-7.7465,55.1879],[-7.7483,55.1933],[-7.7429,55.1902],[-7.7381,55.1895],[-7.734,55.1932],[-7.7353,55.1942],[-7.7351,55.1959],[-7.7458,55.1993],[-7.7523,55.1966],[-7.7524,55.1956],[-7.7502,55.1944],[-7.752,55.1929],[-7.7573,55.1934],[-7.7624,55.1904],[-7.7709,55.1912],[-7.778,55.1988],[-7.78,55.2043],[-7.7835,55.2053],[-7.787,55.2037],[-7.7953,55.2062],[-7.7953,55.2083],[-7.7987,55.2124],[-7.7989,55.2155],[-7.794,55.2206],[-7.7829,55.2238],[-7.781,55.2225],[-7.7791,55.225],[-7.768,55.2295],[-7.7649,55.232],[-7.7664,55.2334],[-7.7577,55.2343],[-7.7569,55.2361],[-7.76,55.2375],[-7.7523,55.2366],[-7.7523,55.2382],[-7.7569,55.2396],[-7.76,55.2423],[-7.7561,55.2426],[-7.7563,55.244],[-7.7536,55.2453],[-7.7555,55.2478],[-7.7514,55.248],[-7.7498,55.2493],[-7.7525,55.2506],[-7.7507,55.2513],[-7.7549,55.252],[-7.7585,55.2544],[-7.7588,55.2569],[-7.7544,55.2575],[-7.7537,55.2565],[-7.7547,55.2564],[-7.7518,55.2535],[-7.7466,55.251],[-7.7444,55.2512],[-7.7441,55.2531],[-7.7432,55.253],[-7.7424,55.2512],[-7.7436,55.2502],[-7.7416,55.2491],[-7.7383,55.2499],[-7.7397,55.2508],[-7.7375,55.251],[-7.7375,55.2521],[-7.7333,55.2516],[-7.7337,55.2532],[-7.7316,55.253],[-7.733,55.2536],[-7.7306,55.2551],[-7.729,55.2541],[-7.7301,55.252],[-7.7277,55.2499],[-7.7272,55.2477],[-7.7179,55.2466],[-7.7066,55.2484],[-7.7022,55.2477],[-7.6943,55.2515],[-7.6915,55.2551],[-7.6943,55.256],[-7.6944,55.2573],[-7.6929,55.2576],[-7.6946,55.2597],[-7.6922,55.2598],[-7.6946,55.2624],[-7.6942,55.2645],[-7.6897,55.2641],[-7.6879,55.2621],[-7.6853,55.2618],[-7.6762,55.2638],[-7.6733,55.2655],[-7.6728,55.269],[-7.6665,55.2704],[-7.6652,55.2724],[-7.6625,55.273],[-7.6622,55.2748],[-7.6592,55.2747],[-7.6595,55.2774],[-7.6546,55.2768],[-7.6493,55.279],[-7.6438,55.2759],[-7.6354,55.2781],[-7.6322,55.2776],[-7.6338,55.2758],[-7.6309,55.2765],[-7.6345,55.2748],[-7.6336,55.2743],[-7.6355,55.2744],[-7.6368,55.2717],[-7.6313,55.2698],[-7.6262,55.2697],[-7.6268,55.2688],[-7.6255,55.2682],[-7.6276,55.2665],[-7.6256,55.2656],[-7.6267,55.264],[-7.6251,55.2637],[-7.6241,55.2589],[-7.6207,55.2586],[-7.6189,55.2558],[-7.6166,55.2559],[-7.619,55.2499],[-7.6154,55.245],[-7.614,55.2456],[-7.6154,55.2449],[-7.6145,55.2452],[-7.6153,55.2441],[-7.614,55.2447],[-7.6137,55.2435],[-7.6157,55.2407],[-7.6147,55.2367],[-7.6109,55.2337],[-7.6081,55.2358],[-7.6096,55.2329],[-7.6056,55.2341],[-7.6052,55.2326],[-7.6036,55.2327],[-7.6033,55.2308],[-7.6061,55.2273],[-7.6049,55.2265],[-7.6084,55.2232],[-7.6073,55.2228],[-7.6091,55.2187],[-7.6069,55.2181],[-7.6073,55.2169],[-7.6142,55.2118],[-7.6149,55.2096],[-7.623,55.2067],[-7.6259,55.2043],[-7.6239,55.2035],[-7.6202,55.1975],[-7.6143,55.192],[-7.6147,55.1908],[-7.616,55.1909],[-7.6072,55.1897],[-7.6055,55.1882],[-7.5973,55.1855],[-7.5936,55.1883],[-7.5878,55.1879],[-7.5862,55.1859],[-7.5841,55.1864],[-7.5846,55.1854],[-7.5823,55.1851],[-7.5831,55.1842],[-7.5808,55.1843],[-7.5806,55.1829],[-7.5785,55.1833],[-7.579,55.1825],[-7.5776,55.1827],[-7.5786,55.182],[-7.5762,55.1809],[-7.5726,55.1807],[-7.5733,55.1793],[-7.5717,55.1803],[-7.5724,55.1798],[-7.5707,55.1777],[-7.5719,55.1766],[-7.5707,55.177],[-7.5715,55.1757],[-7.5705,55.1752],[-7.5767,55.172],[-7.5772,55.1697],[-7.5769,55.1705],[-7.5728,55.1679],[-7.5737,55.1663],[-7.5683,55.1655],[-7.5657,55.1623],[-7.561,55.162],[-7.5617,55.1612],[-7.5603,55.1599],[-7.5614,55.1587],[-7.5572,55.1578],[-7.5548,55.1556],[-7.551,55.1558],[-7.5512,55.1544],[-7.5481,55.1531],[-7.5481,55.1513],[-7.5463,55.1513],[-7.5456,55.1494],[-7.5441,55.1493],[-7.5445,55.1477],[-7.5416,55.1449],[-7.5424,55.1431],[-7.5414,55.1415],[-7.5354,55.1406],[-7.5321,55.1432],[-7.5329,55.1417],[-7.5313,55.1425],[-7.5283,55.1415],[-7.5301,55.139],[-7.5274,55.1387],[-7.5282,55.1379],[-7.5269,55.1371],[-7.5246,55.1375],[-7.5247,55.1364],[-7.5236,55.1363],[-7.5219,55.139],[-7.5227,55.134],[-7.5219,55.1328],[-7.52,55.1331],[-7.5208,55.1305],[-7.5196,55.1304],[-7.5202,55.1285],[-7.5181,55.123]]]}},{"type":"Feature","properties":{"d":"Ballyshannon","c":"6600A","dv":"Donegal/Sligo & Leitrim","st":"Ballyshannon","hq":"Letterkenny","ad":"The Mall, Ballyshannon","ph":"9858530","ty":"District HQ","pop":31597,"km2":1601.04},"geometry":{"type":"Polygon","coordinates":[[[-7.6935,54.6191],[-7.695,54.618],[-7.6941,54.6139],[-7.6973,54.6101],[-7.7017,54.6101],[-7.7039,54.608],[-7.7085,54.6067],[-7.7176,54.6063],[-7.7256,54.6037],[-7.7283,54.6041],[-7.7295,54.6026],[-7.7349,54.602],[-7.741,54.5994],[-7.7445,54.599],[-7.7459,54.6001],[-7.7515,54.5988],[-7.7603,54.5942],[-7.7631,54.5901],[-7.7588,54.5876],[-7.7621,54.5859],[-7.7666,54.5862],[-7.7871,54.5802],[-7.794,54.5816],[-7.797,54.5796],[-7.7953,54.5784],[-7.7974,54.577],[-7.7987,54.5779],[-7.7996,54.5766],[-7.7966,54.5717],[-7.8056,54.566],[-7.8088,54.5666],[-7.8113,54.5642],[-7.8186,54.563],[-7.8221,54.5606],[-7.8243,54.5569],[-7.8277,54.5567],[-7.8287,54.5559],[-7.8272,54.5554],[-7.8332,54.5523],[-7.8306,54.5481],[-7.8242,54.5466],[-7.8239,54.5444],[-7.8282,54.543],[-7.83,54.5408],[-7.8442,54.5374],[-7.8505,54.533],[-7.8565,54.5365],[-7.8694,54.5346],[-7.8762,54.5358],[-7.8808,54.535],[-7.8841,54.5368],[-7.8899,54.5368],[-7.8948,54.535],[-7.9076,54.5375],[-7.913,54.5359],[-7.9195,54.5368],[-7.9249,54.5347],[-7.9375,54.533],[-7.9444,54.536],[-7.9501,54.5337],[-7.9533,54.5343],[-7.957,54.5382],[-7.9596,54.5382],[-7.9585,54.5395],[-7.9594,54.5403],[-7.9688,54.5439],[-7.9706,54.5473],[-7.9915,54.543],[-8.006,54.5458],[-8.0142,54.5359],[-8.0122,54.5342],[-8.0129,54.5331],[-8.0173,54.532],[-8.0174,54.5297],[-8.0292,54.5207],[-8.034,54.5144],[-8.0398,54.5095],[-8.0394,54.5074],[-8.0418,54.5063],[-8.0383,54.5032],[-8.0426,54.4877],[-8.0651,54.4867],[-8.0768,54.4872],[-8.0785,54.4883],[-8.0809,54.488],[-8.0806,54.487],[-8.089,54.4871],[-8.0987,54.4843],[-8.0955,54.4819],[-8.0972,54.4794],[-8.0944,54.4795],[-8.0911,54.4763],[-8.0979,54.4773],[-8.1131,54.4764],[-8.1154,54.473],[-8.1115,54.4703],[-8.1148,54.469],[-8.1487,54.4699],[-8.1643,54.4691],[-8.1738,54.4673],[-8.1774,54.4648],[-8.1907,54.4675],[-8.1957,54.4673],[-8.1981,54.4692],[-8.206,54.4698],[-8.2114,54.4721],[-8.221,54.4729],[-8.2242,54.4699],[-8.232,54.4704],[-8.2314,54.4671],[-8.2335,54.4656],[-8.2339,54.4624],[-8.2362,54.4612],[-8.2538,54.4622],[-8.259,54.4607],[-8.2599,54.4591],[-8.2706,54.4598],[-8.2829,54.4648],[-8.2878,54.4626],[-8.2991,54.4637],[-8.3045,54.4681],[-8.3043,54.4714],[-8.3101,54.4719],[-8.3129,54.4743],[-8.3197,54.4723],[-8.3218,54.4735],[-8.3122,54.4791],[-8.2999,54.4792],[-8.2886,54.4779],[-8.288,54.4769],[-8.2825,54.4779],[-8.282,54.4805],[-8.2792,54.4813],[-8.2783,54.4835],[-8.2832,54.4877],[-8.2658,54.4909],[-8.2666,54.4945],[-8.2646,54.5017],[-8.2622,54.5052],[-8.2569,54.5093],[-8.2516,54.5091],[-8.2581,54.5044],[-8.2567,54.5019],[-8.253,54.5004],[-8.2395,54.4999],[-8.2221,54.5031],[-8.215,54.5015],[-8.2104,54.5066],[-8.2328,54.5073],[-8.2392,54.5079],[-8.2405,54.5091],[-8.2409,54.5075],[-8.2429,54.5073],[-8.2475,54.5088],[-8.2496,54.511],[-8.2539,54.5117],[-8.256,54.5152],[-8.2614,54.5185],[-8.2636,54.5186],[-8.2694,54.5251],[-8.2644,54.5284],[-8.2551,54.5306],[-8.2523,54.5302],[-8.2522,54.5331],[-8.2493,54.5343],[-8.2503,54.5348],[-8.241,54.5367],[-8.2334,54.5398],[-8.2312,54.5424],[-8.2233,54.5459],[-8.2102,54.5489],[-8.2131,54.5594],[-8.2211,54.5679],[-8.2213,54.5718],[-8.2181,54.5745],[-8.2102,54.5717],[-8.1997,54.577],[-8.1954,54.577],[-8.1954,54.5759],[-8.194,54.5769],[-8.1937,54.5775],[-8.1972,54.5789],[-8.193,54.5837],[-8.1778,54.5864],[-8.1719,54.5939],[-8.1656,54.595],[-8.1641,54.5977],[-8.1632,54.6048],[-8.1682,54.618],[-8.1681,54.6221],[-8.1666,54.6239],[-8.1536,54.6264],[-8.1539,54.6238],[-8.1493,54.6232],[-8.1509,54.623],[-8.1492,54.621],[-8.1511,54.6229],[-8.1556,54.6214],[-8.1573,54.6222],[-8.1563,54.6205],[-8.1531,54.6202],[-8.1563,54.6193],[-8.1565,54.6181],[-8.1502,54.6182],[-8.1488,54.6206],[-8.148,54.6186],[-8.1537,54.6167],[-8.1554,54.6142],[-8.1538,54.6137],[-8.1536,54.6124],[-8.1515,54.6132],[-8.1465,54.6112],[-8.1458,54.6093],[-8.1391,54.609],[-8.1364,54.6072],[-8.1517,54.6031],[-8.1479,54.6021],[-8.1453,54.6038],[-8.1348,54.6033],[-8.1324,54.607],[-8.134,54.6104],[-8.1291,54.6114],[-8.1285,54.6127],[-8.1422,54.6145],[-8.1464,54.6239],[-8.1447,54.6253],[-8.1382,54.6265],[-8.1304,54.6255],[-8.1284,54.6243],[-8.1242,54.6261],[-8.1187,54.6259],[-8.1194,54.6274],[-8.1282,54.6266],[-8.1196,54.6308],[-8.116,54.6301],[-8.1074,54.6323],[-8.114,54.6332],[-8.1222,54.6306],[-8.1285,54.6313],[-8.1226,54.6339],[-8.1242,54.6344],[-8.133,54.6308],[-8.1368,54.632],[-8.1439,54.6304],[-8.1246,54.6355],[-8.1215,54.6384],[-8.1222,54.641],[-8.1171,54.6431],[-8.1233,54.6428],[-8.1241,54.6437],[-8.1211,54.6463],[-8.1158,54.6481],[-8.115,54.6513],[-8.1124,54.6518],[-8.1114,54.6552],[-8.1099,54.6553],[-8.1117,54.6555],[-8.1136,54.6525],[-8.1183,54.6509],[-8.1228,54.6511],[-8.1285,54.6478],[-8.13,54.6481],[-8.1255,54.652],[-8.1301,54.6528],[-8.1318,54.6507],[-8.1352,54.6503],[-8.1364,54.6476],[-8.1333,54.6464],[-8.135,54.645],[-8.1335,54.6439],[-8.1391,54.6424],[-8.1317,54.6411],[-8.1312,54.639],[-8.1365,54.6357],[-8.1426,54.6355],[-8.1452,54.6396],[-8.1527,54.6348],[-8.1613,54.6343],[-8.16,54.6335],[-8.1617,54.6311],[-8.1604,54.6293],[-8.1621,54.6284],[-8.163,54.6299],[-8.1621,54.6346],[-8.1598,54.6375],[-8.1672,54.6418],[-8.1626,54.6443],[-8.1556,54.6434],[-8.1542,54.6462],[-8.1493,54.6483],[-8.1579,54.6464],[-8.1597,54.6478],[-8.1586,54.649],[-8.1627,54.6481],[-8.164,54.6494],[-8.164,54.6478],[-8.1691,54.6453],[-8.174,54.6444],[-8.1728,54.6435],[-8.1732,54.6421],[-8.1782,54.6396],[-8.1809,54.6401],[-8.1776,54.6389],[-8.1732,54.6393],[-8.1711,54.6376],[-8.1717,54.6361],[-8.1785,54.6388],[-8.1873,54.6403],[-8.1959,54.6346],[-8.2038,54.6327],[-8.206,54.6305],[-8.2046,54.6297],[-8.2146,54.6296],[-8.2302,54.6237],[-8.234,54.6183],[-8.2468,54.6178],[-8.2536,54.6137],[-8.2605,54.6124],[-8.2721,54.6068],[-8.2927,54.6041],[-8.2986,54.6013],[-8.2966,54.6025],[-8.2964,54.6059],[-8.3006,54.6091],[-8.2936,54.6137],[-8.2889,54.6189],[-8.2907,54.6228],[-8.2845,54.6251],[-8.2826,54.6299],[-8.2803,54.6317],[-8.272,54.6354],[-8.2775,54.641],[-8.2777,54.6427],[-8.2835,54.6462],[-8.2822,54.6472],[-8.2803,54.6461],[-8.2784,54.6474],[-8.2763,54.6506],[-8.2771,54.6527],[-8.2762,54.6556],[-8.2737,54.658],[-8.2764,54.6559],[-8.2777,54.6532],[-8.2775,54.6504],[-8.2803,54.6466],[-8.2827,54.648],[-8.2845,54.6466],[-8.2942,54.645],[-8.3019,54.6391],[-8.3106,54.637],[-8.3093,54.6367],[-8.3178,54.6357],[-8.3283,54.6321],[-8.3329,54.6326],[-8.3392,54.6297],[-8.342,54.6308],[-8.3493,54.6229],[-8.3501,54.6196],[-8.3525,54.6178],[-8.3542,54.6142],[-8.3782,54.6044],[-8.3783,54.6017],[-8.3856,54.5993],[-8.3931,54.5934],[-8.4299,54.5867],[-8.4293,54.5829],[-8.4399,54.5811],[-8.4393,54.5778],[-8.4352,54.5776],[-8.4379,54.576],[-8.4372,54.5751],[-8.439,54.5737],[-8.451,54.5687],[-8.4616,54.5672],[-8.4628,54.5693],[-8.4573,54.5705],[-8.4552,54.5729],[-8.4557,54.5749],[-8.4545,54.5765],[-8.4502,54.5796],[-8.4431,54.5818],[-8.4435,54.5837],[-8.446,54.5846],[-8.4456,54.5871],[-8.4483,54.5877],[-8.4252,54.5927],[-8.4158,54.5935],[-8.3985,54.5985],[-8.3952,54.6007],[-8.3955,54.6033],[-8.3993,54.6022],[-8.3901,54.6057],[-8.3764,54.6136],[-8.3772,54.6147],[-8.3813,54.6147],[-8.3784,54.6178],[-8.379,54.6189],[-8.3811,54.6183],[-8.3781,54.6208],[-8.3792,54.6239],[-8.3876,54.6258],[-8.3857,54.6267],[-8.3877,54.6283],[-8.3902,54.6279],[-8.3849,54.6363],[-8.3917,54.6355],[-8.3926,54.6347],[-8.3902,54.6331],[-8.3934,54.6307],[-8.3972,54.6316],[-8.3962,54.6355],[-8.4069,54.6314],[-8.409,54.6295],[-8.4094,54.6272],[-8.4155,54.6262],[-8.4162,54.6243],[-8.4187,54.6238],[-8.4198,54.6219],[-8.4182,54.6211],[-8.4195,54.6186],[-8.4252,54.617],[-8.4242,54.6182],[-8.4256,54.6191],[-8.4277,54.6172],[-8.4279,54.6199],[-8.4305,54.6205],[-8.4368,54.6169],[-8.436,54.614],[-8.4381,54.6143],[-8.4378,54.6163],[-8.4339,54.6204],[-8.4376,54.6214],[-8.4373,54.6222],[-8.4361,54.6237],[-8.4291,54.6259],[-8.4317,54.6294],[-8.4305,54.634],[-8.4212,54.644],[-8.4211,54.6466],[-8.4226,54.6473],[-8.4191,54.6497],[-8.4201,54.6508],[-8.4196,54.6497],[-8.4212,54.65],[-8.4243,54.6473],[-8.4239,54.6492],[-8.4282,54.6509],[-8.4299,54.6451],[-8.4351,54.6404],[-8.4357,54.638],[-8.4436,54.6358],[-8.4456,54.6334],[-8.4438,54.6332],[-8.445,54.6325],[-8.4438,54.6316],[-8.4416,54.6323],[-8.4441,54.6301],[-8.4429,54.6297],[-8.4434,54.629],[-8.4401,54.6288],[-8.4408,54.6295],[-8.4397,54.6301],[-8.4388,54.6294],[-8.4409,54.6278],[-8.4435,54.6218],[-8.4498,54.6189],[-8.4535,54.6186],[-8.4538,54.6175],[-8.4522,54.6176],[-8.4543,54.6147],[-8.4579,54.6146],[-8.4591,54.6102],[-8.4637,54.606],[-8.4734,54.604],[-8.4762,54.6046],[-8.4774,54.6035],[-8.4838,54.6049],[-8.4827,54.6075],[-8.4847,54.6089],[-8.4792,54.6148],[-8.4822,54.6177],[-8.4851,54.6165],[-8.4845,54.617],[-8.4866,54.6177],[-8.4863,54.6205],[-8.4839,54.6231],[-8.4743,54.6261],[-8.4806,54.6283],[-8.4789,54.6288],[-8.4792,54.6313],[-8.4804,54.6313],[-8.4765,54.6328],[-8.4771,54.6342],[-8.4759,54.6348],[-8.4778,54.6365],[-8.4823,54.6358],[-8.4779,54.6358],[-8.4779,54.6332],[-8.4891,54.6352],[-8.4919,54.6332],[-8.5063,54.6296],[-8.5083,54.6271],[-8.5202,54.6254],[-8.5331,54.6201],[-8.5413,54.6194],[-8.5424,54.6179],[-8.5461,54.6179],[-8.5495,54.6207],[-8.5575,54.6198],[-8.5619,54.6157],[-8.5698,54.6134],[-8.5423,54.599],[-8.5423,54.596],[-8.5484,54.5948],[-8.5816,54.599],[-8.5999,54.6049],[-8.6192,54.6137],[-8.6237,54.6187],[-8.623,54.6204],[-8.62,54.6212],[-8.6167,54.6202],[-8.6065,54.6223],[-8.6026,54.6247],[-8.603,54.6268],[-8.6069,54.6248],[-8.6097,54.6251],[-8.6127,54.6229],[-8.624,54.6232],[-8.6245,54.6248],[-8.6264,54.6252],[-8.6247,54.6272],[-8.626,54.6275],[-8.626,54.6288],[-8.628,54.6288],[-8.628,54.6305],[-8.6312,54.6299],[-8.6318,54.6283],[-8.6355,54.631],[-8.6341,54.6357],[-8.6309,54.6365],[-8.6346,54.6389],[-8.6376,54.6439],[-8.6428,54.6467],[-8.6429,54.6497],[-8.6444,54.6482],[-8.6442,54.6438],[-8.643,54.6414],[-8.64,54.64],[-8.6386,54.6352],[-8.6389,54.63],[-8.6359,54.6276],[-8.6341,54.6241],[-8.6322,54.6234],[-8.6312,54.6246],[-8.6287,54.6219],[-8.6314,54.6226],[-8.6311,54.6218],[-8.6329,54.6216],[-8.6359,54.6229],[-8.639,54.6212],[-8.6491,54.6198],[-8.6586,54.6225],[-8.6617,54.6213],[-8.6609,54.6205],[-8.6625,54.6197],[-8.6704,54.6215],[-8.6802,54.6192],[-8.6819,54.6204],[-8.6797,54.6202],[-8.6789,54.6228],[-8.6839,54.625],[-8.6862,54.6277],[-8.6777,54.6321],[-8.6774,54.6339],[-8.6863,54.6355],[-8.687,54.6376],[-8.693,54.6426],[-8.6972,54.6416],[-8.6974,54.643],[-8.7007,54.6437],[-8.7068,54.6414],[-8.7104,54.6443],[-8.7255,54.646],[-8.7244,54.6491],[-8.7338,54.6498],[-8.7399,54.6525],[-8.7445,54.6512],[-8.7437,54.6525],[-8.7472,54.6538],[-8.7619,54.6566],[-8.7693,54.6561],[-8.7733,54.6574],[-8.7727,54.6606],[-8.7707,54.6628],[-8.7718,54.6642],[-8.7788,54.6641],[-8.7799,54.6632],[-8.7791,54.6603],[-8.7805,54.6597],[-8.7812,54.6612],[-8.7803,54.6619],[-8.7827,54.662],[-8.7826,54.6636],[-8.7845,54.663],[-8.7852,54.6656],[-8.7873,54.6635],[-8.7863,54.6631],[-8.7869,54.6611],[-8.7881,54.6615],[-8.7886,54.6599],[-8.7887,54.6619],[-8.7915,54.6599],[-8.7934,54.6641],[-8.8204,54.6594],[-8.8281,54.6595],[-8.8361,54.6617],[-8.8376,54.6664],[-8.8287,54.6705],[-8.7916,54.6705],[-8.7894,54.6722],[-8.7902,54.675],[-8.7869,54.673],[-8.7843,54.6742],[-8.7843,54.6764],[-8.7856,54.6769],[-8.7838,54.6779],[-8.7838,54.6792],[-8.7869,54.6819],[-8.7859,54.6831],[-8.7876,54.6842],[-8.785,54.6864],[-8.7866,54.6863],[-8.7853,54.6876],[-8.7819,54.6889],[-8.7857,54.69],[-8.7929,54.6886],[-8.7926,54.6895],[-8.7963,54.6899],[-8.7962,54.6915],[-8.7999,54.6922],[-8.7983,54.6934],[-8.8009,54.6933],[-8.8006,54.6948],[-8.8034,54.6949],[-8.8017,54.6967],[-8.8034,54.6972],[-8.802,54.6978],[-8.8057,54.6986],[-8.8048,54.7009],[-8.8022,54.7019],[-8.8029,54.7029],[-8.798,54.7021],[-8.7982,54.7035],[-8.7961,54.7042],[-8.7973,54.7051],[-8.7935,54.7064],[-8.7897,54.7057],[-8.7893,54.7022],[-8.7833,54.7035],[-8.7799,54.7014],[-8.7732,54.7053],[-8.7605,54.7067],[-8.7624,54.7075],[-8.7618,54.7093],[-8.7588,54.7083],[-8.7569,54.7101],[-8.7554,54.7098],[-8.7558,54.709],[-8.7454,54.7073],[-8.7409,54.7085],[-8.7402,54.712],[-8.731,54.7115],[-8.7321,54.713],[-8.7368,54.7136],[-8.7384,54.7122],[-8.7469,54.7118],[-8.7487,54.7128],[-8.7471,54.7152],[-8.7481,54.7154],[-8.748,54.7167],[-8.7497,54.7177],[-8.7515,54.717],[-8.7501,54.7187],[-8.7521,54.7182],[-8.75,54.7194],[-8.7474,54.7189],[-8.7441,54.7211],[-8.7502,54.7228],[-8.7479,54.7255],[-8.7496,54.7278],[-8.7404,54.732],[-8.7415,54.7337],[-8.7401,54.7351],[-8.7457,54.7361],[-8.7454,54.7386],[-8.7418,54.7387],[-8.7382,54.7368],[-8.7255,54.7424],[-8.7039,54.7448],[-8.7022,54.7471],[-8.7102,54.7483],[-8.7136,54.754],[-8.6951,54.7662],[-8.6523,54.7769],[-8.6113,54.7817],[-8.6014,54.7811],[-8.5979,54.7793],[-8.5983,54.7777],[-8.5947,54.7775],[-8.5941,54.7785],[-8.5889,54.7763],[-8.5826,54.777],[-8.5757,54.7758],[-8.5751,54.7742],[-8.5694,54.7744],[-8.5627,54.7723],[-8.5591,54.7733],[-8.5487,54.7703],[-8.5496,54.7698],[-8.5487,54.7689],[-8.5368,54.7647],[-8.5335,54.7646],[-8.5223,54.7698],[-8.5148,54.7703],[-8.5117,54.7678],[-8.5106,54.7641],[-8.5162,54.7613],[-8.5191,54.7628],[-8.5219,54.7611],[-8.519,54.762],[-8.5154,54.7597],[-8.5126,54.7614],[-8.5022,54.7608],[-8.505,54.7623],[-8.4987,54.7682],[-8.4883,54.7672],[-8.4847,54.7595],[-8.4733,54.7577],[-8.4711,54.7558],[-8.4544,54.7566],[-8.443,54.7554],[-8.436,54.7561],[-8.4343,54.7551],[-8.4351,54.7572],[-8.4325,54.7573],[-8.4427,54.7583],[-8.4555,54.7572],[-8.4553,54.7583],[-8.4586,54.7594],[-8.4682,54.7597],[-8.4688,54.762],[-8.4674,54.7638],[-8.4741,54.7641],[-8.4695,54.765],[-8.4662,54.7671],[-8.469,54.7663],[-8.483,54.7704],[-8.484,54.7718],[-8.493,54.771],[-8.5042,54.775],[-8.5086,54.7741],[-8.5098,54.7726],[-8.5159,54.7721],[-8.5239,54.7738],[-8.5286,54.7752],[-8.5306,54.7773],[-8.5298,54.7777],[-8.5345,54.7799],[-8.5472,54.7825],[-8.5508,54.7847],[-8.55,54.7856],[-8.5527,54.786],[-8.5518,54.7875],[-8.547,54.7869],[-8.5491,54.7881],[-8.5481,54.7892],[-8.5405,54.789],[-8.5372,54.7904],[-8.5304,54.79],[-8.5289,54.7885],[-8.527,54.7889],[-8.517,54.7844],[-8.5142,54.785],[-8.5141,54.7875],[-8.5078,54.7871],[-8.5014,54.7896],[-8.4892,54.7875],[-8.4878,54.7881],[-8.4874,54.7908],[-8.485,54.7918],[-8.4767,54.7903],[-8.4745,54.7911],[-8.4708,54.7878],[-8.4712,54.7816],[-8.4697,54.7809],[-8.4696,54.7822],[-8.4659,54.7827],[-8.4602,54.7808],[-8.4596,54.7759],[-8.4546,54.7731],[-8.4545,54.7718],[-8.4566,54.7715],[-8.452,54.7697],[-8.4507,54.7717],[-8.4444,54.7701],[-8.4369,54.7669],[-8.4367,54.7661],[-8.4377,54.7658],[-8.4371,54.7664],[-8.4386,54.7668],[-8.4382,54.7654],[-8.4324,54.7651],[-8.4311,54.7625],[-8.4202,54.7633],[-8.4224,54.7656],[-8.4212,54.7662],[-8.4245,54.7674],[-8.4231,54.7676],[-8.4246,54.7693],[-8.4114,54.7746],[-8.4135,54.7745],[-8.4139,54.7759],[-8.4208,54.7756],[-8.4259,54.7775],[-8.4285,54.7759],[-8.429,54.7737],[-8.4402,54.7767],[-8.4424,54.7785],[-8.4378,54.778],[-8.4401,54.7788],[-8.4388,54.7798],[-8.4396,54.7814],[-8.4381,54.7816],[-8.4386,54.7827],[-8.4441,54.7843],[-8.4441,54.7829],[-8.4453,54.7835],[-8.4457,54.7824],[-8.4485,54.7852],[-8.4472,54.788],[-8.4451,54.7893],[-8.4439,54.7881],[-8.441,54.7877],[-8.4505,54.7913],[-8.4533,54.7904],[-8.4595,54.7914],[-8.4572,54.7938],[-8.4497,54.7924],[-8.4473,54.7931],[-8.455,54.794],[-8.4532,54.7949],[-8.4541,54.7973],[-8.4622,54.8012],[-8.4627,54.7991],[-8.4744,54.7981],[-8.4799,54.7984],[-8.4869,54.801],[-8.4876,54.7993],[-8.4901,54.7988],[-8.4989,54.7993],[-8.5012,54.8011],[-8.4968,54.8011],[-8.4969,54.8026],[-8.4957,54.8028],[-8.4976,54.8086],[-8.5004,54.8082],[-8.5023,54.8094],[-8.504,54.8085],[-8.5051,54.8102],[-8.5097,54.8102],[-8.5114,54.8122],[-8.5156,54.8126],[-8.5113,54.8127],[-8.5141,54.8141],[-8.5173,54.8135],[-8.5163,54.8126],[-8.518,54.8127],[-8.5167,54.8123],[-8.5179,54.8114],[-8.5301,54.8126],[-8.5284,54.8141],[-8.5255,54.8141],[-8.5313,54.8167],[-8.5283,54.8172],[-8.529,54.8177],[-8.5247,54.8202],[-8.5259,54.8208],[-8.5239,54.8209],[-8.5246,54.8241],[-8.545,54.8106],[-8.5762,54.8104],[-8.5765,54.8285],[-8.5459,54.8407],[-8.5153,54.8336],[-8.5111,54.8285],[-8.5101,54.8307],[-8.5036,54.8315],[-8.5054,54.8333],[-8.5108,54.8348],[-8.5094,54.8359],[-8.511,54.8352],[-8.5116,54.8368],[-8.5149,54.8368],[-8.505,54.8376],[-8.5049,54.8386],[-8.5085,54.8387],[-8.5086,54.8402],[-8.5025,54.8401],[-8.5039,54.8412],[-8.5007,54.8429],[-8.5029,54.844],[-8.4935,54.8479],[-8.478,54.8475],[-8.4715,54.8434],[-8.4679,54.8435],[-8.4649,54.8412],[-8.4595,54.8401],[-8.4645,54.849],[-8.4604,54.8508],[-8.4528,54.8511],[-8.4482,54.8489],[-8.4486,54.8385],[-8.4437,54.8419],[-8.4314,54.8445],[-8.4267,54.8481],[-8.4248,54.8515],[-8.4193,54.8513],[-8.424,54.849],[-8.4221,54.8486],[-8.4214,54.8467],[-8.418,54.8475],[-8.411,54.8461],[-8.4061,54.8474],[-8.3999,54.8525],[-8.3968,54.8518],[-8.4001,54.8436],[-8.3927,54.8437],[-8.378,54.838],[-8.3709,54.8406],[-8.3716,54.8411],[-8.3691,54.8437],[-8.3703,54.8447],[-8.3625,54.8415],[-8.3628,54.8398],[-8.3615,54.8385],[-8.3697,54.8404],[-8.3757,54.8383],[-8.3746,54.8362],[-8.3792,54.8369],[-8.3798,54.836],[-8.3773,54.8361],[-8.374,54.8335],[-8.3741,54.8348],[-8.3723,54.8354],[-8.3728,54.8365],[-8.3704,54.8366],[-8.3691,54.8353],[-8.3706,54.8344],[-8.3685,54.8326],[-8.3686,54.8362],[-8.3618,54.8361],[-8.3566,54.8343],[-8.3603,54.8377],[-8.3593,54.8392],[-8.3562,54.8397],[-8.3512,54.8359],[-8.3464,54.8362],[-8.3337,54.8341],[-8.3333,54.8351],[-8.3359,54.8381],[-8.333,54.8392],[-8.3273,54.8389],[-8.3212,54.8419],[-8.3166,54.842],[-8.3173,54.8448],[-8.3,54.8502],[-8.2735,54.8626],[-8.2705,54.8607],[-8.2662,54.8662],[-8.2624,54.8676],[-8.2488,54.8789],[-8.2413,54.8821],[-8.2394,54.8848],[-8.2339,54.8866],[-8.2331,54.8886],[-8.2283,54.8912],[-8.2106,54.8988],[-8.2108,54.9003],[-8.205,54.9041],[-8.2071,54.9067],[-8.2029,54.9097],[-8.1897,54.9095],[-8.1885,54.911],[-8.1852,54.9112],[-8.1746,54.9157],[-8.1693,54.9134],[-8.1652,54.9165],[-8.1568,54.9178],[-8.1576,54.9182],[-8.1551,54.919],[-8.1544,54.9216],[-8.1474,54.9263],[-8.1475,54.9279],[-8.133,54.9274],[-8.1186,54.9307],[-8.1184,54.9326],[-8.1163,54.9335],[-8.1161,54.9358],[-8.113,54.9383],[-8.1084,54.9331],[-8.1051,54.9319],[-8.0823,54.9333],[-8.0739,54.9256],[-8.0661,54.9221],[-8.0626,54.9183],[-8.0495,54.9129],[-8.0459,54.9135],[-8.0443,54.9119],[-8.041,54.9127],[-8.0349,54.9099],[-8.0341,54.9085],[-8.0351,54.9079],[-8.0301,54.9052],[-8.0318,54.9042],[-8.031,54.9027],[-8.0357,54.8982],[-8.0378,54.8981],[-8.0357,54.8969],[-8.0379,54.8957],[-8.025,54.8918],[-8.0238,54.8911],[-8.0258,54.8912],[-8.0257,54.89],[-8.0238,54.8902],[-8.0239,54.8892],[-8.0176,54.8859],[-8.0236,54.8816],[-8.0229,54.8783],[-8.024,54.8771],[-8.0221,54.8747],[-8.0235,54.8749],[-8.0239,54.8735],[-8.0212,54.8733],[-8.0201,54.8725],[-8.021,54.8712],[-8.008,54.8643],[-8.0078,54.8629],[-8.0243,54.8593],[-8.0358,54.8615],[-8.0388,54.861],[-8.0383,54.8623],[-8.044,54.8613],[-8.0484,54.8633],[-8.0473,54.8617],[-8.0532,54.8567],[-8.0553,54.8513],[-8.0588,54.8479],[-8.0579,54.8474],[-8.0656,54.8453],[-8.0686,54.8402],[-8.0757,54.8383],[-8.0809,54.8326],[-8.0869,54.8299],[-8.0845,54.8276],[-8.0844,54.8255],[-8.0798,54.8239],[-8.0777,54.8201],[-8.0717,54.8172],[-8.0488,54.8119],[-8.051,54.8083],[-8.049,54.8033],[-8.0496,54.8006],[-8.0526,54.797],[-8.0581,54.7941],[-8.0577,54.7927],[-8.0603,54.7918],[-8.0565,54.7864],[-8.0567,54.7825],[-8.052,54.7761],[-8.0424,54.7716],[-8.0396,54.7675],[-8.0324,54.7679],[-8.0303,54.7631],[-8.0275,54.7601],[-8.0113,54.7683],[-8.0088,54.7709],[-8.0037,54.7713],[-8.0033,54.7736],[-7.9989,54.7763],[-7.9928,54.7736],[-7.9819,54.7721],[-7.9823,54.7708],[-7.9911,54.7669],[-7.9902,54.7655],[-7.9865,54.7625],[-7.979,54.7624],[-7.981,54.7603],[-7.9764,54.7575],[-7.9604,54.7415],[-7.9589,54.7384],[-7.9541,54.7394],[-7.9537,54.7381],[-7.9398,54.7324],[-7.9384,54.7301],[-7.9461,54.7241],[-7.9414,54.7214],[-7.9357,54.7139],[-7.9347,54.7097],[-7.9311,54.704],[-7.918,54.7027],[-7.9209,54.696],[-7.9174,54.6961],[-7.9126,54.6943],[-7.9075,54.6893],[-7.8987,54.6908],[-7.8986,54.685],[-7.9118,54.6777],[-7.9141,54.6753],[-7.9123,54.6745],[-7.9096,54.6681],[-7.907,54.666],[-7.905,54.6661],[-7.9039,54.6626],[-7.8999,54.6616],[-7.8968,54.6583],[-7.8916,54.656],[-7.8871,54.657],[-7.8818,54.6552],[-7.8773,54.6557],[-7.8712,54.6532],[-7.8653,54.6526],[-7.8644,54.6514],[-7.8566,54.6505],[-7.8562,54.6444],[-7.854,54.6427],[-7.8571,54.639],[-7.8508,54.6362],[-7.8508,54.6346],[-7.8527,54.6348],[-7.8522,54.6334],[-7.8549,54.6322],[-7.8513,54.6306],[-7.8425,54.634],[-7.8279,54.6331],[-7.8225,54.6359],[-7.8184,54.6404],[-7.8157,54.6406],[-7.8164,54.6416],[-7.8132,54.6439],[-7.8127,54.6418],[-7.8137,54.6414],[-7.8082,54.6398],[-7.8048,54.635],[-7.8022,54.6338],[-7.7945,54.6326],[-7.7837,54.6332],[-7.7795,54.6301],[-7.7793,54.6275],[-7.7759,54.6256],[-7.7725,54.6216],[-7.7578,54.6251],[-7.7569,54.6219],[-7.7542,54.6206],[-7.7543,54.6185],[-7.7434,54.6203],[-7.7416,54.618],[-7.7385,54.6189],[-7.7378,54.6228],[-7.725,54.6276],[-7.7165,54.6288],[-7.7127,54.6305],[-7.7097,54.6347],[-7.7084,54.6347],[-7.705,54.6325],[-7.7034,54.6275],[-7.7063,54.6196],[-7.7032,54.6185],[-7.6935,54.6191]]]}},{"type":"Feature","properties":{"d":"Dundalk","c":"2070B","dv":"Cavan/Monaghan & Louth","st":"Dundalk","hq":"Drogheda","ad":"The Cresent, Dundalk, Co. Louth","ph":"9388400","ty":"District HQ","pop":54775,"km2":281.327},"geometry":{"type":"Polygon","coordinates":[[[-6.103,54.0001],[-6.1101,53.996],[-6.1325,53.9872],[-6.1412,53.9809],[-6.1402,53.9793],[-6.1418,53.9812],[-6.148,53.9817],[-6.1644,53.977],[-6.1706,53.9776],[-6.1721,53.9793],[-6.1755,53.9801],[-6.1869,53.9785],[-6.1917,53.9799],[-6.2002,53.98],[-6.2051,53.9822],[-6.2119,53.9829],[-6.2155,53.9846],[-6.2237,53.985],[-6.2288,53.9868],[-6.2399,53.9843],[-6.2386,53.9852],[-6.2399,53.9871],[-6.2509,53.988],[-6.2547,53.9919],[-6.2695,53.9948],[-6.2786,53.9998],[-6.2862,54.0019],[-6.2949,54.0083],[-6.3031,54.0099],[-6.3044,54.0112],[-6.3205,54.0141],[-6.3407,54.0128],[-6.3461,54.0114],[-6.3471,54.0073],[-6.346,54.0052],[-6.3416,54.0042],[-6.343,54.0039],[-6.3461,54.0023],[-6.3495,54.0034],[-6.3461,54.0018],[-6.3435,54.0034],[-6.3419,54.0028],[-6.3396,53.9982],[-6.3407,53.9952],[-6.3501,53.9872],[-6.3585,53.9863],[-6.3601,53.9848],[-6.3602,53.9828],[-6.3627,53.983],[-6.3656,53.9806],[-6.365,53.9782],[-6.36,53.9733],[-6.3621,53.9705],[-6.3609,53.9698],[-6.361,53.9682],[-6.3668,53.9612],[-6.3657,53.9583],[-6.3668,53.9573],[-6.3762,53.9571],[-6.3778,53.9553],[-6.3769,53.9546],[-6.3832,53.9537],[-6.3867,53.9498],[-6.3933,53.9516],[-6.3989,53.9481],[-6.3991,53.9469],[-6.3959,53.9461],[-6.3949,53.9446],[-6.3975,53.943],[-6.3983,53.9405],[-6.4022,53.9407],[-6.4023,53.9429],[-6.4061,53.9435],[-6.4078,53.9454],[-6.4152,53.9455],[-6.4159,53.9485],[-6.4175,53.9497],[-6.4252,53.9491],[-6.4259,53.9441],[-6.4312,53.9451],[-6.4342,53.9436],[-6.4377,53.9437],[-6.4413,53.9456],[-6.4408,53.9473],[-6.4443,53.9504],[-6.4508,53.9517],[-6.4535,53.9536],[-6.4642,53.9552],[-6.4669,53.9579],[-6.4769,53.9597],[-6.4817,53.9631],[-6.4895,53.9641],[-6.495,53.9684],[-6.4847,53.9729],[-6.4875,53.9792],[-6.4869,53.9823],[-6.4799,53.982],[-6.4762,53.9832],[-6.4863,53.9865],[-6.4873,53.9886],[-6.4858,53.9914],[-6.4765,53.9938],[-6.4677,53.9936],[-6.4739,53.9945],[-6.4739,53.9956],[-6.4755,53.9957],[-6.4752,53.9973],[-6.4792,53.9976],[-6.4787,54.0005],[-6.4749,54.0005],[-6.4709,54.0024],[-6.4721,54.0048],[-6.4804,54.005],[-6.4811,54.0074],[-6.4837,54.0083],[-6.4905,54.0077],[-6.5021,54.0055],[-6.5087,54.0022],[-6.5137,54.003],[-6.5206,54.0016],[-6.5198,53.9986],[-6.5243,53.9998],[-6.5296,53.9989],[-6.5325,54.0006],[-6.5383,54.0012],[-6.5421,53.9962],[-6.5458,53.9994],[-6.5456,54.001],[-6.551,54.0029],[-6.5504,54.007],[-6.5582,54.0097],[-6.5583,54.0154],[-6.5693,54.0173],[-6.5636,54.0203],[-6.5716,54.0225],[-6.5712,54.0268],[-6.5792,54.0302],[-6.5728,54.033],[-6.5735,54.0341],[-6.5795,54.0363],[-6.5838,54.0396],[-6.5882,54.0389],[-6.5861,54.0406],[-6.5949,54.0446],[-6.593,54.0463],[-6.5936,54.05],[-6.5957,54.052],[-6.5909,54.0561],[-6.5866,54.0576],[-6.582,54.0548],[-6.5795,54.0558],[-6.5751,54.053],[-6.569,54.0535],[-6.5695,54.0509],[-6.5617,54.0507],[-6.558,54.0493],[-6.5523,54.0518],[-6.5493,54.0504],[-6.5471,54.052],[-6.5454,54.0515],[-6.5321,54.0596],[-6.5283,54.0591],[-6.5157,54.0525],[-6.5105,54.0527],[-6.5084,54.0535],[-6.5098,54.0575],[-6.5035,54.0599],[-6.4966,54.0592],[-6.4849,54.0653],[-6.4843,54.0668],[-6.4713,54.0663],[-6.4786,54.0694],[-6.4786,54.0705],[-6.4815,54.072],[-6.4815,54.0747],[-6.4778,54.0771],[-6.4714,54.0737],[-6.4666,54.0739],[-6.4621,54.0706],[-6.4561,54.0725],[-6.45,54.068],[-6.4507,54.0664],[-6.4489,54.0651],[-6.4499,54.0643],[-6.4485,54.0641],[-6.4484,54.0609],[-6.4434,54.058],[-6.4435,54.0565],[-6.4397,54.058],[-6.4374,54.0575],[-6.4335,54.061],[-6.4297,54.0584],[-6.4274,54.0609],[-6.4229,54.0611],[-6.4214,54.0595],[-6.4182,54.0624],[-6.4147,54.0617],[-6.4119,54.063],[-6.3946,54.0614],[-6.3916,54.0588],[-6.3873,54.0616],[-6.3827,54.0685],[-6.3673,54.0702],[-6.3636,54.0726],[-6.3623,54.0793],[-6.3637,54.0901],[-6.3661,54.0939],[-6.3621,54.0963],[-6.3622,54.0974],[-6.3643,54.0984],[-6.3666,54.1021],[-6.3656,54.104],[-6.367,54.105],[-6.3684,54.111],[-6.3664,54.1136],[-6.3631,54.1138],[-6.3548,54.1105],[-6.3491,54.1139],[-6.3459,54.1137],[-6.3447,54.1117],[-6.3399,54.1119],[-6.3383,54.1083],[-6.336,54.1083],[-6.3345,54.105],[-6.3362,54.102],[-6.3364,54.0947],[-6.3179,54.091],[-6.317,54.0935],[-6.3133,54.0961],[-6.3105,54.1002],[-6.309,54.1067],[-6.2961,54.1092],[-6.2917,54.1123],[-6.288,54.1102],[-6.284,54.111],[-6.2861,54.1115],[-6.282,54.1108],[-6.2777,54.1081],[-6.2777,54.1069],[-6.2669,54.0991],[-6.2597,54.09],[-6.2529,54.0872],[-6.2458,54.0775],[-6.2344,54.0725],[-6.2337,54.0732],[-6.2335,54.0719],[-6.228,54.0694],[-6.2134,54.066],[-6.1965,54.0573],[-6.1923,54.0525],[-6.1892,54.0465],[-6.1864,54.0434],[-6.1847,54.0434],[-6.1867,54.0425],[-6.1853,54.041],[-6.1819,54.0409],[-6.1804,54.0421],[-6.1821,54.0431],[-6.1779,54.0423],[-6.1736,54.0402],[-6.1743,54.0395],[-6.1729,54.0375],[-6.1647,54.0352],[-6.1572,54.0301],[-6.1551,54.0301],[-6.1548,54.0288],[-6.1483,54.0273],[-6.1408,54.0288],[-6.1328,54.0349],[-6.1314,54.0346],[-6.129,54.0305],[-6.1291,54.0218],[-6.1263,54.0171],[-6.1151,54.0098],[-6.1106,54.0088],[-6.1098,54.0053],[-6.1047,54.0029],[-6.103,54.0001]]]}},{"type":"Feature","properties":{"d":"Ardee","c":"2271C","dv":"Cavan/Monaghan & Louth","st":"Ardee","hq":"Drogheda","ad":"Jervis Street, Co. Louth","ph":"6853222","ty":"District HQ","pop":23164,"km2":323.654},"geometry":{"type":"Polygon","coordinates":[[[-6.2801,53.8637],[-6.2818,53.8576],[-6.2836,53.8558],[-6.2834,53.8519],[-6.2951,53.8541],[-6.3034,53.8602],[-6.3115,53.8622],[-6.3144,53.8614],[-6.3144,53.8579],[-6.3254,53.8495],[-6.3344,53.8475],[-6.3405,53.8521],[-6.3437,53.8518],[-6.3443,53.8506],[-6.3427,53.8489],[-6.3459,53.8481],[-6.3531,53.8506],[-6.3552,53.856],[-6.3603,53.8569],[-6.3681,53.8652],[-6.3718,53.8648],[-6.3715,53.8667],[-6.3727,53.8675],[-6.3696,53.8681],[-6.3762,53.8728],[-6.3808,53.8725],[-6.3818,53.8712],[-6.3809,53.8683],[-6.3879,53.864],[-6.3882,53.8602],[-6.384,53.8589],[-6.3841,53.8573],[-6.3902,53.8554],[-6.3968,53.856],[-6.4017,53.8543],[-6.4145,53.856],[-6.424,53.8533],[-6.4279,53.8577],[-6.4372,53.8578],[-6.4379,53.8608],[-6.4476,53.863],[-6.4537,53.8592],[-6.4614,53.8589],[-6.4635,53.8603],[-6.4638,53.8622],[-6.4659,53.863],[-6.4758,53.8611],[-6.4796,53.8633],[-6.4847,53.864],[-6.4876,53.8627],[-6.4873,53.8609],[-6.486,53.8606],[-6.4869,53.8554],[-6.4855,53.853],[-6.4804,53.8525],[-6.4819,53.8488],[-6.4802,53.8466],[-6.4818,53.8458],[-6.4824,53.8436],[-6.4802,53.8405],[-6.4823,53.8383],[-6.49,53.8392],[-6.4915,53.8319],[-6.4888,53.8229],[-6.4788,53.8223],[-6.4788,53.8272],[-6.4723,53.8276],[-6.4681,53.8244],[-6.4684,53.8222],[-6.466,53.8197],[-6.4619,53.8203],[-6.4613,53.8187],[-6.4595,53.8192],[-6.4577,53.8165],[-6.4578,53.814],[-6.4539,53.8088],[-6.4386,53.8055],[-6.4405,53.8037],[-6.4435,53.804],[-6.4427,53.8016],[-6.4321,53.8046],[-6.4225,53.8027],[-6.4159,53.8042],[-6.4147,53.8022],[-6.4178,53.799],[-6.4156,53.7956],[-6.4075,53.794],[-6.4038,53.7901],[-6.4152,53.7867],[-6.4277,53.7869],[-6.4292,53.7837],[-6.4332,53.7826],[-6.4442,53.7756],[-6.4435,53.7702],[-6.4481,53.7665],[-6.4482,53.7649],[-6.4501,53.7622],[-6.4553,53.7666],[-6.4691,53.77],[-6.5158,53.7666],[-6.5193,53.7678],[-6.5206,53.7696],[-6.5285,53.7691],[-6.5294,53.772],[-6.5277,53.7742],[-6.5372,53.7802],[-6.5404,53.7781],[-6.5478,53.778],[-6.5493,53.7845],[-6.5517,53.7875],[-6.5529,53.7943],[-6.5543,53.7949],[-6.5527,53.7963],[-6.5531,53.798],[-6.5609,53.7968],[-6.5715,53.7972],[-6.5755,53.7989],[-6.5771,53.802],[-6.5794,53.8025],[-6.5797,53.8043],[-6.5771,53.8055],[-6.5801,53.8064],[-6.58,53.8076],[-6.5775,53.8084],[-6.5805,53.8108],[-6.58,53.8136],[-6.5788,53.814],[-6.5836,53.8165],[-6.5801,53.8175],[-6.5786,53.8193],[-6.5795,53.8226],[-6.5825,53.8246],[-6.5822,53.8278],[-6.5836,53.8292],[-6.5936,53.8298],[-6.5921,53.8322],[-6.5988,53.8384],[-6.5986,53.8397],[-6.5935,53.8425],[-6.5916,53.845],[-6.595,53.8457],[-6.5932,53.8496],[-6.5935,53.8515],[-6.5975,53.858],[-6.6,53.8584],[-6.6035,53.8616],[-6.6021,53.8634],[-6.6208,53.875],[-6.6217,53.8773],[-6.6262,53.8798],[-6.6369,53.8795],[-6.6436,53.8808],[-6.6438,53.8834],[-6.6525,53.8856],[-6.657,53.8843],[-6.6649,53.8916],[-6.6788,53.893],[-6.6843,53.8999],[-6.691,53.9019],[-6.6943,53.9013],[-6.6953,53.9035],[-6.694,53.906],[-6.6947,53.9079],[-6.6892,53.9092],[-6.6864,53.912],[-6.6823,53.9125],[-6.674,53.9088],[-6.6654,53.9134],[-6.6593,53.9133],[-6.6475,53.916],[-6.6473,53.9219],[-6.6448,53.9238],[-6.6306,53.9266],[-6.6286,53.9283],[-6.6334,53.9329],[-6.6447,53.9345],[-6.6603,53.9416],[-6.6591,53.9438],[-6.6518,53.943],[-6.648,53.9459],[-6.6505,53.9484],[-6.6534,53.9483],[-6.6534,53.9503],[-6.66,53.9535],[-6.6622,53.9576],[-6.6601,53.9583],[-6.6557,53.9555],[-6.6473,53.9529],[-6.649,53.9552],[-6.648,53.9571],[-6.6613,53.9625],[-6.656,53.9661],[-6.6522,53.9637],[-6.6376,53.9646],[-6.6355,53.9686],[-6.643,53.9714],[-6.6405,53.9749],[-6.6357,53.9768],[-6.6265,53.9755],[-6.6248,53.9811],[-6.6276,53.9821],[-6.6182,53.9839],[-6.5931,53.9746],[-6.5944,53.9726],[-6.591,53.9705],[-6.5762,53.9705],[-6.5726,53.969],[-6.5691,53.9708],[-6.5657,53.9709],[-6.5668,53.9741],[-6.5623,53.9787],[-6.5683,53.9801],[-6.5679,53.9818],[-6.5586,53.9877],[-6.5548,53.9857],[-6.5528,53.9866],[-6.5559,53.9911],[-6.5546,53.9944],[-6.563,53.999],[-6.5501,54.003],[-6.5456,54.001],[-6.5458,53.9994],[-6.5421,53.9962],[-6.5383,54.0012],[-6.5325,54.0006],[-6.5296,53.9989],[-6.5243,53.9998],[-6.5198,53.9986],[-6.5206,54.0016],[-6.5137,54.003],[-6.5087,54.0022],[-6.5021,54.0055],[-6.4837,54.0083],[-6.4811,54.0074],[-6.4804,54.005],[-6.4721,54.0048],[-6.4709,54.0024],[-6.4749,54.0005],[-6.4787,54.0005],[-6.4792,53.9976],[-6.4752,53.9973],[-6.4755,53.9957],[-6.4739,53.9956],[-6.4739,53.9945],[-6.4677,53.9936],[-6.4765,53.9938],[-6.4858,53.9914],[-6.4873,53.9886],[-6.4863,53.9865],[-6.4762,53.9832],[-6.4799,53.982],[-6.4869,53.9823],[-6.4875,53.9792],[-6.4847,53.9729],[-6.495,53.9684],[-6.4927,53.9659],[-6.4895,53.9641],[-6.4817,53.9631],[-6.4769,53.9597],[-6.4669,53.9579],[-6.4642,53.9552],[-6.4607,53.954],[-6.4535,53.9536],[-6.4508,53.9517],[-6.4443,53.9504],[-6.4408,53.9473],[-6.4413,53.9456],[-6.4377,53.9437],[-6.4342,53.9436],[-6.4312,53.9451],[-6.4259,53.9441],[-6.4252,53.9491],[-6.4175,53.9497],[-6.4159,53.9485],[-6.4152,53.9455],[-6.4078,53.9454],[-6.4061,53.9435],[-6.4023,53.9429],[-6.4022,53.9407],[-6.3983,53.9405],[-6.3975,53.943],[-6.3949,53.9446],[-6.3959,53.9461],[-6.3991,53.9469],[-6.3978,53.9491],[-6.3919,53.9517],[-6.3867,53.9498],[-6.3832,53.9537],[-6.3779,53.9539],[-6.3794,53.9514],[-6.3794,53.944],[-6.3766,53.9428],[-6.373,53.9438],[-6.3719,53.9397],[-6.3739,53.9349],[-6.3717,53.9305],[-6.376,53.9229],[-6.376,53.9202],[-6.3737,53.9172],[-6.3695,53.9043],[-6.3568,53.8909],[-6.3517,53.8867],[-6.3449,53.8851],[-6.3308,53.8758],[-6.3171,53.8757],[-6.3059,53.8787],[-6.3006,53.8779],[-6.2902,53.8716],[-6.2807,53.8697],[-6.2813,53.868],[-6.2801,53.8637]]]}},{"type":"Feature","properties":{"d":"Carrickmacross","c":"6770K","dv":"Cavan/Monaghan & Louth","st":"Carrickmacross","hq":"Drogheda","ad":"42 Main Street, Carrickmacross, Co. Cavan","ph":"9690190","ty":"District HQ","pop":30498,"km2":644.985},"geometry":{"type":"Polygon","coordinates":[[[-6.5497,54.0059],[-6.551,54.0029],[-6.563,53.999],[-6.5546,53.9944],[-6.5559,53.9911],[-6.5528,53.9866],[-6.5548,53.9857],[-6.5586,53.9877],[-6.5679,53.9818],[-6.5683,53.9801],[-6.5623,53.9787],[-6.5668,53.9741],[-6.5657,53.9709],[-6.5691,53.9708],[-6.5726,53.969],[-6.5762,53.9705],[-6.591,53.9705],[-6.5944,53.9726],[-6.5931,53.9746],[-6.6082,53.9809],[-6.6198,53.9839],[-6.6276,53.9821],[-6.6248,53.9811],[-6.6265,53.9755],[-6.6334,53.977],[-6.6405,53.9749],[-6.643,53.9714],[-6.6355,53.9686],[-6.6376,53.9646],[-6.6522,53.9637],[-6.656,53.9661],[-6.6577,53.9654],[-6.6613,53.9625],[-6.648,53.9571],[-6.649,53.9552],[-6.6473,53.9529],[-6.6557,53.9555],[-6.6601,53.9583],[-6.6622,53.9576],[-6.66,53.9535],[-6.6534,53.9503],[-6.6534,53.9483],[-6.6505,53.9484],[-6.648,53.9459],[-6.6518,53.943],[-6.6591,53.9438],[-6.6603,53.9416],[-6.6447,53.9345],[-6.6334,53.9329],[-6.6286,53.9283],[-6.6306,53.9266],[-6.6448,53.9238],[-6.6473,53.9219],[-6.6475,53.916],[-6.6593,53.9133],[-6.6654,53.9134],[-6.674,53.9088],[-6.6823,53.9125],[-6.6864,53.912],[-6.6892,53.9092],[-6.6947,53.9079],[-6.694,53.906],[-6.6952,53.9018],[-6.6999,53.9007],[-6.7147,53.9035],[-6.7161,53.9055],[-6.7215,53.9073],[-6.7278,53.9114],[-6.7306,53.9177],[-6.7391,53.9129],[-6.7447,53.9124],[-6.755,53.9145],[-6.757,53.9164],[-6.7635,53.9178],[-6.7642,53.9202],[-6.7763,53.9252],[-6.7773,53.9279],[-6.7831,53.926],[-6.7906,53.9275],[-6.7933,53.9265],[-6.7978,53.9289],[-6.8079,53.9282],[-6.8115,53.9317],[-6.816,53.931],[-6.8194,53.9326],[-6.8269,53.9329],[-6.8303,53.9321],[-6.8332,53.9347],[-6.8292,53.9365],[-6.8361,53.942],[-6.8331,53.9453],[-6.8392,53.9473],[-6.8403,53.9515],[-6.8388,53.9527],[-6.8427,53.9547],[-6.8447,53.9576],[-6.8443,53.9597],[-6.8485,53.9596],[-6.8544,53.9636],[-6.8526,53.9659],[-6.8578,53.9692],[-6.8562,53.9703],[-6.8576,53.9731],[-6.8617,53.9748],[-6.86,53.9769],[-6.863,53.9782],[-6.8625,53.9801],[-6.867,53.9835],[-6.8634,53.9855],[-6.8641,53.9879],[-6.8686,53.9901],[-6.8801,53.9926],[-6.8814,53.9949],[-6.8756,53.9978],[-6.8907,54.0032],[-6.8903,54.0077],[-6.8878,54.0095],[-6.8889,54.0116],[-6.8964,54.0125],[-6.9013,54.0087],[-6.9103,54.0157],[-6.9148,54.0162],[-6.9197,54.0156],[-6.9213,54.0147],[-6.9211,54.0133],[-6.9251,54.0119],[-6.9258,54.0141],[-6.9349,54.019],[-6.934,54.0248],[-6.939,54.0276],[-6.9374,54.0292],[-6.9398,54.0335],[-6.9429,54.0356],[-6.9471,54.0353],[-6.949,54.0364],[-6.9533,54.0393],[-6.9534,54.0415],[-6.9561,54.0433],[-6.9616,54.0399],[-6.9663,54.0402],[-6.9682,54.0432],[-6.9675,54.0458],[-6.9746,54.0469],[-6.9824,54.0519],[-6.9814,54.053],[-6.9822,54.0545],[-6.9874,54.0601],[-6.9865,54.062],[-7.0023,54.0648],[-7.009,54.0736],[-7.0122,54.0749],[-7.011,54.0771],[-7.0149,54.0784],[-7.0232,54.078],[-7.0267,54.0803],[-7.0295,54.0843],[-7.0293,54.0879],[-7.0227,54.0909],[-7.0142,54.0927],[-7.0155,54.0942],[-7.0151,54.0968],[-7.0177,54.0986],[-7.0236,54.0992],[-7.0261,54.0975],[-7.0318,54.0967],[-7.0354,54.0971],[-7.0384,54.0995],[-7.0433,54.0995],[-7.0442,54.1011],[-7.0488,54.1006],[-7.0508,54.0995],[-7.0514,54.0972],[-7.05,54.0957],[-7.0534,54.0938],[-7.068,54.0921],[-7.073,54.0888],[-7.0781,54.0889],[-7.0804,54.0854],[-7.0869,54.0818],[-7.0928,54.0827],[-7.0914,54.0874],[-7.0933,54.0894],[-7.0983,54.0899],[-7.1012,54.0939],[-7.1182,54.0956],[-7.1246,54.0948],[-7.1269,54.1],[-7.1233,54.0993],[-7.1223,54.1009],[-7.119,54.1006],[-7.1193,54.1044],[-7.1182,54.1067],[-7.1204,54.1078],[-7.1248,54.1076],[-7.1285,54.1054],[-7.1348,54.1059],[-7.1372,54.1076],[-7.1367,54.1119],[-7.1231,54.1153],[-7.1154,54.1137],[-7.1131,54.1157],[-7.107,54.1164],[-7.1073,54.1197],[-7.1062,54.121],[-7.099,54.1228],[-7.0848,54.1238],[-7.0823,54.1259],[-7.0709,54.1246],[-7.071,54.1268],[-7.0676,54.1308],[-7.0549,54.1298],[-7.0484,54.1309],[-7.0476,54.1331],[-7.0406,54.138],[-7.0502,54.1394],[-7.0506,54.1454],[-7.046,54.1469],[-7.0493,54.153],[-7.0259,54.153],[-7.0227,54.1555],[-7.0134,54.1555],[-7.0113,54.1565],[-7.0104,54.1577],[-7.0121,54.1609],[-7.0102,54.1621],[-7.0191,54.1642],[-7.0223,54.1667],[-7.0207,54.1677],[-7.0181,54.1763],[-7.0362,54.1793],[-7.0373,54.1861],[-7.0361,54.1881],[-7.0266,54.1892],[-7.0228,54.1877],[-7.0168,54.1877],[-7.0104,54.1821],[-6.9993,54.185],[-6.9938,54.1847],[-6.9883,54.1868],[-6.9851,54.1845],[-6.978,54.1829],[-6.974,54.184],[-6.9736,54.1864],[-6.9767,54.1915],[-6.967,54.1898],[-6.9628,54.1874],[-6.9556,54.1914],[-6.9538,54.1872],[-6.9539,54.1845],[-6.9567,54.183],[-6.9551,54.1799],[-6.9415,54.1803],[-6.942,54.1822],[-6.9408,54.1832],[-6.9322,54.1812],[-6.928,54.1822],[-6.9216,54.1791],[-6.9145,54.181],[-6.9124,54.1804],[-6.9123,54.1813],[-6.9135,54.1832],[-6.9125,54.1858],[-6.9144,54.1891],[-6.9197,54.1913],[-6.9194,54.1932],[-6.9221,54.1959],[-6.9195,54.1982],[-6.9106,54.1997],[-6.9071,54.2053],[-6.8996,54.2077],[-6.8931,54.206],[-6.8843,54.206],[-6.8822,54.2034],[-6.8858,54.2],[-6.8819,54.1972],[-6.8753,54.1989],[-6.8768,54.1967],[-6.8766,54.1913],[-6.8744,54.1892],[-6.8783,54.1865],[-6.876,54.1843],[-6.8795,54.1801],[-6.8785,54.1776],[-6.8611,54.1719],[-6.8575,54.1718],[-6.8526,54.1687],[-6.8472,54.1698],[-6.8423,54.1639],[-6.8394,54.1623],[-6.8331,54.1632],[-6.8325,54.1661],[-6.8256,54.1652],[-6.8235,54.1636],[-6.8193,54.1639],[-6.8169,54.1613],[-6.8139,54.1615],[-6.8078,54.1623],[-6.8006,54.1666],[-6.7975,54.1655],[-6.7967,54.1634],[-6.7927,54.1607],[-6.7928,54.1559],[-6.7878,54.1545],[-6.7841,54.1601],[-6.7811,54.1621],[-6.7731,54.1622],[-6.7696,54.1599],[-6.7671,54.161],[-6.7668,54.163],[-6.7708,54.1692],[-6.7638,54.1686],[-6.756,54.1727],[-6.7499,54.1694],[-6.7469,54.1709],[-6.7415,54.1713],[-6.7397,54.1721],[-6.7407,54.1732],[-6.7377,54.1745],[-6.7371,54.1773],[-6.7386,54.1815],[-6.7351,54.1858],[-6.7321,54.1856],[-6.7274,54.1824],[-6.7209,54.182],[-6.7209,54.1872],[-6.713,54.1914],[-6.7141,54.1946],[-6.7101,54.1981],[-6.7059,54.2001],[-6.6954,54.1989],[-6.6918,54.2002],[-6.6878,54.1949],[-6.6829,54.1932],[-6.6807,54.1935],[-6.6784,54.1956],[-6.6735,54.1922],[-6.6651,54.1932],[-6.6586,54.1848],[-6.6492,54.1796],[-6.644,54.1798],[-6.6426,54.1756],[-6.6394,54.1723],[-6.6357,54.1709],[-6.6359,54.1666],[-6.6337,54.1619],[-6.6346,54.1614],[-6.6297,54.1538],[-6.6312,54.1534],[-6.6315,54.1472],[-6.6368,54.1462],[-6.6379,54.1449],[-6.637,54.1433],[-6.6407,54.1421],[-6.641,54.1387],[-6.6391,54.1366],[-6.6398,54.1316],[-6.6432,54.13],[-6.6452,54.1307],[-6.6497,54.1296],[-6.6491,54.1274],[-6.651,54.127],[-6.6487,54.124],[-6.6486,54.1216],[-6.6517,54.1215],[-6.6539,54.1236],[-6.6564,54.124],[-6.6604,54.1241],[-6.6612,54.1226],[-6.6607,54.1174],[-6.6553,54.1097],[-6.6501,54.1067],[-6.6505,54.1045],[-6.6491,54.1028],[-6.6454,54.1006],[-6.6451,54.096],[-6.652,54.093],[-6.6554,54.0936],[-6.6588,54.0961],[-6.662,54.0928],[-6.6588,54.0876],[-6.6556,54.0871],[-6.6587,54.0839],[-6.6577,54.0805],[-6.6586,54.0754],[-6.6618,54.0736],[-6.6688,54.0737],[-6.6676,54.071],[-6.6645,54.0698],[-6.6651,54.0663],[-6.6578,54.0618],[-6.6498,54.0614],[-6.6487,54.0593],[-6.6467,54.0589],[-6.6478,54.0572],[-6.6448,54.0529],[-6.6397,54.0501],[-6.641,54.0486],[-6.6387,54.0463],[-6.6358,54.0455],[-6.6359,54.0439],[-6.6301,54.0434],[-6.6238,54.0365],[-6.6234,54.0389],[-6.6174,54.039],[-6.6162,54.0426],[-6.6066,54.0397],[-6.6046,54.045],[-6.601,54.0446],[-6.5983,54.0458],[-6.5861,54.0406],[-6.5882,54.0389],[-6.5838,54.0396],[-6.5795,54.0363],[-6.5735,54.0341],[-6.5728,54.033],[-6.5792,54.0302],[-6.5712,54.0268],[-6.5716,54.0225],[-6.5636,54.0203],[-6.5693,54.0173],[-6.5583,54.0154],[-6.5582,54.0097],[-6.5517,54.0077],[-6.5497,54.0059]]]}},{"type":"Feature","properties":{"d":"Monaghan","c":"6700H","dv":"Cavan/Monaghan & Louth","st":"Monaghan","hq":"Drogheda","ad":"Plantation Road, Monaghan Town, Co. Monaghan","ph":"77200","ty":"Division HQ","pop":30888,"km2":643.866},"geometry":{"type":"Polygon","coordinates":[[[-6.7371,54.1765],[-6.7377,54.1745],[-6.7407,54.1732],[-6.7397,54.1721],[-6.7469,54.1709],[-6.748,54.1696],[-6.7499,54.1694],[-6.756,54.1727],[-6.7638,54.1686],[-6.7708,54.1692],[-6.7668,54.163],[-6.7671,54.161],[-6.7696,54.1599],[-6.7731,54.1622],[-6.7811,54.1621],[-6.7841,54.1601],[-6.7878,54.1545],[-6.7928,54.1559],[-6.7927,54.1607],[-6.7967,54.1634],[-6.7975,54.1655],[-6.8006,54.1666],[-6.8078,54.1623],[-6.8139,54.1615],[-6.8169,54.1613],[-6.8193,54.1639],[-6.8235,54.1636],[-6.8256,54.1652],[-6.8325,54.1661],[-6.8331,54.1632],[-6.8394,54.1623],[-6.8423,54.1639],[-6.8472,54.1698],[-6.8526,54.1687],[-6.8575,54.1718],[-6.8611,54.1719],[-6.8785,54.1776],[-6.8795,54.1801],[-6.876,54.1843],[-6.8783,54.1865],[-6.8744,54.1892],[-6.8766,54.1913],[-6.8768,54.1967],[-6.8753,54.1989],[-6.8819,54.1972],[-6.886,54.2005],[-6.8822,54.2034],[-6.8843,54.206],[-6.8931,54.206],[-6.8996,54.2077],[-6.9071,54.2053],[-6.9106,54.1997],[-6.9155,54.1996],[-6.9217,54.1966],[-6.9194,54.1932],[-6.9197,54.1913],[-6.9144,54.1891],[-6.9125,54.1858],[-6.9135,54.1832],[-6.9123,54.1813],[-6.9124,54.1804],[-6.9145,54.181],[-6.9216,54.1791],[-6.928,54.1822],[-6.9322,54.1812],[-6.9408,54.1832],[-6.942,54.1822],[-6.9415,54.1803],[-6.9551,54.1799],[-6.9567,54.183],[-6.9539,54.1845],[-6.9538,54.1872],[-6.9556,54.1914],[-6.9628,54.1874],[-6.967,54.1898],[-6.9767,54.1915],[-6.9736,54.1864],[-6.974,54.184],[-6.978,54.1829],[-6.9851,54.1845],[-6.9883,54.1868],[-6.9938,54.1847],[-6.9993,54.185],[-7.0104,54.1821],[-7.0168,54.1877],[-7.0228,54.1877],[-7.0266,54.1892],[-7.0361,54.1881],[-7.0373,54.1861],[-7.0362,54.1793],[-7.0181,54.1763],[-7.0207,54.1677],[-7.0223,54.1667],[-7.0191,54.1642],[-7.0102,54.1621],[-7.0121,54.1609],[-7.0104,54.1577],[-7.0113,54.1565],[-7.0134,54.1555],[-7.0227,54.1555],[-7.0259,54.153],[-7.0493,54.153],[-7.046,54.1469],[-7.0506,54.1454],[-7.0502,54.1394],[-7.0406,54.138],[-7.0476,54.1331],[-7.0484,54.1309],[-7.0549,54.1298],[-7.0676,54.1308],[-7.071,54.1268],[-7.0709,54.1246],[-7.0823,54.1259],[-7.0848,54.1238],[-7.099,54.1228],[-7.1062,54.121],[-7.1073,54.1197],[-7.107,54.1164],[-7.1131,54.1157],[-7.1154,54.1137],[-7.1231,54.1153],[-7.1367,54.1119],[-7.1372,54.1076],[-7.1348,54.1059],[-7.1285,54.1054],[-7.1248,54.1076],[-7.1204,54.1078],[-7.1182,54.1067],[-7.1193,54.1044],[-7.119,54.1006],[-7.1223,54.1009],[-7.1233,54.0993],[-7.1269,54.1],[-7.1246,54.0948],[-7.133,54.0923],[-7.1341,54.0886],[-7.15,54.0821],[-7.1638,54.0838],[-7.163,54.0875],[-7.1666,54.0893],[-7.1763,54.0884],[-7.1807,54.0865],[-7.1832,54.0902],[-7.191,54.0923],[-7.1946,54.0962],[-7.1975,54.0962],[-7.2023,54.0924],[-7.209,54.0954],[-7.2099,54.0948],[-7.2099,54.0963],[-7.2183,54.0981],[-7.2191,54.1008],[-7.2234,54.1024],[-7.2324,54.0965],[-7.2416,54.1021],[-7.247,54.1022],[-7.2483,54.1018],[-7.2474,54.1],[-7.2429,54.0986],[-7.2381,54.0947],[-7.2459,54.0927],[-7.2501,54.095],[-7.2583,54.0963],[-7.2627,54.0932],[-7.2711,54.0976],[-7.2734,54.1007],[-7.2812,54.1028],[-7.2886,54.107],[-7.2934,54.1078],[-7.301,54.1061],[-7.3074,54.1092],[-7.3149,54.1056],[-7.3211,54.1087],[-7.321,54.1123],[-7.3142,54.1152],[-7.3138,54.1165],[-7.3078,54.1173],[-7.3059,54.1194],[-7.3053,54.1234],[-7.3161,54.127],[-7.312,54.1317],[-7.3187,54.1344],[-7.3187,54.1374],[-7.3221,54.1381],[-7.3275,54.1353],[-7.3308,54.1396],[-7.3297,54.141],[-7.3333,54.1436],[-7.3387,54.1442],[-7.3395,54.1467],[-7.3261,54.1515],[-7.3232,54.155],[-7.3189,54.1573],[-7.3201,54.1593],[-7.3177,54.1598],[-7.314,54.1639],[-7.3116,54.1644],[-7.3102,54.1673],[-7.3004,54.1662],[-7.2931,54.1698],[-7.2914,54.1719],[-7.2798,54.1677],[-7.2858,54.1579],[-7.2838,54.1539],[-7.2899,54.1492],[-7.2989,54.1493],[-7.3013,54.1444],[-7.2842,54.1398],[-7.2854,54.1364],[-7.2927,54.1306],[-7.296,54.1312],[-7.2986,54.1338],[-7.3089,54.1321],[-7.303,54.1266],[-7.3036,54.1229],[-7.2981,54.1206],[-7.2919,54.1191],[-7.2838,54.1229],[-7.2794,54.1224],[-7.278,54.1233],[-7.2796,54.1262],[-7.2776,54.1296],[-7.269,54.1354],[-7.263,54.1374],[-7.2619,54.1412],[-7.2639,54.1454],[-7.2619,54.1474],[-7.2567,54.1481],[-7.2588,54.1492],[-7.2582,54.1537],[-7.2525,54.1557],[-7.2528,54.1586],[-7.2577,54.1599],[-7.2596,54.1627],[-7.2534,54.1666],[-7.2403,54.1697],[-7.2407,54.1711],[-7.2439,54.1727],[-7.2513,54.1727],[-7.2529,54.177],[-7.2562,54.1761],[-7.2583,54.1774],[-7.2565,54.1818],[-7.2596,54.184],[-7.2576,54.1857],[-7.2561,54.1902],[-7.2591,54.1923],[-7.2509,54.1941],[-7.2442,54.1926],[-7.2361,54.1934],[-7.2359,54.1962],[-7.233,54.1978],[-7.2401,54.199],[-7.2427,54.2007],[-7.2492,54.1979],[-7.2503,54.1992],[-7.2478,54.2026],[-7.2492,54.2033],[-7.2481,54.2044],[-7.2391,54.2068],[-7.2318,54.2056],[-7.2314,54.2071],[-7.2339,54.2082],[-7.2321,54.2093],[-7.2327,54.2109],[-7.2211,54.2158],[-7.2148,54.2133],[-7.2091,54.2128],[-7.1988,54.2156],[-7.1952,54.2176],[-7.1955,54.2195],[-7.1905,54.2242],[-7.1883,54.2248],[-7.1842,54.2244],[-7.1848,54.2201],[-7.1794,54.2207],[-7.1766,54.2182],[-7.1707,54.2176],[-7.1533,54.2209],[-7.1511,54.2234],[-7.145,54.2247],[-7.1474,54.2258],[-7.1466,54.23],[-7.1499,54.2316],[-7.1496,54.2339],[-7.1461,54.2371],[-7.1463,54.2399],[-7.159,54.2437],[-7.1582,54.2454],[-7.1513,54.2494],[-7.1431,54.2514],[-7.1414,54.2532],[-7.1421,54.2555],[-7.1504,54.2583],[-7.15,54.2596],[-7.1516,54.2596],[-7.1536,54.263],[-7.1537,54.266],[-7.1525,54.2668],[-7.1592,54.269],[-7.1572,54.2707],[-7.1619,54.2741],[-7.1649,54.2729],[-7.1732,54.2728],[-7.1768,54.2705],[-7.1789,54.2723],[-7.1796,54.2768],[-7.1736,54.2795],[-7.173,54.2825],[-7.1712,54.2836],[-7.1732,54.2862],[-7.1817,54.2864],[-7.1807,54.2875],[-7.1814,54.2881],[-7.1858,54.2876],[-7.1886,54.2902],[-7.1992,54.2938],[-7.207,54.2944],[-7.2121,54.2997],[-7.2076,54.3027],[-7.2066,54.305],[-7.1985,54.3086],[-7.1977,54.311],[-7.1936,54.3108],[-7.1916,54.3119],[-7.1833,54.3108],[-7.1825,54.3093],[-7.1792,54.3097],[-7.1795,54.3147],[-7.178,54.3167],[-7.1799,54.3201],[-7.18,54.3245],[-7.1818,54.3288],[-7.1804,54.3321],[-7.1885,54.3377],[-7.1816,54.3398],[-7.1664,54.3363],[-7.1617,54.337],[-7.1551,54.3352],[-7.1522,54.3356],[-7.1456,54.3397],[-7.1413,54.339],[-7.1403,54.3425],[-7.1364,54.3446],[-7.1279,54.3455],[-7.1238,54.3507],[-7.1117,54.3529],[-7.1095,54.3547],[-7.1035,54.3559],[-7.1017,54.3608],[-7.109,54.3656],[-7.1097,54.3683],[-7.106,54.368],[-7.0914,54.3749],[-7.0846,54.3786],[-7.0837,54.3817],[-7.0724,54.3884],[-7.0707,54.3903],[-7.0719,54.3913],[-7.0701,54.3954],[-7.0635,54.3995],[-7.0563,54.4077],[-7.0573,54.4111],[-7.0549,54.41],[-7.0537,54.4122],[-7.0427,54.415],[-7.0402,54.4178],[-7.0381,54.4176],[-7.0289,54.4214],[-7.0256,54.4189],[-7.0196,54.418],[-7.0196,54.4162],[-7.0166,54.414],[-7.0149,54.4144],[-7.0165,54.4158],[-7.0134,54.417],[-7.0116,54.4161],[-7.0126,54.415],[-7.0098,54.4157],[-7.0044,54.4131],[-7.0007,54.4132],[-6.9988,54.4105],[-7.0011,54.4108],[-7.0021,54.4084],[-7.0,54.4065],[-6.9958,54.4065],[-6.996,54.4054],[-6.9879,54.4073],[-6.99,54.4077],[-6.9892,54.4095],[-6.9788,54.4086],[-6.981,54.4076],[-6.9767,54.4059],[-6.9783,54.4017],[-6.9751,54.4],[-6.9672,54.4014],[-6.9591,54.3978],[-6.9585,54.3945],[-6.9599,54.3936],[-6.9596,54.3922],[-6.9487,54.3901],[-6.944,54.3911],[-6.9437,54.3892],[-6.9456,54.3872],[-6.9387,54.3846],[-6.9378,54.3831],[-6.9333,54.3846],[-6.9237,54.3829],[-6.9263,54.3814],[-6.9286,54.3817],[-6.9288,54.3799],[-6.9332,54.3799],[-6.9328,54.3779],[-6.9307,54.3757],[-6.9275,54.3769],[-6.9262,54.3758],[-6.9249,54.3775],[-6.9218,54.3776],[-6.9224,54.3787],[-6.9195,54.3784],[-6.9112,54.3747],[-6.912,54.3731],[-6.9109,54.3724],[-6.9124,54.3718],[-6.9067,54.3695],[-6.9081,54.3666],[-6.9099,54.3671],[-6.9106,54.3653],[-6.9072,54.3611],[-6.903,54.3609],[-6.9056,54.3599],[-6.9047,54.3573],[-6.9062,54.3553],[-6.9063,54.3504],[-6.9001,54.3496],[-6.8932,54.3512],[-6.8875,54.3489],[-6.8863,54.346],[-6.8847,54.3467],[-6.8852,54.3474],[-6.8759,54.3465],[-6.8758,54.3423],[-6.8743,54.3416],[-6.8755,54.3385],[-6.8737,54.3379],[-6.8723,54.3348],[-6.869,54.3333],[-6.8681,54.3307],[-6.8664,54.3318],[-6.8663,54.33],[-6.8639,54.3301],[-6.8657,54.3265],[-6.8637,54.3249],[-6.8633,54.3153],[-6.8563,54.3136],[-6.8566,54.3116],[-6.8579,54.3113],[-6.8569,54.31],[-6.8595,54.308],[-6.8574,54.3067],[-6.859,54.3038],[-6.8533,54.3012],[-6.8508,54.2973],[-6.8531,54.2946],[-6.8515,54.2915],[-6.8605,54.2891],[-6.8613,54.2871],[-6.8586,54.2835],[-6.8591,54.2818],[-6.8617,54.2811],[-6.868,54.2821],[-6.8677,54.2857],[-6.8696,54.2875],[-6.8721,54.2879],[-6.8778,54.2851],[-6.8747,54.282],[-6.8779,54.2791],[-6.8713,54.2757],[-6.8654,54.2745],[-6.8662,54.27],[-6.8584,54.2684],[-6.8526,54.269],[-6.8518,54.265],[-6.8441,54.2668],[-6.8412,54.2657],[-6.8394,54.2677],[-6.8366,54.2663],[-6.8362,54.2646],[-6.8332,54.2622],[-6.8277,54.2614],[-6.8271,54.2602],[-6.8296,54.2573],[-6.8291,54.2475],[-6.8264,54.2463],[-6.8263,54.2446],[-6.819,54.2385],[-6.8198,54.2326],[-6.815,54.2272],[-6.8162,54.223],[-6.8086,54.2247],[-6.8003,54.2211],[-6.8025,54.2171],[-6.801,54.2131],[-6.7967,54.2127],[-6.7947,54.2104],[-6.7952,54.2091],[-6.7906,54.2087],[-6.7843,54.206],[-6.7772,54.2014],[-6.7756,54.1989],[-6.7687,54.2006],[-6.7662,54.1985],[-6.7559,54.199],[-6.7509,54.1951],[-6.7492,54.1909],[-6.7455,54.1885],[-6.7446,54.1843],[-6.7386,54.1815],[-6.7371,54.1765]]]}},{"type":"Feature","properties":{"d":"Cavan","c":"6800D","dv":"Cavan/Monaghan & Louth","st":"Cavan","hq":"Drogheda","ad":"Franham Street, Cavan, Co. Cavan","ph":"4368800","ty":"District HQ","pop":42024,"km2":1207.981},"geometry":{"type":"Polygon","coordinates":[[[-7.1015,53.93],[-7.1048,53.9257],[-7.1081,53.9251],[-7.1162,53.9293],[-7.1175,53.9315],[-7.1257,53.9361],[-7.128,53.936],[-7.1312,53.9315],[-7.1293,53.9294],[-7.1276,53.9228],[-7.1355,53.9212],[-7.1348,53.9145],[-7.1454,53.9205],[-7.1424,53.9221],[-7.1482,53.923],[-7.1508,53.9247],[-7.1545,53.9245],[-7.1589,53.9272],[-7.1644,53.9253],[-7.1663,53.926],[-7.1654,53.9202],[-7.1698,53.9205],[-7.1779,53.9259],[-7.1779,53.9293],[-7.1808,53.9345],[-7.1887,53.9337],[-7.1897,53.9318],[-7.1962,53.9328],[-7.1977,53.9301],[-7.2008,53.9344],[-7.2063,53.9349],[-7.215,53.9407],[-7.2168,53.939],[-7.2213,53.9381],[-7.2182,53.9337],[-7.222,53.932],[-7.2233,53.9287],[-7.2263,53.9259],[-7.2302,53.9284],[-7.2339,53.9268],[-7.237,53.9293],[-7.2366,53.9309],[-7.2385,53.9345],[-7.2442,53.9416],[-7.2452,53.9466],[-7.2433,53.9481],[-7.2437,53.9511],[-7.2478,53.9564],[-7.2524,53.9593],[-7.2615,53.9535],[-7.2624,53.9512],[-7.2686,53.9455],[-7.2752,53.9488],[-7.2775,53.9541],[-7.2846,53.9483],[-7.2901,53.9482],[-7.296,53.9455],[-7.2962,53.944],[-7.2916,53.94],[-7.2895,53.9344],[-7.2856,53.9366],[-7.2791,53.933],[-7.2798,53.9319],[-7.2779,53.9276],[-7.2796,53.9208],[-7.2759,53.9163],[-7.2777,53.9155],[-7.2774,53.9131],[-7.2801,53.9129],[-7.2811,53.9143],[-7.2846,53.9142],[-7.2916,53.918],[-7.2958,53.9186],[-7.3002,53.9148],[-7.3012,53.9078],[-7.2991,53.9053],[-7.3039,53.9058],[-7.307,53.9039],[-7.3102,53.9036],[-7.312,53.9007],[-7.3122,53.8968],[-7.31,53.8938],[-7.3019,53.8914],[-7.3035,53.8885],[-7.3026,53.8832],[-7.2958,53.8852],[-7.2945,53.8851],[-7.2951,53.8836],[-7.2877,53.8836],[-7.2829,53.882],[-7.2813,53.8808],[-7.2872,53.876],[-7.2804,53.8711],[-7.2736,53.8737],[-7.2722,53.8768],[-7.2704,53.8773],[-7.2663,53.8747],[-7.2607,53.8738],[-7.2532,53.8689],[-7.2614,53.8658],[-7.2617,53.8623],[-7.2636,53.8606],[-7.2627,53.859],[-7.2511,53.8513],[-7.2424,53.8491],[-7.2397,53.8511],[-7.226,53.845],[-7.2267,53.8422],[-7.2249,53.8385],[-7.2231,53.8374],[-7.2249,53.8363],[-7.224,53.8338],[-7.2286,53.833],[-7.2333,53.8348],[-7.2366,53.8322],[-7.2424,53.831],[-7.2424,53.8281],[-7.2384,53.8283],[-7.2379,53.8251],[-7.2397,53.8246],[-7.2357,53.8219],[-7.2368,53.8206],[-7.2326,53.8206],[-7.2237,53.8263],[-7.219,53.8236],[-7.2184,53.8214],[-7.2193,53.82],[-7.2172,53.8148],[-7.2066,53.8155],[-7.1957,53.8102],[-7.1924,53.8118],[-7.1844,53.8065],[-7.1903,53.8038],[-7.1919,53.8006],[-7.1905,53.8006],[-7.1897,53.7984],[-7.1926,53.7966],[-7.1916,53.796],[-7.2015,53.7906],[-7.2061,53.7867],[-7.208,53.7871],[-7.2134,53.7848],[-7.2133,53.7823],[-7.2104,53.7806],[-7.2151,53.7785],[-7.2196,53.7743],[-7.2144,53.7734],[-7.2142,53.7711],[-7.2243,53.7723],[-7.2289,53.7715],[-7.2407,53.7781],[-7.2477,53.7779],[-7.2487,53.7763],[-7.2538,53.774],[-7.2568,53.7741],[-7.2571,53.7764],[-7.2625,53.779],[-7.2651,53.7782],[-7.2741,53.7796],[-7.2783,53.7817],[-7.2796,53.7857],[-7.278,53.7867],[-7.2807,53.7901],[-7.2798,53.7926],[-7.2843,53.7956],[-7.284,53.7971],[-7.2881,53.7983],[-7.308,53.8128],[-7.3787,53.7844],[-7.3877,53.7895],[-7.3917,53.7936],[-7.3974,53.7928],[-7.4047,53.7894],[-7.4112,53.7889],[-7.4116,53.79],[-7.417,53.791],[-7.4187,53.7927],[-7.4207,53.7923],[-7.4315,53.796],[-7.4376,53.7961],[-7.4399,53.7982],[-7.4495,53.8011],[-7.4561,53.8023],[-7.4623,53.8014],[-7.466,53.8065],[-7.4688,53.8074],[-7.4697,53.8107],[-7.4755,53.8122],[-7.4728,53.8159],[-7.467,53.8182],[-7.4658,53.8234],[-7.4702,53.8295],[-7.4715,53.8385],[-7.4764,53.8432],[-7.4759,53.8456],[-7.4735,53.848],[-7.4768,53.8537],[-7.4809,53.854],[-7.4873,53.8523],[-7.4945,53.8603],[-7.4982,53.8598],[-7.5006,53.8572],[-7.5051,53.8603],[-7.5131,53.8603],[-7.5154,53.8598],[-7.5141,53.8588],[-7.5149,53.8572],[-7.5229,53.8622],[-7.528,53.8636],[-7.5412,53.8577],[-7.5431,53.8535],[-7.5707,53.8545],[-7.5781,53.85],[-7.5832,53.8511],[-7.5842,53.8525],[-7.5849,53.8569],[-7.5827,53.8583],[-7.5805,53.8628],[-7.5765,53.8648],[-7.5718,53.8739],[-7.5719,53.8801],[-7.5675,53.8802],[-7.5584,53.8778],[-7.5558,53.8786],[-7.557,53.8829],[-7.5566,53.888],[-7.5551,53.8907],[-7.5498,53.8929],[-7.5564,53.8981],[-7.5572,53.9039],[-7.5611,53.9057],[-7.5749,53.9075],[-7.5764,53.906],[-7.5754,53.904],[-7.5766,53.9018],[-7.5804,53.9033],[-7.5853,53.9085],[-7.5829,53.9122],[-7.5833,53.9145],[-7.5875,53.9183],[-7.5933,53.921],[-7.5959,53.925],[-7.5958,53.9283],[-7.6031,53.9312],[-7.6062,53.9374],[-7.6077,53.9386],[-7.6126,53.9386],[-7.6134,53.9404],[-7.6048,53.9499],[-7.6,53.9501],[-7.5965,53.9534],[-7.5921,53.9547],[-7.5864,53.9591],[-7.5861,53.9625],[-7.5938,53.9664],[-7.5937,53.9687],[-7.5928,53.9702],[-7.5855,53.9726],[-7.586,53.9742],[-7.5842,53.9765],[-7.5851,53.9809],[-7.5893,53.9814],[-7.5933,53.9846],[-7.5997,53.9857],[-7.6004,53.9874],[-7.5991,53.992],[-7.5935,53.996],[-7.5949,54.0016],[-7.5931,54.0029],[-7.5954,54.0056],[-7.5978,54.0062],[-7.599,54.0102],[-7.6018,54.0122],[-7.593,54.0165],[-7.5959,54.0164],[-7.597,54.0203],[-7.6009,54.0232],[-7.6083,54.0246],[-7.611,54.0267],[-7.6141,54.0253],[-7.6115,54.0215],[-7.6116,54.0195],[-7.6192,54.0185],[-7.6357,54.0231],[-7.6404,54.0225],[-7.6427,54.0276],[-7.6468,54.0279],[-7.6464,54.0332],[-7.6441,54.0358],[-7.6352,54.0394],[-7.638,54.0429],[-7.644,54.0447],[-7.6491,54.0402],[-7.6549,54.0428],[-7.6542,54.0488],[-7.6577,54.0564],[-7.6633,54.056],[-7.6662,54.0589],[-7.6725,54.0558],[-7.6756,54.0573],[-7.6761,54.0596],[-7.6825,54.0592],[-7.6849,54.0602],[-7.6865,54.0624],[-7.6859,54.0637],[-7.6875,54.0681],[-7.6986,54.0723],[-7.7023,54.0788],[-7.7089,54.0842],[-7.7131,54.0831],[-7.7253,54.0847],[-7.7308,54.0822],[-7.7366,54.0829],[-7.7359,54.0892],[-7.7376,54.0922],[-7.737,54.0934],[-7.7381,54.0945],[-7.7449,54.0936],[-7.7505,54.0951],[-7.7522,54.1011],[-7.751,54.1021],[-7.7571,54.1023],[-7.7552,54.1045],[-7.7564,54.1063],[-7.7619,54.1072],[-7.7629,54.1096],[-7.7706,54.1071],[-7.7874,54.1079],[-7.7901,54.113],[-7.7943,54.1135],[-7.795,54.1164],[-7.7995,54.1165],[-7.805,54.1129],[-7.8049,54.1106],[-7.8141,54.1078],[-7.8149,54.1059],[-7.8163,54.1057],[-7.8162,54.1032],[-7.8116,54.1017],[-7.8136,54.1003],[-7.8223,54.0965],[-7.8314,54.0986],[-7.8297,54.1008],[-7.8472,54.1069],[-7.8589,54.1133],[-7.8508,54.1176],[-7.8519,54.119],[-7.8613,54.1225],[-7.871,54.1243],[-7.8753,54.1237],[-7.8821,54.1278],[-7.8828,54.1293],[-7.8816,54.1318],[-7.8883,54.1356],[-7.8936,54.1355],[-7.8884,54.1418],[-7.9011,54.1479],[-7.9051,54.1539],[-7.9123,54.1546],[-7.9166,54.1612],[-7.9234,54.162],[-7.9264,54.1668],[-7.939,54.1687],[-7.9433,54.1705],[-7.953,54.1789],[-7.9697,54.1772],[-7.9751,54.1789],[-7.9886,54.1799],[-7.991,54.1809],[-7.9915,54.1824],[-7.9967,54.184],[-7.9997,54.181],[-8.0056,54.1802],[-8.0097,54.1848],[-8.0105,54.1836],[-8.0199,54.1803],[-8.0231,54.1826],[-8.0225,54.1865],[-8.0242,54.1864],[-8.0243,54.1884],[-8.0289,54.1904],[-8.0305,54.1899],[-8.0294,54.189],[-8.0301,54.1874],[-8.032,54.1886],[-8.0354,54.1876],[-8.0351,54.1853],[-8.0423,54.1831],[-8.0452,54.1847],[-8.0446,54.186],[-8.048,54.1869],[-8.0472,54.1884],[-8.0483,54.1914],[-8.0464,54.1939],[-8.0452,54.1937],[-8.0505,54.1953],[-8.0507,54.1976],[-8.0454,54.2032],[-8.0394,54.204],[-8.0354,54.2064],[-8.0333,54.2089],[-8.0326,54.2128],[-8.0335,54.2144],[-8.035,54.2137],[-8.0339,54.2157],[-8.0369,54.2172],[-8.0363,54.2196],[-8.0395,54.2212],[-8.0391,54.2223],[-8.0443,54.2224],[-8.0467,54.2253],[-8.0458,54.2267],[-8.0488,54.2283],[-8.0491,54.231],[-8.0582,54.2362],[-8.0547,54.2386],[-8.054,54.2424],[-8.0499,54.2443],[-8.0493,54.2463],[-8.0412,54.254],[-8.01,54.2484],[-8.0038,54.2494],[-7.9983,54.2541],[-7.9915,54.2575],[-7.9861,54.263],[-7.9855,54.2658],[-7.9744,54.2736],[-7.9745,54.2805],[-7.9725,54.2844],[-7.9575,54.2943],[-7.9463,54.3047],[-7.9305,54.3034],[-7.9262,54.3045],[-7.9186,54.3032],[-7.9151,54.2971],[-7.9111,54.296],[-7.906,54.2966],[-7.9017,54.3014],[-7.8883,54.3005],[-7.8838,54.2967],[-7.8842,54.2949],[-7.8806,54.2919],[-7.8743,54.2947],[-7.8619,54.2935],[-7.8646,54.2888],[-7.8707,54.2883],[-7.8702,54.2838],[-7.8717,54.2832],[-7.8732,54.2795],[-7.8708,54.2776],[-7.8725,54.2741],[-7.8717,54.268],[-7.8727,54.2662],[-7.8666,54.2627],[-7.865,54.2603],[-7.8605,54.2602],[-7.8622,54.2553],[-7.8612,54.2545],[-7.8621,54.2526],[-7.8589,54.2431],[-7.86,54.2296],[-7.8585,54.226],[-7.8554,54.2228],[-7.8618,54.2187],[-7.8599,54.2174],[-7.8115,54.2009],[-7.8037,54.207],[-7.7825,54.2074],[-7.7805,54.2087],[-7.7753,54.2086],[-7.7724,54.2072],[-7.7682,54.2095],[-7.7686,54.2074],[-7.7622,54.2075],[-7.7543,54.2099],[-7.7485,54.2095],[-7.7446,54.2043],[-7.7394,54.2035],[-7.7312,54.2048],[-7.7104,54.2032],[-7.702,54.2078],[-7.6922,54.2039],[-7.6893,54.207],[-7.6854,54.2078],[-7.6849,54.2069],[-7.6864,54.2068],[-7.6885,54.2037],[-7.6872,54.2004],[-7.6885,54.1992],[-7.6837,54.1969],[-7.6853,54.1935],[-7.682,54.1939],[-7.6795,54.1925],[-7.6796,54.1875],[-7.678,54.1866],[-7.6766,54.182],[-7.672,54.1815],[-7.6644,54.188],[-7.6561,54.1857],[-7.6537,54.1822],[-7.6455,54.1771],[-7.6456,54.176],[-7.6285,54.1692],[-7.6281,54.1676],[-7.6253,54.1654],[-7.6266,54.1611],[-7.6253,54.1606],[-7.6253,54.1533],[-7.612,54.1476],[-7.6094,54.1456],[-7.6104,54.1438],[-7.6069,54.1428],[-7.6004,54.1423],[-7.592,54.1399],[-7.5831,54.1425],[-7.5794,54.141],[-7.5746,54.1415],[-7.5737,54.141],[-7.5754,54.1378],[-7.5751,54.1337],[-7.5692,54.1329],[-7.567,54.1306],[-7.5657,54.1266],[-7.5585,54.1278],[-7.5466,54.1224],[-7.5461,54.1256],[-7.5446,54.1264],[-7.5465,54.1271],[-7.5467,54.1292],[-7.5376,54.1272],[-7.536,54.1286],[-7.5373,54.1309],[-7.5284,54.1357],[-7.5233,54.1334],[-7.5196,54.1297],[-7.5091,54.1299],[-7.5028,54.1263],[-7.4954,54.126],[-7.4921,54.1232],[-7.4791,54.1223],[-7.4718,54.1267],[-7.4727,54.1302],[-7.4717,54.1333],[-7.4671,54.1343],[-7.4664,54.1371],[-7.4685,54.1408],[-7.4537,54.1448],[-7.452,54.1476],[-7.4423,54.154],[-7.4313,54.1521],[-7.4268,54.1547],[-7.418,54.1545],[-7.4092,54.1562],[-7.409,54.153],[-7.4119,54.1488],[-7.423,54.1429],[-7.4249,54.1402],[-7.4196,54.1367],[-7.4032,54.1409],[-7.4005,54.141],[-7.3942,54.1374],[-7.3906,54.1368],[-7.3865,54.1384],[-7.3837,54.1413],[-7.3756,54.1419],[-7.3727,54.1394],[-7.3731,54.1379],[-7.3823,54.1346],[-7.392,54.1275],[-7.3941,54.1225],[-7.3919,54.1202],[-7.3883,54.1227],[-7.3792,54.1246],[-7.3748,54.1288],[-7.3688,54.1311],[-7.3633,54.1314],[-7.3516,54.1239],[-7.3464,54.1225],[-7.3473,54.1174],[-7.3443,54.116],[-7.3423,54.1161],[-7.3406,54.1179],[-7.336,54.1167],[-7.3341,54.1205],[-7.3271,54.1246],[-7.3233,54.1224],[-7.3247,54.1209],[-7.3243,54.1178],[-7.3222,54.1173],[-7.32,54.1143],[-7.3211,54.1087],[-7.3174,54.1067],[-7.3142,54.1055],[-7.3074,54.1092],[-7.301,54.1061],[-7.2934,54.1078],[-7.2886,54.107],[-7.2812,54.1028],[-7.2734,54.1007],[-7.2711,54.0976],[-7.2669,54.0951],[-7.2565,54.0908],[-7.2555,54.0896],[-7.2591,54.0896],[-7.2622,54.0862],[-7.2556,54.0813],[-7.2617,54.0794],[-7.2613,54.0783],[-7.2648,54.0759],[-7.2679,54.076],[-7.2687,54.0746],[-7.2724,54.0738],[-7.2755,54.0703],[-7.283,54.0703],[-7.285,54.0672],[-7.279,54.0635],[-7.2815,54.0612],[-7.289,54.0582],[-7.2914,54.0531],[-7.2908,54.05],[-7.2799,54.0496],[-7.2748,54.0472],[-7.2712,54.0473],[-7.2705,54.0414],[-7.2719,54.0367],[-7.2682,54.0355],[-7.2646,54.036],[-7.2649,54.0312],[-7.2681,54.0285],[-7.2651,54.0249],[-7.2664,54.0234],[-7.2657,54.0209],[-7.2681,54.0191],[-7.2712,54.0189],[-7.272,54.0161],[-7.2742,54.0148],[-7.2732,54.0115],[-7.2697,54.0109],[-7.2661,54.0085],[-7.2587,54.0079],[-7.2555,54.0042],[-7.2477,54.0046],[-7.2467,54.0063],[-7.248,54.0104],[-7.2426,54.0093],[-7.2402,54.0053],[-7.2336,54.004],[-7.2297,54.0067],[-7.2239,54.007],[-7.2201,54.0087],[-7.2182,54.0075],[-7.2196,54.0119],[-7.2174,54.014],[-7.217,54.019],[-7.2133,54.023],[-7.2134,54.0255],[-7.208,54.0287],[-7.2018,54.0292],[-7.202,54.0245],[-7.1982,54.0212],[-7.1955,54.0229],[-7.1896,54.0219],[-7.1886,54.0204],[-7.1804,54.0256],[-7.1772,54.0222],[-7.171,54.0206],[-7.1608,54.0236],[-7.1613,54.0285],[-7.1537,54.0288],[-7.1525,54.0273],[-7.1548,54.024],[-7.1537,54.0211],[-7.147,54.0212],[-7.1449,54.0145],[-7.1462,54.0122],[-7.1352,54.0012],[-7.1382,53.997],[-7.1285,53.9919],[-7.123,53.9833],[-7.1233,53.9808],[-7.1193,53.9808],[-7.1178,53.9821],[-7.1124,53.983],[-7.1093,53.9787],[-7.1153,53.9743],[-7.116,53.972],[-7.1145,53.9675],[-7.1127,53.9662],[-7.1143,53.9649],[-7.1151,53.9607],[-7.1107,53.955],[-7.1035,53.9542],[-7.1037,53.9487],[-7.1065,53.9448],[-7.1059,53.9408],[-7.1112,53.938],[-7.1026,53.9321],[-7.1015,53.93]]]}},{"type":"Feature","properties":{"d":"Leitrim","c":"6300B","dv":"Donegal/Sligo & Leitrim","st":"Carrick On Shannon","hq":"Letterkenny","ad":"Shannon Lodge, Carrick-On-Shannon","ph":"9650510","ty":"District HQ","pop":32551,"km2":1580.353},"geometry":{"type":"Polygon","coordinates":[[[-7.5842,53.9765],[-7.586,53.9742],[-7.5855,53.9726],[-7.5928,53.9702],[-7.5937,53.9687],[-7.5938,53.9664],[-7.5861,53.9625],[-7.587,53.9579],[-7.5965,53.9534],[-7.6,53.9501],[-7.6048,53.9499],[-7.6134,53.9404],[-7.6126,53.9386],[-7.6103,53.9384],[-7.6118,53.9363],[-7.6198,53.9354],[-7.6345,53.9394],[-7.6441,53.9379],[-7.6467,53.9415],[-7.6492,53.942],[-7.6532,53.9383],[-7.6577,53.9374],[-7.6603,53.9344],[-7.6607,53.9293],[-7.6682,53.9282],[-7.669,53.9251],[-7.6674,53.9214],[-7.6784,53.917],[-7.6882,53.9191],[-7.6911,53.9185],[-7.6926,53.9163],[-7.6906,53.9059],[-7.6933,53.9045],[-7.6988,53.9047],[-7.7028,53.9004],[-7.7113,53.9003],[-7.7124,53.8973],[-7.7107,53.8935],[-7.7129,53.8911],[-7.7263,53.8882],[-7.7282,53.8814],[-7.731,53.8786],[-7.7362,53.8778],[-7.7378,53.8762],[-7.7456,53.8787],[-7.7471,53.8802],[-7.7512,53.8792],[-7.7506,53.8755],[-7.7582,53.8736],[-7.7545,53.8691],[-7.7598,53.8635],[-7.767,53.8671],[-7.7768,53.8676],[-7.7711,53.8495],[-7.7719,53.8461],[-7.7764,53.8435],[-7.7792,53.8386],[-7.7821,53.8373],[-7.7803,53.8289],[-7.7877,53.8231],[-7.7883,53.8164],[-7.8031,53.8152],[-7.8109,53.8204],[-7.817,53.8197],[-7.8193,53.8185],[-7.819,53.8172],[-7.8277,53.8118],[-7.8371,53.8108],[-7.8433,53.8176],[-7.8464,53.8185],[-7.8531,53.83],[-7.8547,53.8315],[-7.8571,53.8315],[-7.8654,53.8251],[-7.8619,53.8194],[-7.8627,53.8175],[-7.8611,53.8124],[-7.8638,53.808],[-7.8684,53.806],[-7.8764,53.8084],[-7.8756,53.8109],[-7.8705,53.8139],[-7.8719,53.8175],[-7.8755,53.8153],[-7.8791,53.8183],[-7.8825,53.8152],[-7.8852,53.8174],[-7.8852,53.8202],[-7.8826,53.8212],[-7.8818,53.8279],[-7.8828,53.8291],[-7.8854,53.8286],[-7.8886,53.8238],[-7.8914,53.8228],[-7.8969,53.8218],[-7.897,53.824],[-7.9118,53.8214],[-7.9188,53.8215],[-7.9209,53.8248],[-7.918,53.828],[-7.9192,53.8384],[-7.9236,53.8412],[-7.9246,53.8462],[-7.9288,53.8502],[-7.9404,53.8475],[-7.9437,53.8498],[-7.9466,53.8551],[-7.9533,53.8581],[-7.9568,53.864],[-7.9614,53.867],[-7.9765,53.8657],[-7.9812,53.8698],[-7.9775,53.8755],[-7.9774,53.8779],[-7.9815,53.8843],[-7.977,53.8879],[-7.9817,53.8928],[-7.9885,53.8966],[-7.9878,53.8997],[-7.9915,53.9013],[-7.9937,53.9043],[-7.9912,53.9113],[-7.9894,53.9129],[-7.9895,53.9157],[-7.9941,53.9218],[-7.999,53.9222],[-8.0017,53.9196],[-8.0048,53.9194],[-8.0107,53.924],[-8.0128,53.9268],[-8.0129,53.931],[-8.0102,53.933],[-8.0186,53.9338],[-8.0247,53.9359],[-8.0317,53.9331],[-8.0329,53.9302],[-8.0262,53.9271],[-8.0298,53.9222],[-8.0483,53.9143],[-8.0493,53.9124],[-8.0618,53.9096],[-8.064,53.911],[-8.0651,53.9147],[-8.0685,53.9174],[-8.0739,53.9186],[-8.073,53.9238],[-8.0846,53.9199],[-8.0859,53.9212],[-8.0851,53.9231],[-8.0889,53.9281],[-8.0935,53.9302],[-8.0926,53.9316],[-8.0857,53.9339],[-8.0831,53.936],[-8.0819,53.9388],[-8.0842,53.9424],[-8.0909,53.9418],[-8.0959,53.9428],[-8.093,53.9408],[-8.0953,53.9397],[-8.0923,53.9386],[-8.0941,53.9363],[-8.1017,53.9339],[-8.1063,53.9346],[-8.1083,53.9329],[-8.1192,53.9293],[-8.1244,53.9334],[-8.1229,53.9355],[-8.1168,53.9389],[-8.1264,53.94],[-8.1224,53.9444],[-8.1196,53.9452],[-8.108,53.9429],[-8.1009,53.9435],[-8.0994,53.9469],[-8.1004,53.9487],[-8.1069,53.9509],[-8.1136,53.9512],[-8.1153,53.9539],[-8.1027,53.963],[-8.0952,53.9648],[-8.0947,53.9691],[-8.0912,53.9726],[-8.0901,53.976],[-8.078,53.9761],[-8.072,53.9808],[-8.0717,53.9848],[-8.0687,53.9866],[-8.0692,53.9886],[-8.072,53.9885],[-8.0786,53.9911],[-8.0796,53.9939],[-8.0766,53.9985],[-8.0789,54.0001],[-8.0774,54.0045],[-8.0798,54.0091],[-8.0854,54.0112],[-8.0855,54.0157],[-8.0875,54.0175],[-8.0887,54.0211],[-8.0879,54.0224],[-8.0912,54.0262],[-8.0893,54.0302],[-8.0915,54.0338],[-8.0789,54.0489],[-8.0784,54.0511],[-8.0799,54.0529],[-8.0766,54.0535],[-8.0749,54.0527],[-8.0749,54.0513],[-8.0707,54.0513],[-8.0674,54.0552],[-8.0606,54.0583],[-8.0594,54.0618],[-8.0545,54.0671],[-8.0496,54.0693],[-8.0475,54.0717],[-8.0569,54.0783],[-8.0529,54.1046],[-8.0717,54.1046],[-8.0774,54.1058],[-8.0792,54.1046],[-8.0832,54.1058],[-8.0837,54.1086],[-8.0855,54.1097],[-8.0922,54.1077],[-8.0959,54.109],[-8.1055,54.109],[-8.1111,54.1143],[-8.1181,54.1159],[-8.1255,54.1201],[-8.1348,54.1198],[-8.1407,54.1238],[-8.1481,54.1252],[-8.1539,54.1158],[-8.1614,54.1124],[-8.1626,54.1114],[-8.162,54.1097],[-8.1635,54.109],[-8.1677,54.1108],[-8.1678,54.1121],[-8.1723,54.1117],[-8.1757,54.1135],[-8.1757,54.1149],[-8.1806,54.1178],[-8.18,54.1194],[-8.1816,54.1204],[-8.1816,54.1218],[-8.1862,54.1236],[-8.1904,54.127],[-8.191,54.1282],[-8.1901,54.1288],[-8.1914,54.1302],[-8.1958,54.1335],[-8.1992,54.1346],[-8.2033,54.1341],[-8.216,54.1404],[-8.2173,54.1452],[-8.2211,54.1467],[-8.2206,54.149],[-8.2274,54.1547],[-8.2384,54.155],[-8.2512,54.1593],[-8.2534,54.1567],[-8.2603,54.157],[-8.2596,54.154],[-8.2608,54.1532],[-8.2813,54.1526],[-8.3035,54.1671],[-8.3137,54.1671],[-8.3184,54.1695],[-8.321,54.1741],[-8.3246,54.1749],[-8.3284,54.1733],[-8.3306,54.175],[-8.3283,54.1784],[-8.3208,54.1811],[-8.3163,54.1883],[-8.3184,54.1899],[-8.3218,54.1894],[-8.3328,54.1919],[-8.3354,54.195],[-8.3332,54.1956],[-8.3336,54.1969],[-8.3406,54.1991],[-8.3477,54.1993],[-8.3477,54.2002],[-8.3392,54.2035],[-8.3377,54.207],[-8.3338,54.2091],[-8.3319,54.212],[-8.3364,54.2126],[-8.3355,54.2142],[-8.3364,54.2153],[-8.3343,54.2174],[-8.3408,54.223],[-8.3368,54.2296],[-8.3378,54.2323],[-8.3346,54.2374],[-8.3362,54.2377],[-8.3359,54.2388],[-8.3326,54.2389],[-8.3317,54.2402],[-8.3335,54.2409],[-8.3346,54.2445],[-8.3344,54.2486],[-8.339,54.2492],[-8.3382,54.2498],[-8.3392,54.2504],[-8.3385,54.2522],[-8.333,54.2531],[-8.3321,54.2529],[-8.3327,54.2506],[-8.3266,54.2507],[-8.3226,54.2481],[-8.3223,54.2511],[-8.3264,54.2536],[-8.3176,54.2554],[-8.3133,54.258],[-8.3143,54.2596],[-8.3177,54.2597],[-8.3298,54.258],[-8.3282,54.2612],[-8.3302,54.2618],[-8.3314,54.2639],[-8.3451,54.2676],[-8.3468,54.2744],[-8.3436,54.2802],[-8.343,54.2848],[-8.3453,54.2857],[-8.3462,54.2986],[-8.3481,54.3037],[-8.3493,54.3059],[-8.3541,54.3076],[-8.3545,54.3125],[-8.3629,54.3143],[-8.3761,54.3138],[-8.3751,54.316],[-8.3816,54.3156],[-8.3898,54.3203],[-8.3869,54.3247],[-8.3861,54.3289],[-8.391,54.3345],[-8.3903,54.3388],[-8.3926,54.3426],[-8.3916,54.3449],[-8.3932,54.348],[-8.3918,54.3501],[-8.3994,54.36],[-8.3935,54.3598],[-8.3869,54.3615],[-8.3823,54.3648],[-8.3748,54.367],[-8.3651,54.372],[-8.3666,54.3746],[-8.3603,54.3873],[-8.3591,54.3964],[-8.3488,54.405],[-8.3463,54.4122],[-8.3498,54.4151],[-8.3459,54.4174],[-8.348,54.4196],[-8.3455,54.4197],[-8.3444,54.4213],[-8.3512,54.4226],[-8.3513,54.4238],[-8.3535,54.4242],[-8.3641,54.4219],[-8.372,54.4226],[-8.3793,54.4265],[-8.3814,54.4259],[-8.3908,54.4283],[-8.3981,54.4271],[-8.3928,54.4204],[-8.3983,54.4173],[-8.4083,54.4166],[-8.4148,54.4143],[-8.4198,54.4149],[-8.4218,54.4182],[-8.4276,54.4211],[-8.4196,54.4268],[-8.4083,54.4307],[-8.4094,54.4401],[-8.4019,54.4459],[-8.3787,54.4516],[-8.3731,54.4503],[-8.3722,54.4555],[-8.3746,54.4572],[-8.3789,54.4571],[-8.378,54.4592],[-8.383,54.4656],[-8.3724,54.4677],[-8.3576,54.4675],[-8.3449,54.4716],[-8.3362,54.4701],[-8.33,54.4735],[-8.3269,54.4723],[-8.3215,54.4732],[-8.3197,54.4723],[-8.3129,54.4743],[-8.3101,54.4719],[-8.3043,54.4714],[-8.3045,54.4681],[-8.2991,54.4637],[-8.2878,54.4626],[-8.2829,54.4648],[-8.2706,54.4598],[-8.2599,54.4591],[-8.259,54.4607],[-8.2538,54.4622],[-8.2362,54.4612],[-8.2339,54.4624],[-8.2335,54.4656],[-8.2314,54.4671],[-8.232,54.4704],[-8.2242,54.4699],[-8.221,54.4729],[-8.2177,54.4729],[-8.2114,54.4721],[-8.206,54.4698],[-8.1981,54.4692],[-8.1957,54.4673],[-8.17,54.4645],[-8.1701,54.4616],[-8.1674,54.4593],[-8.1448,54.4522],[-8.1429,54.4505],[-8.1464,54.4489],[-8.146,54.4474],[-8.1486,54.4466],[-8.1503,54.4439],[-8.1574,54.4447],[-8.1606,54.4441],[-8.162,54.4421],[-8.1586,54.439],[-8.0976,54.4069],[-8.0954,54.4038],[-8.0841,54.3974],[-8.0834,54.3946],[-8.0786,54.3922],[-8.0747,54.3878],[-8.0737,54.3848],[-8.0679,54.3807],[-8.0635,54.3748],[-8.0643,54.3734],[-8.0598,54.3728],[-8.0604,54.3717],[-8.0583,54.3711],[-8.0593,54.3699],[-8.0572,54.3699],[-8.056,54.3686],[-8.0587,54.3673],[-8.0567,54.3671],[-8.0574,54.3658],[-8.0503,54.3662],[-8.0471,54.3627],[-8.0395,54.3626],[-8.037,54.3593],[-8.0312,54.3567],[-8.0258,54.3599],[-8.0225,54.3591],[-8.0209,54.3572],[-8.017,54.3569],[-8.0076,54.3613],[-8.0003,54.3581],[-7.9975,54.3557],[-8.0013,54.3506],[-7.9995,54.3472],[-7.9865,54.3442],[-7.9829,54.3399],[-7.9826,54.3362],[-7.9722,54.331],[-7.9634,54.3207],[-7.9618,54.3126],[-7.9463,54.3047],[-7.9575,54.2943],[-7.9725,54.2844],[-7.9745,54.2805],[-7.9744,54.2736],[-7.9855,54.2658],[-7.9861,54.263],[-7.9915,54.2575],[-7.9983,54.2541],[-8.0038,54.2494],[-8.01,54.2484],[-8.0412,54.254],[-8.0493,54.2463],[-8.0499,54.2443],[-8.054,54.2424],[-8.0547,54.2386],[-8.0582,54.2362],[-8.0491,54.231],[-8.0488,54.2283],[-8.0458,54.2267],[-8.0467,54.2253],[-8.0443,54.2224],[-8.0391,54.2223],[-8.0395,54.2212],[-8.0363,54.2196],[-8.0369,54.2172],[-8.0339,54.2157],[-8.035,54.2137],[-8.0335,54.2144],[-8.0326,54.2128],[-8.0333,54.2089],[-8.0354,54.2064],[-8.0394,54.204],[-8.0454,54.2032],[-8.0507,54.1976],[-8.0505,54.1953],[-8.0452,54.1937],[-8.0464,54.1939],[-8.0483,54.1914],[-8.0472,54.1884],[-8.048,54.1869],[-8.0446,54.186],[-8.0452,54.1847],[-8.0423,54.1831],[-8.0351,54.1853],[-8.0354,54.1876],[-8.032,54.1886],[-8.0301,54.1874],[-8.0294,54.189],[-8.0305,54.1899],[-8.0289,54.1904],[-8.0243,54.1884],[-8.0242,54.1864],[-8.0225,54.1865],[-8.0231,54.1826],[-8.0199,54.1803],[-8.0105,54.1836],[-8.0097,54.1848],[-8.0056,54.1802],[-7.9997,54.181],[-7.9967,54.184],[-7.9915,54.1824],[-7.991,54.1809],[-7.9886,54.1799],[-7.9751,54.1789],[-7.9697,54.1772],[-7.953,54.1789],[-7.9433,54.1705],[-7.939,54.1687],[-7.9264,54.1668],[-7.9234,54.162],[-7.9166,54.1612],[-7.9123,54.1546],[-7.9051,54.1539],[-7.9011,54.1479],[-7.8884,54.1418],[-7.8936,54.1355],[-7.8883,54.1356],[-7.8816,54.1318],[-7.8828,54.1293],[-7.8821,54.1278],[-7.8753,54.1237],[-7.871,54.1243],[-7.8613,54.1225],[-7.8519,54.119],[-7.8508,54.1176],[-7.8589,54.1133],[-7.8472,54.1069],[-7.8297,54.1008],[-7.8314,54.0986],[-7.8223,54.0965],[-7.8136,54.1003],[-7.8116,54.1017],[-7.8162,54.1032],[-7.8163,54.1057],[-7.8149,54.1059],[-7.8141,54.1078],[-7.8049,54.1106],[-7.805,54.1129],[-7.7995,54.1165],[-7.795,54.1164],[-7.7943,54.1135],[-7.7901,54.113],[-7.7874,54.1079],[-7.7706,54.1071],[-7.7629,54.1096],[-7.7619,54.1072],[-7.7564,54.1063],[-7.7552,54.1045],[-7.7571,54.1023],[-7.751,54.1021],[-7.7522,54.1011],[-7.7505,54.0951],[-7.7449,54.0936],[-7.7381,54.0945],[-7.737,54.0934],[-7.7376,54.0922],[-7.7359,54.0892],[-7.7366,54.0829],[-7.7308,54.0822],[-7.7253,54.0847],[-7.7131,54.0831],[-7.7089,54.0842],[-7.7023,54.0788],[-7.6986,54.0723],[-7.6875,54.0681],[-7.6859,54.0637],[-7.6865,54.0624],[-7.6849,54.0602],[-7.6825,54.0592],[-7.6761,54.0596],[-7.6756,54.0573],[-7.6725,54.0558],[-7.6662,54.0589],[-7.6633,54.056],[-7.6577,54.0564],[-7.6542,54.0488],[-7.6549,54.0428],[-7.6491,54.0402],[-7.644,54.0447],[-7.638,54.0429],[-7.6352,54.0394],[-7.6441,54.0358],[-7.6464,54.0332],[-7.6468,54.0279],[-7.6427,54.0276],[-7.6404,54.0225],[-7.6357,54.0231],[-7.6192,54.0185],[-7.6116,54.0195],[-7.6115,54.0215],[-7.6141,54.0253],[-7.611,54.0267],[-7.6083,54.0246],[-7.6009,54.0232],[-7.597,54.0203],[-7.5959,54.0164],[-7.593,54.0165],[-7.6018,54.0122],[-7.599,54.0102],[-7.5978,54.0062],[-7.5954,54.0056],[-7.5931,54.0029],[-7.5949,54.0016],[-7.5935,53.996],[-7.5991,53.992],[-7.6004,53.9874],[-7.5997,53.9857],[-7.5933,53.9846],[-7.5893,53.9814],[-7.5851,53.9809],[-7.5842,53.9765]]]}},{"type":"Feature","properties":{"d":"Sligo","c":"6200F","dv":"Donegal/Sligo & Leitrim","st":"Sligo","hq":"Letterkenny","ad":"Pearse Rd, Sligo","ph":"9157000","ty":"District HQ","pop":43088,"km2":737.505},"geometry":{"type":"Polygon","coordinates":[[[-8.3133,54.258],[-8.3176,54.2554],[-8.3264,54.2536],[-8.3223,54.2511],[-8.3226,54.2481],[-8.3266,54.2507],[-8.3327,54.2506],[-8.3321,54.2529],[-8.333,54.2531],[-8.3385,54.2522],[-8.3392,54.2504],[-8.3382,54.2498],[-8.339,54.2492],[-8.3344,54.2486],[-8.3346,54.2445],[-8.3335,54.2409],[-8.3317,54.2402],[-8.3326,54.2389],[-8.3359,54.2388],[-8.3362,54.2377],[-8.3346,54.2374],[-8.3378,54.2323],[-8.3368,54.2296],[-8.3408,54.223],[-8.3343,54.2174],[-8.3364,54.2153],[-8.3355,54.2142],[-8.3364,54.2126],[-8.3319,54.212],[-8.3338,54.2091],[-8.3377,54.207],[-8.3392,54.2035],[-8.3477,54.2002],[-8.3477,54.1993],[-8.3406,54.1991],[-8.3336,54.1969],[-8.3332,54.1956],[-8.3389,54.1943],[-8.3441,54.1912],[-8.3584,54.1908],[-8.3615,54.1897],[-8.3626,54.1871],[-8.3672,54.1865],[-8.3897,54.1911],[-8.3945,54.1897],[-8.3999,54.1912],[-8.4059,54.191],[-8.4058,54.1876],[-8.4014,54.1808],[-8.4038,54.1806],[-8.4026,54.1776],[-8.4076,54.1753],[-8.4074,54.1734],[-8.4221,54.1712],[-8.4193,54.1691],[-8.4194,54.1668],[-8.4207,54.1659],[-8.4301,54.1656],[-8.4394,54.1741],[-8.4501,54.1736],[-8.4477,54.17],[-8.4484,54.1671],[-8.4434,54.1645],[-8.4451,54.161],[-8.4552,54.1635],[-8.4557,54.1594],[-8.4646,54.161],[-8.4673,54.1589],[-8.4663,54.1576],[-8.4631,54.1572],[-8.463,54.1538],[-8.455,54.1493],[-8.4558,54.1473],[-8.4482,54.144],[-8.4464,54.1406],[-8.4429,54.1379],[-8.4474,54.1369],[-8.4586,54.1407],[-8.464,54.1356],[-8.4636,54.134],[-8.4737,54.1351],[-8.4787,54.1339],[-8.4782,54.133],[-8.4831,54.129],[-8.5002,54.1222],[-8.4923,54.1203],[-8.4918,54.1173],[-8.4853,54.1093],[-8.4899,54.1104],[-8.489,54.1122],[-8.5165,54.113],[-8.5183,54.118],[-8.536,54.1106],[-8.5417,54.118],[-8.5434,54.1182],[-8.5432,54.117],[-8.5448,54.1194],[-8.5528,54.1183],[-8.5545,54.1244],[-8.5573,54.1245],[-8.5579,54.1282],[-8.5524,54.1305],[-8.5495,54.127],[-8.5468,54.13],[-8.5475,54.133],[-8.5502,54.1352],[-8.5503,54.139],[-8.545,54.1406],[-8.5448,54.1451],[-8.5502,54.1442],[-8.5575,54.1488],[-8.5619,54.1459],[-8.563,54.148],[-8.5656,54.1476],[-8.5656,54.1431],[-8.5633,54.1395],[-8.5638,54.1375],[-8.5746,54.1345],[-8.5791,54.1352],[-8.5783,54.1367],[-8.5796,54.1388],[-8.5854,54.137],[-8.589,54.1439],[-8.5994,54.1433],[-8.6016,54.1418],[-8.6035,54.137],[-8.5998,54.1358],[-8.5934,54.1383],[-8.5923,54.1357],[-8.596,54.1333],[-8.6152,54.1297],[-8.6197,54.127],[-8.6176,54.1259],[-8.6218,54.1227],[-8.6215,54.1214],[-8.6183,54.12],[-8.6209,54.1196],[-8.6223,54.1163],[-8.6204,54.1146],[-8.6264,54.1092],[-8.635,54.1127],[-8.6423,54.1125],[-8.6427,54.1141],[-8.6458,54.1155],[-8.6509,54.1163],[-8.6525,54.1149],[-8.6663,54.116],[-8.676,54.118],[-8.6777,54.1161],[-8.6818,54.1154],[-8.6878,54.1118],[-8.6939,54.112],[-8.7001,54.1105],[-8.7022,54.1131],[-8.7012,54.116],[-8.7025,54.1192],[-8.7051,54.1219],[-8.7005,54.1243],[-8.6992,54.1279],[-8.7019,54.1304],[-8.7059,54.1287],[-8.7061,54.1271],[-8.7163,54.1252],[-8.7218,54.1292],[-8.7239,54.1309],[-8.7227,54.1331],[-8.7326,54.1375],[-8.7585,54.1569],[-8.7673,54.1771],[-8.7827,54.1778],[-8.8103,54.1666],[-8.822,54.1796],[-8.8301,54.1828],[-8.8294,54.1842],[-8.8311,54.185],[-8.8353,54.1968],[-8.8351,54.2049],[-8.8365,54.2076],[-8.8419,54.2074],[-8.8421,54.2099],[-8.8468,54.2162],[-8.8466,54.2188],[-8.8486,54.2224],[-8.8543,54.2307],[-8.8575,54.2321],[-8.8534,54.2366],[-8.851,54.237],[-8.8504,54.2388],[-8.846,54.2405],[-8.8514,54.2477],[-8.8502,54.2476],[-8.8507,54.2489],[-8.8417,54.2512],[-8.8431,54.2536],[-8.8428,54.257],[-8.8264,54.2528],[-8.815,54.2548],[-8.8128,54.2583],[-8.8048,54.2573],[-8.7933,54.2612],[-8.792,54.2641],[-8.7888,54.2651],[-8.7901,54.2657],[-8.7858,54.2664],[-8.7869,54.2682],[-8.784,54.2721],[-8.7803,54.2724],[-8.7733,54.277],[-8.7582,54.2792],[-8.7538,54.2773],[-8.7561,54.2689],[-8.751,54.2676],[-8.7412,54.2676],[-8.726,54.2628],[-8.711,54.2668],[-8.7007,54.2675],[-8.697,54.2705],[-8.6867,54.2728],[-8.6798,54.2731],[-8.6692,54.2714],[-8.6629,54.2722],[-8.6572,54.2708],[-8.6497,54.2652],[-8.6499,54.2627],[-8.6453,54.2608],[-8.6439,54.259],[-8.6444,54.2578],[-8.6397,54.2539],[-8.6282,54.2481],[-8.628,54.2472],[-8.6296,54.2471],[-8.6325,54.2501],[-8.6346,54.2501],[-8.6362,54.2466],[-8.6274,54.2453],[-8.6321,54.2451],[-8.6349,54.2434],[-8.6349,54.2401],[-8.6368,54.2386],[-8.633,54.2406],[-8.6318,54.243],[-8.6256,54.2422],[-8.6281,54.2378],[-8.6165,54.2348],[-8.6147,54.2353],[-8.6122,54.2339],[-8.6138,54.2329],[-8.6114,54.2323],[-8.6118,54.2311],[-8.613,54.2325],[-8.6119,54.2306],[-8.6099,54.232],[-8.6067,54.2307],[-8.6067,54.2293],[-8.6049,54.2298],[-8.6056,54.2275],[-8.6044,54.2228],[-8.5903,54.2233],[-8.5919,54.2222],[-8.5877,54.2095],[-8.5842,54.2076],[-8.58,54.2073],[-8.5749,54.2089],[-8.5751,54.2113],[-8.5732,54.2119],[-8.5763,54.2153],[-8.5758,54.2162],[-8.5766,54.2162],[-8.5775,54.2168],[-8.5697,54.2172],[-8.5645,54.216],[-8.5474,54.2183],[-8.5372,54.2153],[-8.515,54.2163],[-8.5119,54.2142],[-8.513,54.2156],[-8.5082,54.217],[-8.5056,54.2193],[-8.5108,54.2198],[-8.5121,54.2187],[-8.5156,54.2217],[-8.5214,54.2205],[-8.5229,54.2219],[-8.5304,54.2223],[-8.5337,54.2269],[-8.5315,54.2292],[-8.5325,54.2295],[-8.5371,54.2283],[-8.5355,54.2224],[-8.5368,54.2234],[-8.5378,54.2219],[-8.5404,54.2227],[-8.5408,54.2213],[-8.5459,54.2236],[-8.5411,54.2241],[-8.5415,54.2252],[-8.546,54.2256],[-8.5421,54.227],[-8.5447,54.2302],[-8.5499,54.2309],[-8.5643,54.2297],[-8.5646,54.2311],[-8.5731,54.2327],[-8.5745,54.2357],[-8.5719,54.2351],[-8.5748,54.2392],[-8.572,54.2396],[-8.5733,54.2415],[-8.5775,54.2432],[-8.5769,54.244],[-8.5792,54.2439],[-8.5787,54.245],[-8.5808,54.2463],[-8.5858,54.2462],[-8.5866,54.2506],[-8.5905,54.2534],[-8.6004,54.2532],[-8.5987,54.2553],[-8.6034,54.2611],[-8.6181,54.2594],[-8.6173,54.2574],[-8.6211,54.2546],[-8.6195,54.2543],[-8.6202,54.2531],[-8.6239,54.254],[-8.6244,54.2576],[-8.6224,54.2615],[-8.6108,54.2694],[-8.6069,54.2738],[-8.6071,54.2789],[-8.6118,54.2835],[-8.6083,54.2871],[-8.6133,54.2876],[-8.6088,54.2883],[-8.6034,54.287],[-8.599,54.2999],[-8.5925,54.3057],[-8.5842,54.304],[-8.5767,54.3003],[-8.5769,54.3066],[-8.573,54.308],[-8.5729,54.3103],[-8.5717,54.3103],[-8.571,54.3123],[-8.5724,54.3175],[-8.5716,54.3178],[-8.5762,54.3201],[-8.5733,54.3224],[-8.5682,54.323],[-8.5666,54.3247],[-8.5663,54.3268],[-8.5692,54.3308],[-8.5696,54.3338],[-8.5662,54.3377],[-8.565,54.3376],[-8.5657,54.3335],[-8.5622,54.3298],[-8.562,54.3275],[-8.5586,54.3227],[-8.53,54.315],[-8.5152,54.314],[-8.5076,54.3155],[-8.5004,54.3215],[-8.5013,54.3222],[-8.5004,54.3231],[-8.5087,54.3256],[-8.5094,54.3282],[-8.5078,54.3287],[-8.5035,54.3278],[-8.5009,54.3283],[-8.5089,54.3296],[-8.5111,54.3279],[-8.5152,54.328],[-8.5355,54.3328],[-8.5365,54.3313],[-8.5413,54.3306],[-8.5441,54.3287],[-8.5474,54.332],[-8.5504,54.3326],[-8.5446,54.3334],[-8.5391,54.3366],[-8.5359,54.3355],[-8.5378,54.3376],[-8.5372,54.3368],[-8.5484,54.3377],[-8.5544,54.342],[-8.5715,54.342],[-8.5772,54.3441],[-8.5869,54.3424],[-8.5935,54.3431],[-8.5984,54.3419],[-8.5982,54.3407],[-8.6023,54.3386],[-8.6144,54.3381],[-8.6167,54.3355],[-8.6204,54.3346],[-8.634,54.3354],[-8.6435,54.3335],[-8.6471,54.3311],[-8.6431,54.3269],[-8.6428,54.3231],[-8.644,54.3228],[-8.6417,54.3229],[-8.6422,54.3212],[-8.6564,54.3241],[-8.6583,54.326],[-8.6579,54.3281],[-8.6551,54.3293],[-8.6559,54.3294],[-8.6553,54.3301],[-8.6502,54.3295],[-8.648,54.3314],[-8.6514,54.3332],[-8.6483,54.3342],[-8.6489,54.3361],[-8.6527,54.3404],[-8.6574,54.3432],[-8.6659,54.3459],[-8.6802,54.3395],[-8.6981,54.3417],[-8.6958,54.3492],[-8.6749,54.3494],[-8.6698,54.3506],[-8.6698,54.3535],[-8.6727,54.3556],[-8.6765,54.355],[-8.6787,54.356],[-8.6819,54.3548],[-8.6786,54.3577],[-8.6744,54.3585],[-8.6747,54.3569],[-8.6725,54.3573],[-8.672,54.3604],[-8.6734,54.3614],[-8.6798,54.3598],[-8.6734,54.3635],[-8.67,54.3647],[-8.6679,54.3624],[-8.6641,54.3626],[-8.6598,54.3658],[-8.6524,54.367],[-8.6503,54.3686],[-8.6407,54.3712],[-8.6356,54.3694],[-8.6314,54.3707],[-8.6272,54.3682],[-8.6254,54.3684],[-8.622,54.3707],[-8.6217,54.3754],[-8.6189,54.3792],[-8.614,54.381],[-8.6055,54.3818],[-8.5991,54.3845],[-8.5924,54.3848],[-8.5819,54.3909],[-8.5731,54.3909],[-8.5694,54.3931],[-8.5712,54.3962],[-8.5692,54.396],[-8.5711,54.3965],[-8.5701,54.3973],[-8.5858,54.3972],[-8.586,54.4151],[-8.6324,54.4149],[-8.679,54.4237],[-8.6793,54.4417],[-8.4683,54.4426],[-8.4697,54.4482],[-8.4734,54.4488],[-8.4758,54.4523],[-8.4806,54.4515],[-8.4866,54.4537],[-8.4763,54.4538],[-8.4748,54.4548],[-8.4756,54.4574],[-8.4733,54.4605],[-8.4713,54.4593],[-8.4697,54.4611],[-8.4652,54.4614],[-8.4699,54.4661],[-8.4692,54.4695],[-8.4546,54.473],[-8.4489,54.471],[-8.4471,54.4692],[-8.4469,54.4661],[-8.4457,54.4657],[-8.4478,54.4664],[-8.45,54.464],[-8.4475,54.4655],[-8.449,54.4636],[-8.451,54.4635],[-8.4523,54.4615],[-8.4468,54.4574],[-8.4403,54.455],[-8.4394,54.4533],[-8.4413,54.4523],[-8.4391,54.4531],[-8.4387,54.4549],[-8.4169,54.456],[-8.4016,54.4633],[-8.383,54.4656],[-8.378,54.4592],[-8.3789,54.4571],[-8.3746,54.4572],[-8.3722,54.4555],[-8.3731,54.4503],[-8.3787,54.4516],[-8.4019,54.4459],[-8.4094,54.4401],[-8.4083,54.4307],[-8.4196,54.4268],[-8.4276,54.4211],[-8.4218,54.4182],[-8.4198,54.4149],[-8.4148,54.4143],[-8.4083,54.4166],[-8.4036,54.4164],[-8.3946,54.4185],[-8.3928,54.4204],[-8.3981,54.4271],[-8.3951,54.428],[-8.3908,54.4283],[-8.3814,54.4259],[-8.3793,54.4265],[-8.372,54.4226],[-8.3641,54.4219],[-8.3535,54.4242],[-8.3513,54.4238],[-8.3512,54.4226],[-8.3444,54.4213],[-8.3455,54.4197],[-8.348,54.4196],[-8.3459,54.4174],[-8.3498,54.4151],[-8.3463,54.4122],[-8.3488,54.405],[-8.3591,54.3964],[-8.3603,54.3873],[-8.3666,54.3746],[-8.3651,54.372],[-8.3748,54.367],[-8.3823,54.3648],[-8.3869,54.3615],[-8.3935,54.3598],[-8.3994,54.36],[-8.3918,54.3501],[-8.3932,54.348],[-8.3916,54.3449],[-8.3926,54.3426],[-8.3903,54.3388],[-8.391,54.3345],[-8.3861,54.3289],[-8.3869,54.3247],[-8.3898,54.3203],[-8.3816,54.3156],[-8.3751,54.316],[-8.3761,54.3138],[-8.3629,54.3143],[-8.3545,54.3125],[-8.3541,54.3076],[-8.3493,54.3059],[-8.3481,54.3037],[-8.3462,54.2986],[-8.3453,54.2857],[-8.343,54.2848],[-8.3436,54.2802],[-8.3468,54.2744],[-8.3451,54.2676],[-8.3314,54.2639],[-8.3302,54.2618],[-8.3282,54.2612],[-8.3298,54.258],[-8.3177,54.2597],[-8.3143,54.2596],[-8.3133,54.258]]]}},{"type":"Feature","properties":{"d":"Ballymote","c":"6270G","dv":"Donegal/Sligo & Leitrim","st":"Ballymote","hq":"Letterkenny","ad":"Lord Edward St, Ballymote, Co. Sligo","ph":"9189500","ty":"District HQ","pop":22256,"km2":1155.683},"geometry":{"type":"Polygon","coordinates":[[[-8.153,54.1016],[-8.1665,54.1014],[-8.1797,54.0864],[-8.1945,54.0875],[-8.2045,54.0849],[-8.2097,54.0857],[-8.2122,54.0842],[-8.2198,54.084],[-8.2165,54.0797],[-8.2139,54.0797],[-8.2096,54.0769],[-8.2051,54.0779],[-8.1905,54.0741],[-8.1923,54.0686],[-8.1959,54.0688],[-8.2019,54.066],[-8.1987,54.062],[-8.2003,54.0593],[-8.2024,54.0605],[-8.2185,54.0616],[-8.2282,54.06],[-8.228,54.0592],[-8.238,54.0592],[-8.2394,54.0572],[-8.238,54.0561],[-8.2385,54.0535],[-8.2368,54.052],[-8.2393,54.0487],[-8.236,54.0444],[-8.2329,54.043],[-8.2359,54.0421],[-8.2384,54.0396],[-8.247,54.0416],[-8.2509,54.0443],[-8.255,54.0503],[-8.2632,54.0533],[-8.2654,54.0498],[-8.2733,54.0491],[-8.2765,54.0467],[-8.2768,54.0449],[-8.275,54.0426],[-8.2793,54.0429],[-8.2807,54.0416],[-8.2811,54.0387],[-8.2865,54.0378],[-8.2865,54.0396],[-8.2937,54.0433],[-8.3018,54.0382],[-8.3073,54.031],[-8.3045,54.0291],[-8.3043,54.0273],[-8.3099,54.0236],[-8.3096,54.0216],[-8.3118,54.0204],[-8.3122,54.0186],[-8.3058,54.0166],[-8.3113,54.0104],[-8.3172,54.0094],[-8.3174,54.0075],[-8.3152,54.0046],[-8.346,53.9992],[-8.3655,54.0044],[-8.3751,54.0044],[-8.3768,54.0016],[-8.3758,53.9996],[-8.3826,53.9986],[-8.3918,53.9993],[-8.3945,54.0003],[-8.3946,54.0015],[-8.3979,54.0016],[-8.4009,53.9967],[-8.3877,53.9899],[-8.3879,53.9884],[-8.3847,53.9856],[-8.3857,53.9818],[-8.3885,53.9815],[-8.3905,53.9789],[-8.3871,53.9784],[-8.387,53.9732],[-8.3822,53.9725],[-8.3823,53.9714],[-8.3891,53.969],[-8.3928,53.9649],[-8.3987,53.9644],[-8.4103,53.9672],[-8.417,53.9652],[-8.425,53.9654],[-8.4228,53.9621],[-8.404,53.9606],[-8.4069,53.9577],[-8.4058,53.9566],[-8.3775,53.9519],[-8.3773,53.9494],[-8.3763,53.9492],[-8.3609,53.948],[-8.3603,53.9512],[-8.3468,53.9509],[-8.3496,53.9423],[-8.3426,53.9416],[-8.3419,53.9396],[-8.3368,53.9356],[-8.3384,53.9355],[-8.3381,53.9329],[-8.3352,53.9329],[-8.3359,53.9313],[-8.3337,53.9305],[-8.3329,53.9277],[-8.3363,53.9262],[-8.3647,53.9274],[-8.374,53.9251],[-8.3768,53.9255],[-8.3774,53.9267],[-8.3844,53.9273],[-8.3913,53.9253],[-8.405,53.9268],[-8.431,53.9269],[-8.4342,53.9287],[-8.4381,53.9277],[-8.4387,53.9263],[-8.4477,53.9256],[-8.4504,53.9196],[-8.4478,53.9151],[-8.4511,53.9134],[-8.4686,53.913],[-8.4766,53.9208],[-8.4872,53.9213],[-8.5029,53.9262],[-8.5096,53.9248],[-8.5188,53.9262],[-8.5231,53.933],[-8.5224,53.9362],[-8.5195,53.9396],[-8.5226,53.9427],[-8.5218,53.9443],[-8.5268,53.9473],[-8.5277,53.9481],[-8.5268,53.9494],[-8.5299,53.9528],[-8.537,53.9581],[-8.5428,53.9549],[-8.5512,53.9531],[-8.5679,53.9523],[-8.5733,53.9539],[-8.5851,53.9537],[-8.5898,53.9651],[-8.5942,53.9668],[-8.593,53.9764],[-8.5899,53.9797],[-8.5931,53.9885],[-8.593,53.9925],[-8.5895,53.997],[-8.5903,53.9974],[-8.5898,54.0058],[-8.5831,54.013],[-8.5984,54.0167],[-8.6071,54.0203],[-8.6071,54.0216],[-8.6184,54.0207],[-8.6238,54.0241],[-8.631,54.0256],[-8.633,54.0277],[-8.6474,54.0335],[-8.6483,54.0358],[-8.6457,54.0375],[-8.6474,54.039],[-8.6566,54.0363],[-8.6613,54.0363],[-8.6645,54.0316],[-8.6824,54.0297],[-8.6778,54.0202],[-8.6753,54.0184],[-8.6791,54.0104],[-8.681,54.0096],[-8.6818,54.0114],[-8.6913,54.0064],[-8.7011,54.0052],[-8.7064,54.0009],[-8.706,53.9967],[-8.7089,53.9916],[-8.7138,53.9878],[-8.7251,53.9876],[-8.7385,53.9947],[-8.7513,53.9827],[-8.7528,53.9834],[-8.7556,53.9822],[-8.7535,53.9774],[-8.7555,53.976],[-8.7666,53.9766],[-8.781,53.9745],[-8.7914,53.9711],[-8.8009,53.9709],[-8.8002,53.9667],[-8.8027,53.9657],[-8.8082,53.9667],[-8.8112,53.9655],[-8.8452,53.9722],[-8.849,53.971],[-8.8612,53.9805],[-8.8626,53.9804],[-8.8631,53.9857],[-8.8622,53.988],[-8.8638,53.9898],[-8.8784,53.9893],[-8.8812,53.9931],[-8.8783,53.9976],[-8.8808,53.9981],[-8.8813,54.0001],[-8.8889,54.0072],[-8.8876,54.0077],[-8.888,54.01],[-8.8832,54.0227],[-8.8953,54.0221],[-8.899,54.0191],[-8.9115,54.0161],[-8.9087,54.0138],[-8.9238,54.0089],[-8.9439,54.0092],[-8.9466,54.0131],[-8.9467,54.0162],[-8.9589,54.0238],[-8.965,54.0258],[-8.9653,54.0301],[-8.9673,54.0312],[-8.9706,54.031],[-8.9686,54.0277],[-8.9747,54.0245],[-8.9775,54.0242],[-8.981,54.0266],[-8.9839,54.0268],[-8.9955,54.0236],[-9.0031,54.0259],[-9.0046,54.0246],[-9.0113,54.024],[-9.019,54.0253],[-9.0195,54.0274],[-9.013,54.0284],[-9.013,54.03],[-9.0106,54.0309],[-9.0161,54.0338],[-9.0141,54.0381],[-9.0169,54.0407],[-9.0146,54.0428],[-9.0153,54.047],[-9.0145,54.0484],[-9.0154,54.0496],[-9.0142,54.0524],[-9.0092,54.0532],[-9.0099,54.0557],[-9.0064,54.0582],[-9.0017,54.058],[-8.9995,54.0587],[-8.998,54.0608],[-8.9921,54.0617],[-8.9911,54.0637],[-8.9876,54.0644],[-8.9832,54.0683],[-8.9756,54.0703],[-8.9715,54.0728],[-8.9655,54.0732],[-8.9665,54.0803],[-8.9702,54.086],[-8.9553,54.0894],[-8.9537,54.0933],[-8.9582,54.0977],[-8.96,54.1023],[-8.9524,54.105],[-8.9354,54.1061],[-8.9236,54.1117],[-8.917,54.118],[-8.9211,54.1235],[-8.9239,54.1254],[-8.9324,54.1256],[-8.9372,54.1271],[-8.9379,54.1283],[-8.9357,54.1314],[-8.9369,54.1318],[-8.9456,54.1322],[-8.9443,54.1334],[-8.9473,54.1384],[-8.9399,54.1386],[-8.9368,54.1431],[-8.9541,54.1448],[-8.9646,54.1483],[-8.9971,54.1502],[-9.019,54.1576],[-9.0228,54.1623],[-9.0254,54.1619],[-9.0271,54.1591],[-9.0306,54.1575],[-9.0287,54.1549],[-9.0315,54.1532],[-9.0343,54.1531],[-9.0353,54.1547],[-9.0411,54.1572],[-9.0525,54.1568],[-9.0541,54.1543],[-9.052,54.1518],[-9.0553,54.1502],[-9.0548,54.1483],[-9.0569,54.1457],[-9.056,54.1442],[-9.0574,54.1441],[-9.0559,54.1433],[-9.0566,54.1426],[-9.0633,54.1448],[-9.0763,54.1459],[-9.0803,54.1448],[-9.0845,54.146],[-9.0899,54.143],[-9.0995,54.1426],[-9.1058,54.1451],[-9.1023,54.1479],[-9.1028,54.1493],[-9.1213,54.1554],[-9.124,54.1592],[-9.1311,54.1621],[-9.1386,54.1625],[-9.1379,54.1699],[-9.1391,54.1775],[-9.1365,54.1776],[-9.1335,54.1796],[-9.1338,54.1809],[-9.1309,54.1802],[-9.1241,54.1817],[-9.1261,54.184],[-9.1248,54.1909],[-9.1267,54.1923],[-9.1273,54.196],[-9.1203,54.1994],[-9.1148,54.1985],[-9.1122,54.2002],[-9.1204,54.2021],[-9.136,54.2033],[-9.1348,54.2065],[-9.1238,54.2093],[-9.1061,54.2105],[-9.0946,54.2149],[-9.0961,54.2201],[-9.0985,54.2203],[-9.097,54.2202],[-9.0965,54.2254],[-9.0923,54.2274],[-9.0926,54.2294],[-9.0904,54.2308],[-9.089,54.2338],[-9.084,54.2356],[-9.0841,54.2373],[-9.0829,54.2374],[-9.0833,54.2386],[-9.0781,54.2442],[-9.0755,54.2495],[-9.0645,54.2616],[-9.0634,54.2669],[-9.0536,54.2738],[-9.0544,54.2774],[-9.06,54.2802],[-9.0541,54.2821],[-9.0513,54.2868],[-9.0554,54.2933],[-9.0511,54.2945],[-9.0381,54.2934],[-9.0203,54.2966],[-9.0171,54.2961],[-9.0157,54.294],[-9.0097,54.2926],[-9.0026,54.2933],[-8.9998,54.2916],[-8.9889,54.2947],[-8.973,54.2911],[-8.9695,54.2914],[-8.9649,54.2942],[-8.9618,54.2942],[-8.9591,54.2918],[-8.9595,54.2899],[-8.958,54.2922],[-8.9518,54.2918],[-8.947,54.295],[-8.9392,54.291],[-8.9352,54.2931],[-8.9313,54.2931],[-8.9333,54.2919],[-8.9323,54.2909],[-8.9279,54.2906],[-8.9194,54.2866],[-8.9114,54.2857],[-8.9054,54.283],[-8.8946,54.2726],[-8.8857,54.271],[-8.879,54.2677],[-8.8766,54.2697],[-8.8741,54.2699],[-8.8727,54.2687],[-8.8743,54.2685],[-8.8718,54.2684],[-8.8668,54.265],[-8.8652,54.2623],[-8.8568,54.2639],[-8.8562,54.2669],[-8.8537,54.2619],[-8.8488,54.2604],[-8.845,54.2574],[-8.8442,54.2583],[-8.8442,54.2572],[-8.8428,54.257],[-8.8431,54.2536],[-8.8417,54.2512],[-8.8507,54.2489],[-8.8502,54.2476],[-8.8514,54.2477],[-8.846,54.2405],[-8.8504,54.2388],[-8.851,54.237],[-8.8534,54.2366],[-8.8575,54.2321],[-8.8543,54.2307],[-8.8486,54.2224],[-8.8466,54.2188],[-8.8468,54.2162],[-8.8421,54.2099],[-8.8419,54.2074],[-8.8365,54.2076],[-8.8351,54.2049],[-8.8353,54.1968],[-8.8311,54.185],[-8.8294,54.1842],[-8.8301,54.1828],[-8.822,54.1796],[-8.8103,54.1666],[-8.7827,54.1778],[-8.7673,54.1771],[-8.7585,54.1569],[-8.7326,54.1375],[-8.7227,54.1331],[-8.7239,54.1309],[-8.7218,54.1292],[-8.7163,54.1252],[-8.7061,54.1271],[-8.7059,54.1287],[-8.7019,54.1304],[-8.6992,54.1279],[-8.7005,54.1243],[-8.7051,54.1219],[-8.7025,54.1192],[-8.7012,54.116],[-8.7022,54.1131],[-8.7001,54.1105],[-8.6939,54.112],[-8.6878,54.1118],[-8.6818,54.1154],[-8.6777,54.1161],[-8.676,54.118],[-8.6663,54.116],[-8.6525,54.1149],[-8.6509,54.1163],[-8.6458,54.1155],[-8.6427,54.1141],[-8.6423,54.1125],[-8.635,54.1127],[-8.6264,54.1092],[-8.6204,54.1146],[-8.6223,54.1163],[-8.6209,54.1196],[-8.6183,54.12],[-8.6215,54.1214],[-8.6218,54.1227],[-8.6176,54.1259],[-8.6197,54.127],[-8.6152,54.1297],[-8.596,54.1333],[-8.5923,54.1357],[-8.5934,54.1383],[-8.5998,54.1358],[-8.6035,54.137],[-8.6016,54.1418],[-8.5994,54.1433],[-8.589,54.1439],[-8.5854,54.137],[-8.5796,54.1388],[-8.5783,54.1367],[-8.5791,54.1352],[-8.5746,54.1345],[-8.5638,54.1375],[-8.5633,54.1395],[-8.5656,54.1431],[-8.5656,54.1476],[-8.563,54.148],[-8.5619,54.1459],[-8.5575,54.1488],[-8.5502,54.1442],[-8.5448,54.1451],[-8.545,54.1406],[-8.5503,54.139],[-8.5502,54.1352],[-8.5475,54.133],[-8.5468,54.13],[-8.5495,54.127],[-8.5524,54.1305],[-8.5579,54.1282],[-8.5573,54.1245],[-8.5545,54.1244],[-8.5528,54.1183],[-8.5448,54.1194],[-8.5432,54.117],[-8.5434,54.1182],[-8.5417,54.118],[-8.536,54.1106],[-8.5183,54.118],[-8.5165,54.113],[-8.489,54.1122],[-8.4899,54.1104],[-8.4853,54.1093],[-8.4918,54.1173],[-8.4923,54.1203],[-8.5002,54.1222],[-8.4831,54.129],[-8.4782,54.133],[-8.4787,54.1339],[-8.4737,54.1351],[-8.4636,54.134],[-8.464,54.1356],[-8.4586,54.1407],[-8.4474,54.1369],[-8.4429,54.1379],[-8.4464,54.1406],[-8.4482,54.144],[-8.4558,54.1473],[-8.455,54.1493],[-8.463,54.1538],[-8.4631,54.1572],[-8.4663,54.1576],[-8.4673,54.1589],[-8.4646,54.161],[-8.4557,54.1594],[-8.4552,54.1635],[-8.4451,54.161],[-8.4434,54.1645],[-8.4484,54.1671],[-8.4477,54.17],[-8.4501,54.1736],[-8.4394,54.1741],[-8.4301,54.1656],[-8.4207,54.1659],[-8.4194,54.1668],[-8.4193,54.1691],[-8.4221,54.1712],[-8.4074,54.1734],[-8.4076,54.1753],[-8.4026,54.1776],[-8.4038,54.1806],[-8.4014,54.1808],[-8.4058,54.1876],[-8.4059,54.191],[-8.3999,54.1912],[-8.3945,54.1897],[-8.3897,54.1911],[-8.3672,54.1865],[-8.3626,54.1871],[-8.3615,54.1897],[-8.3584,54.1908],[-8.3441,54.1912],[-8.3389,54.1943],[-8.3354,54.195],[-8.3328,54.1919],[-8.3218,54.1894],[-8.3184,54.1899],[-8.3163,54.1883],[-8.3208,54.1811],[-8.3302,54.1767],[-8.3306,54.175],[-8.3284,54.1733],[-8.3232,54.175],[-8.321,54.1741],[-8.3184,54.1695],[-8.3137,54.1671],[-8.3035,54.1671],[-8.2813,54.1526],[-8.2608,54.1532],[-8.2596,54.154],[-8.2603,54.157],[-8.2534,54.1567],[-8.2512,54.1593],[-8.2384,54.155],[-8.2274,54.1547],[-8.2206,54.149],[-8.2211,54.1467],[-8.2173,54.1452],[-8.216,54.1404],[-8.2033,54.1341],[-8.1992,54.1346],[-8.1958,54.1335],[-8.1914,54.1302],[-8.1901,54.1288],[-8.191,54.1282],[-8.1904,54.127],[-8.1862,54.1236],[-8.1816,54.1218],[-8.1816,54.1204],[-8.18,54.1194],[-8.1806,54.1178],[-8.1757,54.1149],[-8.1757,54.1135],[-8.1723,54.1117],[-8.1678,54.1121],[-8.1677,54.1108],[-8.1635,54.109],[-8.1626,54.1066],[-8.153,54.1016]]]}},{"type":"Feature","properties":{"d":"Castlerea","c":"5770C","dv":"Mayo & Roscommon/Longford","st":"Castlerea","hq":"Castlebar","ad":"Barrack Street, Castlerea, Co. Roscommon","ph":"9621630","ty":"District HQ","pop":33038,"km2":1604.545},"geometry":{"type":"Polygon","coordinates":[[[-7.876,53.7773],[-7.8805,53.7761],[-7.8835,53.7715],[-7.882,53.7671],[-7.8866,53.7626],[-7.886,53.7605],[-7.8871,53.7587],[-7.8984,53.7563],[-7.9065,53.7522],[-7.9084,53.7493],[-7.9175,53.747],[-7.9181,53.7381],[-7.9171,53.7359],[-7.9186,53.735],[-7.9273,53.7331],[-7.9318,53.7338],[-7.9391,53.7384],[-7.9454,53.7383],[-7.9472,53.7372],[-7.9476,53.7354],[-7.9445,53.728],[-7.9449,53.7251],[-7.9488,53.7167],[-7.9489,53.714],[-7.951,53.7117],[-7.954,53.7104],[-7.9663,53.7104],[-7.9749,53.7035],[-7.9889,53.7078],[-7.9946,53.7079],[-8.0237,53.7137],[-8.0279,53.7071],[-8.0255,53.7064],[-8.0249,53.7005],[-8.0264,53.697],[-8.0294,53.6977],[-8.03,53.6945],[-8.0489,53.7055],[-8.0572,53.7016],[-8.0601,53.7032],[-8.0644,53.699],[-8.0632,53.6967],[-8.0666,53.6963],[-8.0697,53.6941],[-8.0746,53.7002],[-8.0748,53.7026],[-8.0823,53.7045],[-8.082,53.706],[-8.0856,53.7078],[-8.0949,53.7089],[-8.1023,53.7122],[-8.1042,53.7104],[-8.1174,53.7114],[-8.1227,53.7182],[-8.1253,53.7173],[-8.1277,53.7144],[-8.1312,53.7136],[-8.1341,53.7141],[-8.1363,53.7203],[-8.1578,53.7199],[-8.1605,53.7188],[-8.1662,53.7209],[-8.1683,53.7191],[-8.1848,53.7176],[-8.188,53.7156],[-8.1966,53.7138],[-8.1989,53.7149],[-8.2066,53.7121],[-8.2027,53.7078],[-8.2059,53.7069],[-8.2196,53.705],[-8.2264,53.7061],[-8.2311,53.7044],[-8.2434,53.7075],[-8.2464,53.7096],[-8.255,53.7079],[-8.2588,53.7063],[-8.2512,53.6953],[-8.2451,53.6934],[-8.2452,53.6913],[-8.2436,53.689],[-8.2507,53.6865],[-8.2583,53.6874],[-8.271,53.6853],[-8.2715,53.6842],[-8.2695,53.6834],[-8.2715,53.6813],[-8.2734,53.6812],[-8.2736,53.6773],[-8.2761,53.6773],[-8.2802,53.6732],[-8.2954,53.6678],[-8.3103,53.6736],[-8.3178,53.6704],[-8.325,53.6717],[-8.3243,53.6699],[-8.3335,53.6695],[-8.3329,53.668],[-8.3373,53.6673],[-8.3372,53.6657],[-8.3427,53.6659],[-8.3488,53.668],[-8.3529,53.6673],[-8.354,53.6724],[-8.3593,53.6721],[-8.3724,53.6758],[-8.3799,53.6765],[-8.3841,53.6745],[-8.3831,53.6719],[-8.3848,53.671],[-8.4033,53.6714],[-8.4039,53.6662],[-8.4063,53.6654],[-8.4112,53.6671],[-8.4157,53.6667],[-8.4253,53.6708],[-8.4281,53.6702],[-8.4277,53.6711],[-8.4331,53.6734],[-8.4356,53.6767],[-8.4374,53.677],[-8.4361,53.681],[-8.4338,53.6818],[-8.4383,53.6844],[-8.4467,53.6865],[-8.4472,53.6877],[-8.4441,53.6916],[-8.4582,53.6969],[-8.4594,53.7001],[-8.4544,53.7],[-8.4489,53.6979],[-8.4445,53.7024],[-8.4419,53.7033],[-8.4526,53.7058],[-8.453,53.7083],[-8.4585,53.7106],[-8.458,53.7115],[-8.4672,53.7151],[-8.4882,53.7158],[-8.5198,53.7123],[-8.5345,53.7189],[-8.5339,53.7163],[-8.5507,53.7187],[-8.5594,53.7159],[-8.5685,53.7166],[-8.5737,53.7189],[-8.5828,53.7138],[-8.5811,53.7086],[-8.6043,53.7105],[-8.6066,53.7088],[-8.6056,53.7075],[-8.6088,53.706],[-8.6135,53.7051],[-8.6198,53.706],[-8.6348,53.7042],[-8.6336,53.7008],[-8.6344,53.6997],[-8.6453,53.694],[-8.6411,53.6892],[-8.641,53.6858],[-8.6508,53.683],[-8.6555,53.6789],[-8.6555,53.6769],[-8.659,53.6758],[-8.666,53.6747],[-8.6732,53.6752],[-8.6938,53.6715],[-8.7132,53.6659],[-8.7234,53.6651],[-8.7247,53.6697],[-8.7291,53.6712],[-8.7338,53.6658],[-8.74,53.6626],[-8.7451,53.662],[-8.7496,53.6625],[-8.7558,53.6659],[-8.7614,53.6639],[-8.769,53.6641],[-8.7735,53.6664],[-8.7779,53.6652],[-8.7858,53.6587],[-8.7943,53.657],[-8.8009,53.6573],[-8.8149,53.662],[-8.8191,53.6659],[-8.8237,53.6657],[-8.8137,53.6694],[-8.8127,53.6719],[-8.8069,53.6748],[-8.807,53.6768],[-8.8056,53.6776],[-8.8066,53.679],[-8.8017,53.6817],[-8.7979,53.6896],[-8.7914,53.6962],[-8.7862,53.6956],[-8.7851,53.6924],[-8.7802,53.6912],[-8.776,53.6881],[-8.7717,53.6902],[-8.7669,53.6895],[-8.7593,53.6909],[-8.7563,53.6929],[-8.7608,53.6969],[-8.7577,53.6976],[-8.7561,53.7008],[-8.7503,53.7007],[-8.7465,53.7036],[-8.7291,53.7065],[-8.7286,53.7084],[-8.7262,53.7099],[-8.7206,53.71],[-8.7168,53.7122],[-8.7129,53.7121],[-8.7122,53.7141],[-8.7136,53.7142],[-8.7145,53.7247],[-8.7098,53.7235],[-8.7075,53.7247],[-8.6933,53.724],[-8.6965,53.7305],[-8.7006,53.7337],[-8.6965,53.7362],[-8.6948,53.7396],[-8.69,53.7396],[-8.6912,53.7427],[-8.6893,53.7449],[-8.6844,53.7455],[-8.6849,53.7489],[-8.6801,53.7532],[-8.6805,53.7562],[-8.682,53.7575],[-8.6802,53.7602],[-8.6806,53.7641],[-8.683,53.7643],[-8.6843,53.7666],[-8.6759,53.7709],[-8.6729,53.7708],[-8.6692,53.7726],[-8.6677,53.776],[-8.6662,53.7765],[-8.6726,53.7781],[-8.6759,53.7776],[-8.6801,53.7799],[-8.6892,53.7882],[-8.6863,53.793],[-8.6939,53.7982],[-8.6951,53.7968],[-8.6997,53.7962],[-8.7051,53.7973],[-8.7091,53.8022],[-8.7185,53.8027],[-8.7332,53.8063],[-8.7394,53.8099],[-8.7281,53.8151],[-8.7254,53.8138],[-8.7156,53.8172],[-8.7155,53.8195],[-8.723,53.8244],[-8.722,53.8273],[-8.7154,53.828],[-8.7141,53.8293],[-8.7154,53.8307],[-8.7131,53.8301],[-8.7113,53.8319],[-8.7139,53.8347],[-8.7181,53.8356],[-8.7147,53.8376],[-8.7173,53.8389],[-8.7178,53.8398],[-8.7164,53.8405],[-8.7178,53.8431],[-8.7212,53.8443],[-8.7237,53.8471],[-8.7212,53.8485],[-8.7109,53.8469],[-8.7081,53.8501],[-8.6982,53.85],[-8.6945,53.8538],[-8.6973,53.8549],[-8.6952,53.8555],[-8.6943,53.8624],[-8.6995,53.8632],[-8.7015,53.8667],[-8.7007,53.8675],[-8.7024,53.8683],[-8.7013,53.8694],[-8.7035,53.8722],[-8.7057,53.873],[-8.7047,53.8741],[-8.6825,53.8734],[-8.6768,53.877],[-8.6477,53.8654],[-8.644,53.867],[-8.6388,53.8669],[-8.6354,53.8687],[-8.6353,53.8709],[-8.6382,53.8727],[-8.6374,53.8771],[-8.6306,53.878],[-8.6298,53.8798],[-8.6308,53.8805],[-8.6268,53.8819],[-8.624,53.8809],[-8.6206,53.8817],[-8.6259,53.8846],[-8.6265,53.8862],[-8.6366,53.8895],[-8.6372,53.8909],[-8.6342,53.8919],[-8.6332,53.8992],[-8.6394,53.9018],[-8.6474,53.9017],[-8.6617,53.906],[-8.6669,53.9089],[-8.6679,53.912],[-8.6855,53.9188],[-8.6806,53.9232],[-8.687,53.9249],[-8.6784,53.9428],[-8.6816,53.9475],[-8.6725,53.9466],[-8.6668,53.948],[-8.6684,53.9495],[-8.6762,53.9504],[-8.685,53.9546],[-8.6864,53.957],[-8.6858,53.9586],[-8.6917,53.962],[-8.6911,53.9632],[-8.6853,53.9648],[-8.6831,53.9688],[-8.6801,53.9708],[-8.6776,53.9697],[-8.6667,53.9749],[-8.6637,53.9708],[-8.651,53.966],[-8.6077,53.9551],[-8.6039,53.952],[-8.5988,53.9501],[-8.5969,53.9543],[-8.6004,53.9583],[-8.5862,53.9548],[-8.5855,53.9538],[-8.5733,53.9539],[-8.5679,53.9523],[-8.5512,53.9531],[-8.5428,53.9549],[-8.537,53.9581],[-8.5299,53.9528],[-8.5268,53.9494],[-8.5277,53.9481],[-8.5268,53.9473],[-8.5218,53.9443],[-8.5226,53.9427],[-8.5195,53.9396],[-8.5224,53.9362],[-8.5231,53.933],[-8.5188,53.9262],[-8.5096,53.9248],[-8.5029,53.9262],[-8.4872,53.9213],[-8.4766,53.9208],[-8.4686,53.913],[-8.4511,53.9134],[-8.4478,53.9151],[-8.4504,53.9196],[-8.4477,53.9256],[-8.4387,53.9263],[-8.4381,53.9277],[-8.4342,53.9287],[-8.431,53.9269],[-8.405,53.9268],[-8.3913,53.9253],[-8.3844,53.9273],[-8.3774,53.9267],[-8.3768,53.9255],[-8.374,53.9251],[-8.3647,53.9274],[-8.3363,53.9262],[-8.3329,53.9277],[-8.3337,53.9305],[-8.3359,53.9313],[-8.3352,53.9329],[-8.3381,53.9329],[-8.3384,53.9355],[-8.3368,53.9356],[-8.3419,53.9396],[-8.3426,53.9416],[-8.3496,53.9423],[-8.3468,53.9509],[-8.3603,53.9512],[-8.3609,53.948],[-8.3763,53.9492],[-8.3773,53.9494],[-8.3775,53.9519],[-8.4058,53.9566],[-8.4069,53.9577],[-8.404,53.9606],[-8.4228,53.9621],[-8.425,53.9654],[-8.417,53.9652],[-8.4103,53.9672],[-8.3987,53.9644],[-8.3928,53.9649],[-8.3891,53.969],[-8.3823,53.9714],[-8.3822,53.9725],[-8.387,53.9732],[-8.3871,53.9784],[-8.3905,53.9789],[-8.3885,53.9815],[-8.3857,53.9818],[-8.3847,53.9856],[-8.3879,53.9884],[-8.3877,53.9899],[-8.4009,53.9967],[-8.3979,54.0016],[-8.3946,54.0015],[-8.3945,54.0003],[-8.3918,53.9993],[-8.3826,53.9986],[-8.3758,53.9996],[-8.3768,54.0016],[-8.3751,54.0044],[-8.3655,54.0044],[-8.346,53.9992],[-8.3152,54.0046],[-8.3174,54.0075],[-8.3172,54.0094],[-8.3113,54.0104],[-8.3058,54.0166],[-8.3122,54.0186],[-8.3118,54.0204],[-8.3096,54.0216],[-8.3099,54.0236],[-8.3043,54.0273],[-8.3045,54.0291],[-8.3073,54.031],[-8.3018,54.0382],[-8.2937,54.0433],[-8.2865,54.0396],[-8.2865,54.0378],[-8.2811,54.0387],[-8.2807,54.0416],[-8.2793,54.0429],[-8.275,54.0426],[-8.2768,54.0449],[-8.2765,54.0467],[-8.2733,54.0491],[-8.2654,54.0498],[-8.2632,54.0533],[-8.255,54.0503],[-8.2509,54.0443],[-8.247,54.0416],[-8.2384,54.0396],[-8.2359,54.0421],[-8.2329,54.043],[-8.236,54.0444],[-8.2393,54.0487],[-8.2368,54.052],[-8.2385,54.0535],[-8.238,54.0561],[-8.2394,54.0572],[-8.238,54.0592],[-8.228,54.0592],[-8.2282,54.06],[-8.2185,54.0616],[-8.2024,54.0605],[-8.2003,54.0593],[-8.1987,54.062],[-8.2019,54.066],[-8.1959,54.0688],[-8.1923,54.0686],[-8.1905,54.0741],[-8.2051,54.0779],[-8.2096,54.0769],[-8.2139,54.0797],[-8.2165,54.0797],[-8.2198,54.084],[-8.2122,54.0842],[-8.2097,54.0857],[-8.2045,54.0849],[-8.1945,54.0875],[-8.1797,54.0864],[-8.1665,54.1014],[-8.153,54.1016],[-8.1626,54.1066],[-8.1635,54.109],[-8.162,54.1097],[-8.1626,54.1114],[-8.1614,54.1124],[-8.1539,54.1158],[-8.1481,54.1252],[-8.1407,54.1238],[-8.1348,54.1198],[-8.1255,54.1201],[-8.1181,54.1159],[-8.1111,54.1143],[-8.1055,54.109],[-8.0959,54.109],[-8.0922,54.1077],[-8.0855,54.1097],[-8.0837,54.1086],[-8.0832,54.1058],[-8.0792,54.1046],[-8.0774,54.1058],[-8.0717,54.1046],[-8.0529,54.1046],[-8.0569,54.0783],[-8.0475,54.0717],[-8.0496,54.0693],[-8.0545,54.0671],[-8.0594,54.0618],[-8.0606,54.0583],[-8.0674,54.0552],[-8.0707,54.0513],[-8.0749,54.0513],[-8.0749,54.0527],[-8.0766,54.0535],[-8.0799,54.0529],[-8.0784,54.0511],[-8.0789,54.0489],[-8.0915,54.0338],[-8.0893,54.0302],[-8.0912,54.0262],[-8.0879,54.0224],[-8.0887,54.0211],[-8.0875,54.0175],[-8.0855,54.0157],[-8.0854,54.0112],[-8.0798,54.0091],[-8.0774,54.0045],[-8.0789,54.0001],[-8.0766,53.9985],[-8.0796,53.9939],[-8.0786,53.9911],[-8.072,53.9885],[-8.0692,53.9886],[-8.0687,53.9866],[-8.0717,53.9848],[-8.072,53.9808],[-8.078,53.9761],[-8.0901,53.976],[-8.0912,53.9726],[-8.0947,53.9691],[-8.0952,53.9648],[-8.1027,53.963],[-8.1153,53.9539],[-8.1136,53.9512],[-8.1069,53.9509],[-8.1004,53.9487],[-8.0994,53.9469],[-8.1009,53.9435],[-8.108,53.9429],[-8.1196,53.9452],[-8.1224,53.9444],[-8.1264,53.94],[-8.1168,53.9389],[-8.1229,53.9355],[-8.1244,53.9334],[-8.1192,53.9293],[-8.1083,53.9329],[-8.1063,53.9346],[-8.1017,53.9339],[-8.0941,53.9363],[-8.0923,53.9386],[-8.0953,53.9397],[-8.093,53.9408],[-8.0959,53.9428],[-8.0909,53.9418],[-8.0842,53.9424],[-8.0819,53.9388],[-8.0831,53.936],[-8.0857,53.9339],[-8.0926,53.9316],[-8.0935,53.9302],[-8.0889,53.9281],[-8.0851,53.9231],[-8.0859,53.9212],[-8.0846,53.9199],[-8.073,53.9238],[-8.0739,53.9186],[-8.0685,53.9174],[-8.0651,53.9147],[-8.064,53.911],[-8.0618,53.9096],[-8.0493,53.9124],[-8.0483,53.9143],[-8.0298,53.9222],[-8.0262,53.9271],[-8.0329,53.9302],[-8.0317,53.9331],[-8.0247,53.9359],[-8.0186,53.9338],[-8.0102,53.933],[-8.0129,53.931],[-8.0128,53.9268],[-8.0107,53.924],[-8.0048,53.9194],[-8.0017,53.9196],[-7.999,53.9222],[-7.9941,53.9218],[-7.9895,53.9157],[-7.9894,53.9129],[-7.9912,53.9113],[-7.9937,53.9043],[-7.9915,53.9013],[-7.9878,53.8997],[-7.9885,53.8966],[-7.9817,53.8928],[-7.977,53.8879],[-7.9815,53.8843],[-7.9774,53.8779],[-7.9775,53.8755],[-7.9812,53.8698],[-7.9765,53.8657],[-7.9614,53.867],[-7.9568,53.864],[-7.9533,53.8581],[-7.9466,53.8551],[-7.9437,53.8498],[-7.9404,53.8475],[-7.9288,53.8502],[-7.9246,53.8462],[-7.9236,53.8412],[-7.9192,53.8384],[-7.918,53.828],[-7.9209,53.8248],[-7.9176,53.8187],[-7.9107,53.8103],[-7.9098,53.7948],[-7.9048,53.791],[-7.8941,53.7862],[-7.8812,53.7857],[-7.876,53.7773]]]}},{"type":"Feature","properties":{"d":"Claremorris","c":"6070D","dv":"Mayo & Roscommon/Longford","st":"Claremorris","hq":"Castlebar","ad":"Mount St, Claremorris","ph":"9372080","ty":"District HQ","pop":41383,"km2":1410.816},"geometry":{"type":"Polygon","coordinates":[[[-8.5831,54.013],[-8.5898,54.0058],[-8.5903,53.9974],[-8.5895,53.997],[-8.593,53.9925],[-8.5931,53.9885],[-8.5899,53.9797],[-8.593,53.9764],[-8.5942,53.9668],[-8.5898,53.9651],[-8.5851,53.9537],[-8.6004,53.9583],[-8.5969,53.9543],[-8.5988,53.9501],[-8.6009,53.9504],[-8.6077,53.9551],[-8.651,53.966],[-8.6637,53.9708],[-8.6667,53.9749],[-8.6776,53.9697],[-8.6801,53.9708],[-8.6831,53.9688],[-8.6853,53.9648],[-8.6911,53.9632],[-8.6917,53.962],[-8.6858,53.9586],[-8.6864,53.957],[-8.685,53.9546],[-8.6762,53.9504],[-8.6684,53.9495],[-8.6668,53.948],[-8.6725,53.9466],[-8.6816,53.9475],[-8.6784,53.9428],[-8.687,53.9249],[-8.6806,53.9232],[-8.6855,53.9188],[-8.6679,53.912],[-8.6669,53.9089],[-8.6617,53.906],[-8.6474,53.9017],[-8.6394,53.9018],[-8.6332,53.8992],[-8.6342,53.8919],[-8.6372,53.8909],[-8.6366,53.8895],[-8.6265,53.8862],[-8.6259,53.8846],[-8.6206,53.8817],[-8.624,53.8809],[-8.6268,53.8819],[-8.6308,53.8805],[-8.6298,53.8798],[-8.6306,53.878],[-8.6374,53.8771],[-8.6382,53.8727],[-8.6353,53.8709],[-8.6354,53.8687],[-8.6388,53.8669],[-8.644,53.867],[-8.6477,53.8654],[-8.6768,53.877],[-8.6825,53.8734],[-8.7047,53.8741],[-8.7057,53.873],[-8.7035,53.8722],[-8.7013,53.8694],[-8.7024,53.8683],[-8.7007,53.8675],[-8.7015,53.8667],[-8.6995,53.8632],[-8.6943,53.8624],[-8.6952,53.8555],[-8.6973,53.8549],[-8.6945,53.8538],[-8.6955,53.8518],[-8.6982,53.85],[-8.7081,53.8501],[-8.7109,53.8469],[-8.7212,53.8485],[-8.7237,53.8471],[-8.7212,53.8443],[-8.7178,53.8431],[-8.7164,53.8405],[-8.7178,53.8398],[-8.7173,53.8389],[-8.7147,53.8376],[-8.7181,53.8356],[-8.7139,53.8347],[-8.7113,53.8319],[-8.7131,53.8301],[-8.7154,53.8307],[-8.7141,53.8293],[-8.7154,53.828],[-8.722,53.8273],[-8.723,53.8244],[-8.7155,53.8195],[-8.7156,53.8172],[-8.7254,53.8138],[-8.7281,53.8151],[-8.7394,53.8099],[-8.7332,53.8063],[-8.7185,53.8027],[-8.7091,53.8022],[-8.7051,53.7973],[-8.6997,53.7962],[-8.6951,53.7968],[-8.6939,53.7982],[-8.6863,53.793],[-8.6892,53.7882],[-8.6801,53.7799],[-8.6759,53.7776],[-8.6663,53.777],[-8.6692,53.7726],[-8.6729,53.7708],[-8.6759,53.7709],[-8.6843,53.7666],[-8.683,53.7643],[-8.6806,53.7641],[-8.6802,53.7602],[-8.682,53.7575],[-8.6805,53.7562],[-8.6801,53.7532],[-8.6849,53.7489],[-8.6844,53.7455],[-8.6893,53.7449],[-8.6912,53.7427],[-8.69,53.7396],[-8.6948,53.7396],[-8.6965,53.7362],[-8.7006,53.7337],[-8.6965,53.7305],[-8.6933,53.724],[-8.7075,53.7247],[-8.7098,53.7235],[-8.7145,53.7247],[-8.7136,53.7142],[-8.7122,53.7141],[-8.7129,53.7121],[-8.7168,53.7122],[-8.7206,53.71],[-8.7262,53.7099],[-8.7286,53.7084],[-8.7291,53.7065],[-8.7465,53.7036],[-8.7503,53.7007],[-8.7561,53.7008],[-8.7577,53.6976],[-8.7608,53.6969],[-8.7563,53.6929],[-8.7593,53.6909],[-8.7669,53.6895],[-8.7717,53.6902],[-8.776,53.6881],[-8.7802,53.6912],[-8.7851,53.6924],[-8.7862,53.6956],[-8.7914,53.6962],[-8.7979,53.6896],[-8.8017,53.6817],[-8.8066,53.679],[-8.8056,53.6776],[-8.807,53.6768],[-8.8069,53.6748],[-8.8127,53.6719],[-8.8137,53.6694],[-8.8237,53.6657],[-8.8249,53.6631],[-8.8379,53.6575],[-8.8381,53.6562],[-8.8427,53.653],[-8.8544,53.6532],[-8.8583,53.6547],[-8.862,53.6545],[-8.8663,53.6567],[-8.8694,53.6549],[-8.8737,53.6555],[-8.8763,53.6537],[-8.8828,53.6525],[-8.8995,53.653],[-8.9003,53.6526],[-8.8955,53.6487],[-8.8987,53.6474],[-8.9014,53.6421],[-8.912,53.6439],[-8.913,53.6462],[-8.9166,53.647],[-8.9234,53.6522],[-8.9427,53.6619],[-8.9464,53.6617],[-8.9483,53.659],[-8.9548,53.6557],[-8.9631,53.654],[-8.9715,53.6553],[-8.9791,53.6452],[-8.975,53.6424],[-8.9716,53.6425],[-8.9751,53.6381],[-8.9731,53.6337],[-8.9746,53.6298],[-8.9738,53.6278],[-8.9749,53.6254],[-8.9882,53.6187],[-8.9846,53.6157],[-8.9852,53.6136],[-8.9808,53.6096],[-8.9803,53.605],[-8.99,53.6032],[-8.9927,53.5971],[-8.9997,53.6023],[-9.007,53.5988],[-9.0154,53.5982],[-9.0154,53.5968],[-9.0125,53.5958],[-9.009,53.5911],[-9.0068,53.5841],[-9.0232,53.5804],[-9.0286,53.5807],[-9.0292,53.5793],[-9.0398,53.5815],[-9.0462,53.5767],[-9.0441,53.5763],[-9.0418,53.566],[-9.0387,53.5644],[-9.0414,53.5617],[-9.0305,53.5575],[-9.0288,53.5521],[-9.0253,53.5516],[-9.0293,53.5485],[-9.0296,53.5468],[-9.0321,53.5467],[-9.0324,53.5453],[-9.0369,53.5429],[-9.0364,53.5418],[-9.0375,53.5408],[-9.0341,53.539],[-9.0364,53.5364],[-9.0379,53.5357],[-9.0425,53.537],[-9.055,53.5353],[-9.0551,53.5324],[-9.0582,53.5276],[-9.0646,53.5251],[-9.0712,53.5243],[-9.0752,53.5221],[-9.0816,53.5213],[-9.0902,53.516],[-9.0921,53.5161],[-9.0956,53.5102],[-9.095,53.5021],[-9.0963,53.4991],[-9.099,53.4973],[-9.0994,53.4938],[-9.1059,53.4924],[-9.1087,53.4952],[-9.1159,53.4943],[-9.117,53.4913],[-9.1231,53.4859],[-9.1226,53.4846],[-9.1246,53.4821],[-9.1295,53.4824],[-9.1352,53.4774],[-9.142,53.4783],[-9.1465,53.481],[-9.1507,53.4807],[-9.1576,53.4827],[-9.1617,53.4805],[-9.1694,53.4798],[-9.1754,53.4765],[-9.175,53.4739],[-9.1816,53.472],[-9.1883,53.4732],[-9.1898,53.4753],[-9.1919,53.4757],[-9.1982,53.474],[-9.2014,53.4753],[-9.205,53.4725],[-9.2092,53.4724],[-9.2112,53.4735],[-9.2091,53.4754],[-9.2125,53.4786],[-9.2367,53.4803],[-9.2662,53.469],[-9.2816,53.4696],[-9.2791,53.5154],[-9.3259,53.513],[-9.3541,53.5102],[-9.3458,53.5235],[-9.3447,53.528],[-9.3387,53.5353],[-9.335,53.5369],[-9.3344,53.5388],[-9.3531,53.547],[-9.3516,53.5557],[-9.3462,53.5606],[-9.3459,53.5633],[-9.3567,53.5681],[-9.3609,53.5737],[-9.3617,53.5979],[-9.3328,53.6355],[-9.2858,53.6415],[-9.2819,53.6437],[-9.2786,53.6458],[-9.2804,53.6466],[-9.2697,53.6514],[-9.2682,53.655],[-9.2648,53.6568],[-9.2633,53.6598],[-9.2534,53.6611],[-9.2185,53.7039],[-9.2078,53.711],[-9.1965,53.7124],[-9.1946,53.7097],[-9.1953,53.7083],[-9.1934,53.7077],[-9.1907,53.703],[-9.1875,53.7033],[-9.1882,53.7015],[-9.1816,53.6997],[-9.1783,53.7056],[-9.1799,53.7069],[-9.1815,53.712],[-9.1743,53.7122],[-9.1736,53.7152],[-9.1679,53.7181],[-9.1652,53.7212],[-9.1654,53.7276],[-9.156,53.7311],[-9.1528,53.7281],[-9.1509,53.7235],[-9.1386,53.7374],[-9.1397,53.7412],[-9.1385,53.743],[-9.1386,53.7473],[-9.1438,53.752],[-9.1414,53.7562],[-9.1377,53.7566],[-9.1358,53.7591],[-9.1223,53.7531],[-9.1204,53.7532],[-9.1201,53.7559],[-9.1168,53.7566],[-9.1177,53.7521],[-9.1204,53.7518],[-9.1215,53.7494],[-9.1192,53.7461],[-9.1206,53.7422],[-9.1184,53.7409],[-9.1214,53.7369],[-9.1152,53.7368],[-9.1129,53.7355],[-9.1079,53.7362],[-9.1009,53.7405],[-9.0944,53.7372],[-9.0969,53.7361],[-9.0968,53.7344],[-9.0945,53.7342],[-9.0949,53.733],[-9.0923,53.7297],[-9.0944,53.7294],[-9.0948,53.7223],[-9.0906,53.7227],[-9.0881,53.7197],[-9.083,53.7183],[-9.0773,53.7206],[-9.08,53.735],[-9.0765,53.7409],[-9.069,53.7321],[-9.0641,53.7312],[-9.062,53.7353],[-9.0529,53.7257],[-9.0462,53.7238],[-9.0473,53.7244],[-9.0468,53.7265],[-9.0446,53.727],[-9.043,53.7297],[-9.0477,53.7315],[-9.0518,53.7419],[-9.0453,53.7439],[-9.0512,53.7509],[-9.0576,53.7522],[-9.058,53.7579],[-9.0608,53.7609],[-9.0608,53.7644],[-9.0513,53.7678],[-9.0442,53.7681],[-9.0466,53.7768],[-9.0359,53.7769],[-9.0426,53.7818],[-9.0494,53.7816],[-9.0504,53.785],[-9.061,53.7833],[-9.0623,53.7856],[-9.0609,53.7867],[-9.064,53.7876],[-9.0634,53.7886],[-9.0667,53.7921],[-9.0643,53.7945],[-9.0662,53.7979],[-9.0609,53.8034],[-9.0561,53.8062],[-9.0614,53.8093],[-9.0726,53.8045],[-9.0762,53.8098],[-9.0769,53.8176],[-9.0824,53.8177],[-9.0893,53.8156],[-9.0939,53.8202],[-9.0917,53.825],[-9.0924,53.8277],[-9.091,53.834],[-9.0964,53.8382],[-9.0959,53.8429],[-9.0979,53.846],[-9.0969,53.8491],[-9.0994,53.8497],[-9.1019,53.8527],[-9.1001,53.8573],[-9.1014,53.8601],[-9.0999,53.8609],[-9.1007,53.8643],[-9.1025,53.8655],[-9.1025,53.8677],[-9.101,53.8692],[-9.1021,53.8693],[-9.101,53.8708],[-9.102,53.8711],[-9.101,53.8714],[-9.1012,53.8741],[-9.0989,53.8747],[-9.0953,53.8731],[-9.0947,53.8707],[-9.0906,53.8673],[-9.0861,53.8668],[-9.0838,53.8691],[-9.0862,53.878],[-9.0951,53.8812],[-9.0944,53.8848],[-9.0955,53.8861],[-9.0942,53.8874],[-9.0954,53.891],[-9.0969,53.8921],[-9.0959,53.8944],[-9.0988,53.8963],[-9.1019,53.8963],[-9.1031,53.9003],[-9.1013,53.9041],[-9.0976,53.9022],[-9.0881,53.9056],[-9.0874,53.8989],[-9.0857,53.8974],[-9.0803,53.8982],[-9.0751,53.9023],[-9.0774,53.9045],[-9.078,53.9085],[-9.076,53.911],[-9.0769,53.9133],[-9.0803,53.913],[-9.0853,53.9151],[-9.0862,53.9167],[-9.0851,53.9177],[-9.0893,53.9192],[-9.0892,53.9203],[-9.0827,53.92],[-9.0818,53.9219],[-9.0764,53.9246],[-9.0804,53.9255],[-9.0804,53.9271],[-9.0828,53.9276],[-9.0824,53.9294],[-9.0848,53.9307],[-9.0802,53.9337],[-9.076,53.9329],[-9.0717,53.9287],[-9.064,53.9301],[-9.0624,53.9286],[-9.0634,53.9263],[-9.0618,53.9232],[-9.0586,53.9222],[-9.0518,53.9216],[-9.0439,53.9252],[-9.0386,53.9255],[-9.0376,53.927],[-9.0386,53.93],[-9.0428,53.9326],[-9.0502,53.9346],[-9.0453,53.9415],[-9.0462,53.9436],[-9.0445,53.9467],[-9.0514,53.9508],[-9.0467,53.9552],[-9.0468,53.9571],[-9.0488,53.9589],[-9.0399,53.9627],[-9.04,53.9653],[-9.0434,53.9676],[-9.0425,53.9707],[-9.0389,53.9683],[-9.0331,53.9691],[-9.0129,53.9796],[-9.0181,53.9842],[-9.0241,53.9858],[-9.0235,53.9884],[-9.0152,53.9882],[-9.0088,53.9896],[-9.0085,53.9912],[-9.005,53.9908],[-9.0032,53.9931],[-9.0067,53.9952],[-9.002,53.9998],[-8.991,54.0006],[-8.9871,53.9993],[-8.9854,53.9969],[-8.9762,53.9921],[-8.9597,53.9945],[-8.9578,53.996],[-8.9601,53.999],[-8.9655,54.0001],[-8.9678,54.0019],[-8.9662,54.0034],[-8.9667,54.0043],[-8.9645,54.0052],[-8.9648,54.0063],[-8.9711,54.0069],[-8.9742,54.009],[-8.9808,54.0093],[-8.981,54.0124],[-8.9706,54.0179],[-8.9895,54.0227],[-8.9917,54.0244],[-8.9839,54.0268],[-8.981,54.0266],[-8.9775,54.0242],[-8.9747,54.0245],[-8.9686,54.0277],[-8.9706,54.031],[-8.9673,54.0312],[-8.9653,54.0301],[-8.965,54.0258],[-8.9589,54.0238],[-8.9467,54.0162],[-8.9466,54.0131],[-8.9439,54.0092],[-8.9238,54.0089],[-8.9087,54.0138],[-8.9115,54.0161],[-8.899,54.0191],[-8.8953,54.0221],[-8.8832,54.0227],[-8.888,54.01],[-8.8876,54.0077],[-8.8889,54.0072],[-8.8813,54.0001],[-8.8808,53.9981],[-8.8783,53.9976],[-8.8812,53.9931],[-8.8784,53.9893],[-8.8638,53.9898],[-8.8622,53.988],[-8.8631,53.9857],[-8.8626,53.9804],[-8.8612,53.9805],[-8.849,53.971],[-8.8452,53.9722],[-8.8112,53.9655],[-8.8082,53.9667],[-8.8027,53.9657],[-8.8002,53.9667],[-8.8009,53.9709],[-8.7914,53.9711],[-8.781,53.9745],[-8.7666,53.9766],[-8.7555,53.976],[-8.7535,53.9774],[-8.7556,53.9822],[-8.7528,53.9834],[-8.7513,53.9827],[-8.7385,53.9947],[-8.7251,53.9876],[-8.7138,53.9878],[-8.7089,53.9916],[-8.706,53.9967],[-8.7064,54.0009],[-8.7011,54.0052],[-8.6913,54.0064],[-8.6818,54.0114],[-8.681,54.0096],[-8.6791,54.0104],[-8.6753,54.0184],[-8.6778,54.0202],[-8.6824,54.0297],[-8.6645,54.0316],[-8.6613,54.0363],[-8.6566,54.0363],[-8.6497,54.0388],[-8.6474,54.039],[-8.6457,54.0375],[-8.6483,54.0358],[-8.6474,54.0335],[-8.633,54.0277],[-8.631,54.0256],[-8.6238,54.0241],[-8.6184,54.0207],[-8.6071,54.0216],[-8.6071,54.0203],[-8.5984,54.0167],[-8.5831,54.013]]]}},{"type":"Feature","properties":{"d":"Ballina","c":"5970F","dv":"Mayo & Roscommon/Longford","st":"Ballina","hq":"Castlebar","ad":"Walsh St, Ballina","ph":"20560","ty":"District HQ","pop":29384,"km2":1049.112},"geometry":{"type":"Polygon","coordinates":[[[-8.917,54.118],[-8.9236,54.1117],[-8.9354,54.1061],[-8.9524,54.105],[-8.96,54.1023],[-8.9582,54.0977],[-8.9537,54.0933],[-8.9553,54.0894],[-8.9702,54.086],[-8.9665,54.0803],[-8.9655,54.0732],[-8.9715,54.0728],[-8.9756,54.0703],[-8.9832,54.0683],[-8.9876,54.0644],[-8.9911,54.0637],[-8.9921,54.0617],[-8.998,54.0608],[-8.9995,54.0587],[-9.0064,54.0582],[-9.0099,54.0557],[-9.0092,54.0532],[-9.0112,54.0537],[-9.0148,54.0517],[-9.0146,54.0428],[-9.0169,54.0407],[-9.0141,54.0381],[-9.0161,54.0338],[-9.0106,54.0309],[-9.013,54.03],[-9.013,54.0284],[-9.0195,54.0274],[-9.019,54.0253],[-9.0113,54.024],[-9.0046,54.0246],[-9.0031,54.0259],[-8.9955,54.0236],[-8.9917,54.0244],[-8.9895,54.0227],[-8.9706,54.0179],[-8.981,54.0124],[-8.9808,54.0093],[-8.9742,54.009],[-8.9711,54.0069],[-8.9648,54.0063],[-8.9645,54.0052],[-8.9667,54.0043],[-8.9662,54.0034],[-8.9678,54.0019],[-8.9655,54.0001],[-8.9601,53.999],[-8.9578,53.996],[-8.9597,53.9945],[-8.9762,53.9921],[-8.9854,53.9969],[-8.9871,53.9993],[-8.991,54.0006],[-9.002,53.9998],[-9.0067,53.9952],[-9.0032,53.9931],[-9.005,53.9908],[-9.0085,53.9912],[-9.0088,53.9896],[-9.0152,53.9882],[-9.0235,53.9884],[-9.0241,53.9858],[-9.0181,53.9842],[-9.0129,53.9796],[-9.0331,53.9691],[-9.0389,53.9683],[-9.0425,53.9707],[-9.0434,53.9676],[-9.04,53.9653],[-9.0399,53.9627],[-9.0488,53.9589],[-9.0468,53.9571],[-9.0467,53.9552],[-9.0514,53.9508],[-9.0445,53.9467],[-9.0462,53.9436],[-9.0453,53.9415],[-9.0502,53.9346],[-9.0428,53.9326],[-9.0386,53.93],[-9.0376,53.927],[-9.0386,53.9255],[-9.0439,53.9252],[-9.0518,53.9216],[-9.0586,53.9222],[-9.0618,53.9232],[-9.0634,53.9263],[-9.0624,53.9286],[-9.064,53.9301],[-9.0717,53.9287],[-9.0787,53.9339],[-9.0848,53.9307],[-9.0881,53.9308],[-9.0875,53.936],[-9.0939,53.9401],[-9.1077,53.9373],[-9.1191,53.9384],[-9.1203,53.9443],[-9.1231,53.946],[-9.123,53.9493],[-9.1279,53.9547],[-9.131,53.9548],[-9.1312,53.9564],[-9.1336,53.9567],[-9.1328,53.9606],[-9.1313,53.962],[-9.1268,53.9624],[-9.1285,53.9631],[-9.1296,53.9656],[-9.1335,53.9649],[-9.1368,53.9674],[-9.1388,53.967],[-9.1373,53.9658],[-9.1412,53.9665],[-9.1453,53.9655],[-9.1744,53.9702],[-9.192,53.9779],[-9.195,53.9876],[-9.1973,53.9875],[-9.2043,53.9944],[-9.2243,54.0013],[-9.2235,53.984],[-9.2314,53.9771],[-9.2299,53.9749],[-9.235,53.9726],[-9.2343,53.9717],[-9.237,53.9698],[-9.2441,53.971],[-9.2611,53.9702],[-9.2653,53.9687],[-9.2651,53.966],[-9.2815,53.9639],[-9.2882,53.9656],[-9.2931,53.9633],[-9.3056,53.961],[-9.3072,53.9594],[-9.306,53.9568],[-9.3092,53.9558],[-9.3109,53.9522],[-9.3133,53.9518],[-9.3136,53.9495],[-9.3175,53.9464],[-9.3184,53.943],[-9.3247,53.9433],[-9.3343,53.9415],[-9.346,53.9424],[-9.3543,53.9415],[-9.3597,53.9437],[-9.3664,53.9494],[-9.3644,53.9538],[-9.3721,53.9607],[-9.3799,53.9636],[-9.3865,53.9635],[-9.3854,53.9667],[-9.3889,53.9686],[-9.3872,53.9706],[-9.3896,53.972],[-9.3886,53.9742],[-9.3913,53.9787],[-9.3947,53.9809],[-9.3989,53.9806],[-9.4049,53.9857],[-9.4176,53.9835],[-9.4256,53.985],[-9.4282,53.9818],[-9.4369,53.9798],[-9.4442,53.9752],[-9.4432,53.9783],[-9.4454,53.9793],[-9.4479,53.9837],[-9.4556,53.9852],[-9.4703,53.9951],[-9.4774,53.9957],[-9.4834,53.9928],[-9.4845,53.9936],[-9.4841,53.998],[-9.4824,54.0003],[-9.4832,54.0084],[-9.479,54.0082],[-9.4762,54.0066],[-9.472,54.0091],[-9.4726,54.0121],[-9.4701,54.0138],[-9.4745,54.0252],[-9.4722,54.0302],[-9.4707,54.0306],[-9.4712,54.0316],[-9.4659,54.0318],[-9.4652,54.0331],[-9.4626,54.0337],[-9.4602,54.0321],[-9.4564,54.0338],[-9.4528,54.0336],[-9.4515,54.0355],[-9.4557,54.0399],[-9.4557,54.0423],[-9.4525,54.0438],[-9.4476,54.0442],[-9.4471,54.0417],[-9.4452,54.042],[-9.4431,54.0443],[-9.4374,54.0437],[-9.4263,54.0495],[-9.4237,54.0535],[-9.421,54.0541],[-9.4124,54.0498],[-9.4077,54.0512],[-9.4024,54.0504],[-9.4,54.0527],[-9.3952,54.0535],[-9.3898,54.0577],[-9.3914,54.0591],[-9.39,54.0618],[-9.3925,54.0664],[-9.3963,54.0692],[-9.4022,54.0702],[-9.4022,54.0713],[-9.4093,54.071],[-9.4115,54.0688],[-9.4107,54.0671],[-9.4139,54.0649],[-9.4179,54.0637],[-9.4205,54.0645],[-9.4249,54.0679],[-9.4257,54.0726],[-9.4302,54.0767],[-9.4265,54.08],[-9.4181,54.0777],[-9.4216,54.0842],[-9.4185,54.0876],[-9.4196,54.0907],[-9.4296,54.0896],[-9.4308,54.0899],[-9.431,54.0915],[-9.4336,54.0908],[-9.4322,54.0965],[-9.4373,54.1011],[-9.4468,54.098],[-9.4519,54.098],[-9.4577,54.1009],[-9.4604,54.1008],[-9.4673,54.1049],[-9.4735,54.1147],[-9.482,54.1164],[-9.4936,54.115],[-9.4947,54.1142],[-9.4943,54.1122],[-9.503,54.1091],[-9.5069,54.1113],[-9.5293,54.1174],[-9.5315,54.1188],[-9.5322,54.122],[-9.534,54.1233],[-9.5342,54.1244],[-9.532,54.1251],[-9.5325,54.126],[-9.5448,54.1299],[-9.5702,54.1231],[-9.57,54.1248],[-9.5647,54.1273],[-9.5628,54.1306],[-9.5659,54.1322],[-9.5671,54.1344],[-9.5666,54.1366],[-9.5639,54.1405],[-9.5579,54.1433],[-9.5594,54.1442],[-9.5596,54.1486],[-9.5611,54.1491],[-9.5616,54.1512],[-9.5565,54.1597],[-9.5561,54.1708],[-9.5608,54.1739],[-9.561,54.1785],[-9.5538,54.1832],[-9.5564,54.1882],[-9.5611,54.1923],[-9.5659,54.2014],[-9.5573,54.2088],[-9.5516,54.2088],[-9.5502,54.2148],[-9.5514,54.2212],[-9.5408,54.2236],[-9.5397,54.2215],[-9.5352,54.2189],[-9.5201,54.2223],[-9.5105,54.226],[-9.5091,54.2287],[-9.5045,54.2321],[-9.5038,54.24],[-9.4985,54.2398],[-9.4931,54.2377],[-9.4928,54.2391],[-9.4907,54.2399],[-9.4725,54.2401],[-9.4639,54.2455],[-9.4682,54.2495],[-9.4691,54.2556],[-9.4821,54.2688],[-9.4789,54.2711],[-9.4594,54.2972],[-9.4595,54.3038],[-9.457,54.3091],[-9.4541,54.3071],[-9.4512,54.3074],[-9.4489,54.3118],[-9.4425,54.3101],[-9.442,54.3088],[-9.4388,54.3103],[-9.4388,54.3084],[-9.4311,54.312],[-9.4301,54.3107],[-9.429,54.3117],[-9.4276,54.3106],[-9.4249,54.3114],[-9.4189,54.31],[-9.4147,54.3106],[-9.4114,54.309],[-9.4058,54.3088],[-9.4014,54.3105],[-9.3969,54.3081],[-9.394,54.3094],[-9.3897,54.3065],[-9.3888,54.3012],[-9.3917,54.2992],[-9.3888,54.2982],[-9.386,54.2954],[-9.3793,54.2953],[-9.3766,54.2961],[-9.375,54.3006],[-9.3727,54.3018],[-9.3726,54.3029],[-9.3746,54.3038],[-9.3724,54.3064],[-9.3682,54.309],[-9.3615,54.3077],[-9.3603,54.3094],[-9.363,54.3123],[-9.346,54.3191],[-9.3449,54.322],[-9.3479,54.3239],[-9.349,54.3266],[-9.3433,54.328],[-9.3395,54.3263],[-9.336,54.3216],[-9.3299,54.3202],[-9.3286,54.3182],[-9.3272,54.319],[-9.323,54.3175],[-9.3154,54.3172],[-9.3125,54.3151],[-9.3043,54.3161],[-9.2911,54.312],[-9.2817,54.3125],[-9.2756,54.3105],[-9.2738,54.3114],[-9.2731,54.31],[-9.2707,54.3111],[-9.2641,54.3098],[-9.2517,54.3016],[-9.2486,54.2961],[-9.2509,54.2899],[-9.2497,54.2894],[-9.2507,54.2898],[-9.2526,54.2869],[-9.2508,54.2813],[-9.2492,54.2808],[-9.2277,54.2788],[-9.2218,54.2864],[-9.2157,54.2881],[-9.2136,54.2874],[-9.2066,54.2756],[-9.2093,54.2739],[-9.2097,54.2708],[-9.2146,54.2646],[-9.2145,54.262],[-9.2164,54.2608],[-9.214,54.2582],[-9.2139,54.2542],[-9.2196,54.246],[-9.2161,54.2451],[-9.196,54.2475],[-9.1924,54.2429],[-9.1933,54.242],[-9.192,54.2402],[-9.1932,54.2367],[-9.1983,54.2321],[-9.1978,54.2295],[-9.2053,54.2254],[-9.1922,54.2243],[-9.182,54.2209],[-9.1657,54.2186],[-9.1545,54.2153],[-9.1503,54.2111],[-9.1426,54.2074],[-9.1385,54.2013],[-9.1409,54.1979],[-9.1523,54.194],[-9.1479,54.1937],[-9.1418,54.189],[-9.1379,54.1699],[-9.1386,54.1625],[-9.1311,54.1621],[-9.124,54.1592],[-9.1213,54.1554],[-9.1028,54.1493],[-9.1023,54.1479],[-9.1058,54.1451],[-9.1045,54.144],[-9.0995,54.1426],[-9.0899,54.143],[-9.0845,54.146],[-9.0803,54.1448],[-9.0763,54.1459],[-9.0633,54.1448],[-9.0566,54.1426],[-9.0559,54.1433],[-9.0574,54.1441],[-9.056,54.1442],[-9.0569,54.1457],[-9.0548,54.1483],[-9.0553,54.1502],[-9.052,54.1518],[-9.0541,54.1543],[-9.0525,54.1568],[-9.0411,54.1572],[-9.0353,54.1547],[-9.0343,54.1531],[-9.0315,54.1532],[-9.0287,54.1549],[-9.0306,54.1575],[-9.0271,54.1591],[-9.0254,54.1619],[-9.0228,54.1623],[-9.019,54.1576],[-8.9971,54.1502],[-8.9646,54.1483],[-8.9541,54.1448],[-8.9368,54.1431],[-8.9399,54.1386],[-8.9473,54.1384],[-8.9443,54.1334],[-8.9456,54.1322],[-8.9357,54.1314],[-8.9379,54.1283],[-8.9372,54.1271],[-8.9324,54.1256],[-8.9239,54.1254],[-8.917,54.118]]]}},{"type":"Feature","properties":{"d":"Castlebar","c":"5900E","dv":"Mayo & Roscommon/Longford","st":"Castlebar","hq":"Castlebar","ad":"The Mall, Castlebar, Co. Mayo","ph":"9038200","ty":"Division HQ","pop":29171,"km2":879.492},"geometry":{"type":"Polygon","coordinates":[[[-9.0359,53.7769],[-9.0466,53.7768],[-9.0442,53.7681],[-9.0513,53.7678],[-9.0608,53.7644],[-9.0608,53.7609],[-9.058,53.7579],[-9.0576,53.7522],[-9.0512,53.7509],[-9.0453,53.7439],[-9.0518,53.7419],[-9.0477,53.7315],[-9.043,53.7297],[-9.0446,53.727],[-9.0468,53.7265],[-9.0473,53.7244],[-9.0462,53.7238],[-9.0529,53.7257],[-9.062,53.7353],[-9.0641,53.7312],[-9.069,53.7321],[-9.0765,53.7409],[-9.08,53.735],[-9.0773,53.7206],[-9.083,53.7183],[-9.0881,53.7197],[-9.0906,53.7227],[-9.0948,53.7223],[-9.0944,53.7294],[-9.0923,53.7297],[-9.0949,53.733],[-9.0945,53.7342],[-9.0968,53.7344],[-9.0969,53.7361],[-9.0944,53.7372],[-9.1009,53.7405],[-9.1079,53.7362],[-9.1129,53.7355],[-9.1152,53.7368],[-9.1214,53.7369],[-9.1184,53.7409],[-9.1206,53.7422],[-9.1192,53.7461],[-9.1215,53.7494],[-9.1204,53.7518],[-9.1177,53.7521],[-9.1168,53.7566],[-9.1201,53.7559],[-9.1204,53.7532],[-9.1223,53.7531],[-9.1358,53.7591],[-9.1377,53.7566],[-9.1414,53.7562],[-9.1438,53.752],[-9.1386,53.7473],[-9.1385,53.743],[-9.1397,53.7412],[-9.1386,53.7374],[-9.1509,53.7235],[-9.1528,53.7281],[-9.156,53.7311],[-9.1654,53.7276],[-9.1652,53.7212],[-9.1679,53.7181],[-9.1736,53.7152],[-9.1743,53.7122],[-9.1815,53.712],[-9.1799,53.7069],[-9.1783,53.7056],[-9.1816,53.6997],[-9.1882,53.7015],[-9.1875,53.7033],[-9.1907,53.703],[-9.1934,53.7077],[-9.1953,53.7083],[-9.1946,53.7097],[-9.1965,53.7124],[-9.2078,53.711],[-9.2185,53.7039],[-9.2534,53.6611],[-9.2633,53.6598],[-9.2648,53.6568],[-9.2682,53.655],[-9.2697,53.6514],[-9.2804,53.6466],[-9.2786,53.6458],[-9.2819,53.6437],[-9.2858,53.6415],[-9.3328,53.6355],[-9.3617,53.5979],[-9.3603,53.5737],[-9.41,53.5682],[-9.4151,53.5653],[-9.4253,53.5638],[-9.4385,53.5653],[-9.4803,53.5623],[-9.4814,53.5625],[-9.482,53.5661],[-9.4865,53.5644],[-9.4903,53.5681],[-9.4961,53.5685],[-9.4977,53.5705],[-9.5059,53.5719],[-9.5076,53.5732],[-9.5074,53.5747],[-9.5114,53.5757],[-9.512,53.5783],[-9.5199,53.5779],[-9.5218,53.5804],[-9.537,53.582],[-9.5442,53.5808],[-9.557,53.5997],[-9.5574,53.6012],[-9.5553,53.6035],[-9.5563,53.6052],[-9.5555,53.608],[-9.5581,53.6111],[-9.5648,53.6126],[-9.5523,53.6202],[-9.5499,53.6265],[-9.541,53.6369],[-9.5273,53.6427],[-9.5117,53.6451],[-9.5101,53.6479],[-9.4996,53.6553],[-9.4827,53.6609],[-9.4883,53.6688],[-9.4796,53.6753],[-9.4888,53.6818],[-9.4864,53.6844],[-9.48,53.6845],[-9.4794,53.6877],[-9.4597,53.698],[-9.457,53.7013],[-9.4477,53.6987],[-9.4404,53.7004],[-9.4375,53.7055],[-9.4364,53.7057],[-9.4373,53.7066],[-9.4345,53.7092],[-9.4353,53.7126],[-9.4302,53.7136],[-9.4275,53.7177],[-9.4213,53.7219],[-9.4228,53.7289],[-9.4055,53.7417],[-9.4058,53.7471],[-9.4089,53.7486],[-9.4129,53.7486],[-9.4094,53.755],[-9.4076,53.7547],[-9.4042,53.7574],[-9.4053,53.76],[-9.4014,53.763],[-9.3977,53.7636],[-9.3978,53.7713],[-9.399,53.7735],[-9.3965,53.7743],[-9.4002,53.7787],[-9.4005,53.783],[-9.396,53.7847],[-9.3899,53.7895],[-9.3895,53.7911],[-9.3833,53.7937],[-9.3809,53.7903],[-9.3759,53.7908],[-9.3709,53.7943],[-9.3699,53.7991],[-9.3728,53.7992],[-9.3795,53.8036],[-9.3888,53.802],[-9.395,53.8089],[-9.4013,53.8088],[-9.4095,53.814],[-9.416,53.8134],[-9.4233,53.8185],[-9.4299,53.8174],[-9.4314,53.8201],[-9.4337,53.8209],[-9.4315,53.8225],[-9.4366,53.8262],[-9.4367,53.8321],[-9.4328,53.8364],[-9.4361,53.839],[-9.435,53.8424],[-9.4388,53.8428],[-9.4428,53.8472],[-9.4408,53.8474],[-9.4395,53.8491],[-9.4337,53.8498],[-9.441,53.8563],[-9.4455,53.8582],[-9.4428,53.8595],[-9.441,53.8629],[-9.4439,53.867],[-9.4429,53.8691],[-9.4436,53.8708],[-9.4405,53.8721],[-9.4421,53.874],[-9.4408,53.8763],[-9.4414,53.8787],[-9.4442,53.8786],[-9.4457,53.8804],[-9.4514,53.8821],[-9.4492,53.8872],[-9.4457,53.8909],[-9.4455,53.8928],[-9.4474,53.8953],[-9.445,53.8976],[-9.4469,53.9016],[-9.4462,53.9055],[-9.4405,53.9129],[-9.4405,53.9149],[-9.4356,53.9186],[-9.4433,53.9201],[-9.4458,53.9169],[-9.4506,53.9181],[-9.456,53.9161],[-9.4594,53.9164],[-9.4586,53.9152],[-9.4599,53.9127],[-9.4659,53.912],[-9.4673,53.9101],[-9.4717,53.9085],[-9.4726,53.9113],[-9.477,53.9122],[-9.476,53.9155],[-9.481,53.915],[-9.4802,53.9164],[-9.4814,53.9195],[-9.4922,53.9223],[-9.4845,53.9283],[-9.4861,53.9295],[-9.4811,53.93],[-9.4821,53.9316],[-9.4804,53.9317],[-9.4865,53.9344],[-9.4921,53.9341],[-9.4946,53.9373],[-9.4945,53.9392],[-9.4932,53.9396],[-9.4954,53.9429],[-9.496,53.947],[-9.4916,53.9498],[-9.4846,53.9577],[-9.4869,53.9611],[-9.4863,53.9667],[-9.4878,53.9682],[-9.4883,53.9736],[-9.4952,53.9797],[-9.4876,53.9853],[-9.4871,53.9913],[-9.4798,53.9951],[-9.4703,53.9951],[-9.4556,53.9852],[-9.4479,53.9837],[-9.4454,53.9793],[-9.4432,53.9783],[-9.4442,53.9752],[-9.4369,53.9798],[-9.4282,53.9818],[-9.4256,53.985],[-9.4176,53.9835],[-9.4049,53.9857],[-9.3989,53.9806],[-9.3947,53.9809],[-9.3913,53.9787],[-9.3886,53.9742],[-9.3896,53.972],[-9.3872,53.9706],[-9.3889,53.9686],[-9.3854,53.9667],[-9.3865,53.9635],[-9.3799,53.9636],[-9.3721,53.9607],[-9.3644,53.9538],[-9.3664,53.9494],[-9.3597,53.9437],[-9.3543,53.9415],[-9.346,53.9424],[-9.3343,53.9415],[-9.3247,53.9433],[-9.3184,53.943],[-9.3175,53.9464],[-9.3136,53.9495],[-9.3133,53.9518],[-9.3109,53.9522],[-9.3092,53.9558],[-9.306,53.9568],[-9.3072,53.9594],[-9.3056,53.961],[-9.2931,53.9633],[-9.2882,53.9656],[-9.2815,53.9639],[-9.2651,53.966],[-9.2653,53.9687],[-9.2611,53.9702],[-9.2441,53.971],[-9.237,53.9698],[-9.2343,53.9717],[-9.235,53.9726],[-9.2299,53.9749],[-9.2314,53.9771],[-9.2235,53.984],[-9.2243,54.0013],[-9.2043,53.9944],[-9.1973,53.9875],[-9.195,53.9876],[-9.192,53.9779],[-9.1744,53.9702],[-9.1453,53.9655],[-9.1412,53.9665],[-9.1373,53.9658],[-9.1388,53.967],[-9.1368,53.9674],[-9.1335,53.9649],[-9.1296,53.9656],[-9.1285,53.9631],[-9.1268,53.9624],[-9.1313,53.962],[-9.1328,53.9606],[-9.1336,53.9567],[-9.1312,53.9564],[-9.131,53.9548],[-9.1279,53.9547],[-9.123,53.9493],[-9.1231,53.946],[-9.1203,53.9443],[-9.1191,53.9384],[-9.1077,53.9373],[-9.0939,53.9401],[-9.0875,53.936],[-9.0881,53.9308],[-9.0831,53.9303],[-9.0828,53.9276],[-9.0804,53.9271],[-9.0804,53.9255],[-9.0764,53.9246],[-9.0818,53.9219],[-9.0827,53.92],[-9.0892,53.9203],[-9.0893,53.9192],[-9.0851,53.9177],[-9.0862,53.9167],[-9.0853,53.9151],[-9.0803,53.913],[-9.0769,53.9133],[-9.076,53.911],[-9.078,53.9085],[-9.0774,53.9045],[-9.0751,53.9023],[-9.0803,53.8982],[-9.0857,53.8974],[-9.0874,53.8989],[-9.0881,53.9056],[-9.0976,53.9022],[-9.1013,53.9041],[-9.1031,53.9003],[-9.1019,53.8963],[-9.0988,53.8963],[-9.0959,53.8944],[-9.0969,53.8921],[-9.0954,53.891],[-9.0942,53.8874],[-9.0955,53.8861],[-9.0944,53.8848],[-9.0951,53.8812],[-9.0862,53.878],[-9.0838,53.8691],[-9.0861,53.8668],[-9.0906,53.8673],[-9.0947,53.8707],[-9.0953,53.8731],[-9.0989,53.8747],[-9.1012,53.8741],[-9.101,53.8714],[-9.102,53.8711],[-9.101,53.8708],[-9.1021,53.8693],[-9.101,53.8692],[-9.1025,53.8677],[-9.1025,53.8655],[-9.1007,53.8643],[-9.0999,53.8609],[-9.1014,53.8601],[-9.1001,53.8573],[-9.1019,53.8527],[-9.0994,53.8497],[-9.0969,53.8491],[-9.0979,53.846],[-9.0959,53.8429],[-9.0964,53.8382],[-9.091,53.834],[-9.0924,53.8277],[-9.0917,53.825],[-9.0939,53.8202],[-9.0893,53.8156],[-9.0824,53.8177],[-9.0769,53.8176],[-9.0762,53.8098],[-9.0726,53.8045],[-9.0614,53.8093],[-9.0561,53.8062],[-9.0609,53.8034],[-9.0662,53.7979],[-9.0643,53.7945],[-9.0667,53.7921],[-9.0634,53.7886],[-9.064,53.7876],[-9.0609,53.7867],[-9.0623,53.7856],[-9.061,53.7833],[-9.0504,53.785],[-9.0494,53.7816],[-9.0426,53.7818],[-9.0359,53.7769]]]}},{"type":"Feature","properties":{"d":"Westport","c":"6170M","dv":"Mayo & Roscommon/Longford","st":"Westport","hq":"Castlebar","ad":"The Fairgreen, Westport","ph":"50230","ty":"District HQ","pop":22414,"km2":1671.216},"geometry":{"type":"Polygon","coordinates":[[[-9.3699,53.7991],[-9.3709,53.7943],[-9.3751,53.7912],[-9.3809,53.7903],[-9.3833,53.7937],[-9.3895,53.7911],[-9.3899,53.7895],[-9.396,53.7847],[-9.4005,53.783],[-9.4002,53.7787],[-9.3965,53.7743],[-9.399,53.7735],[-9.3978,53.7713],[-9.3977,53.7636],[-9.4014,53.763],[-9.4053,53.76],[-9.4042,53.7574],[-9.4076,53.7547],[-9.4094,53.755],[-9.4129,53.7486],[-9.4089,53.7486],[-9.4058,53.7471],[-9.4055,53.7417],[-9.4228,53.7289],[-9.4213,53.7219],[-9.4275,53.7177],[-9.4302,53.7136],[-9.4353,53.7126],[-9.4345,53.7092],[-9.4373,53.7066],[-9.4364,53.7057],[-9.4375,53.7055],[-9.4404,53.7004],[-9.4477,53.6987],[-9.457,53.7013],[-9.4597,53.698],[-9.4794,53.6877],[-9.48,53.6845],[-9.4864,53.6844],[-9.4888,53.6818],[-9.4796,53.6753],[-9.4883,53.6688],[-9.4827,53.6609],[-9.4996,53.6553],[-9.5101,53.6479],[-9.5117,53.6451],[-9.5273,53.6427],[-9.541,53.6369],[-9.5499,53.6265],[-9.5523,53.6202],[-9.5671,53.6112],[-9.5788,53.5997],[-9.5853,53.5991],[-9.6106,53.6066],[-9.6291,53.6057],[-9.6471,53.6004],[-9.6523,53.6024],[-9.66,53.6103],[-9.6694,53.6127],[-9.6721,53.6174],[-9.6722,53.6155],[-9.6751,53.6146],[-9.6754,53.6134],[-9.678,53.6139],[-9.6793,53.6114],[-9.6823,53.6097],[-9.6982,53.6046],[-9.7157,53.6049],[-9.7419,53.6022],[-9.7514,53.6036],[-9.7514,53.6048],[-9.7491,53.6053],[-9.7522,53.6064],[-9.7518,53.6073],[-9.7532,53.6067],[-9.7526,53.6058],[-9.7584,53.6043],[-9.757,53.6037],[-9.7631,53.6038],[-9.7724,53.6014],[-9.7844,53.6027],[-9.8141,53.6156],[-9.8257,53.6176],[-9.8404,53.6238],[-9.8583,53.6257],[-9.8565,53.6261],[-9.8588,53.6281],[-9.8667,53.6299],[-9.8657,53.6308],[-9.8797,53.6337],[-9.878,53.6387],[-9.8738,53.6365],[-9.8704,53.6366],[-9.8746,53.6391],[-9.8804,53.6397],[-9.8789,53.64],[-9.8791,53.6417],[-9.8867,53.6444],[-9.8862,53.6456],[-9.881,53.6466],[-9.8813,53.6487],[-9.8986,53.6505],[-9.9011,53.6378],[-9.9143,53.6359],[-9.9215,53.6369],[-10.0422,53.6725],[-10.0661,53.6695],[-10.0945,53.6709],[-10.1343,53.68],[-10.1481,53.6933],[-10.1347,53.7293],[-10.0977,53.7793],[-10.0447,53.814],[-10.0103,53.8288],[-9.9705,53.8344],[-9.9479,53.8569],[-9.9568,53.86],[-9.9628,53.8656],[-9.967,53.8659],[-9.9657,53.868],[-9.968,53.8698],[-9.9754,53.8825],[-9.9769,53.883],[-9.976,53.8833],[-9.9778,53.8836],[-9.9768,53.8845],[-9.9833,53.885],[-9.9815,53.8865],[-9.9836,53.887],[-9.9831,53.8882],[-9.9862,53.887],[-9.9902,53.888],[-9.9949,53.8927],[-9.9941,53.894],[-9.9988,53.895],[-9.9995,53.8958],[-9.9981,53.8958],[-10.0017,53.8971],[-10.0001,53.8984],[-10.0009,53.8991],[-9.9964,53.8997],[-9.9927,53.9026],[-9.9994,53.9041],[-9.9967,53.9045],[-9.999,53.9052],[-9.998,53.9071],[-10.0022,53.9064],[-10.0025,53.9081],[-10.0062,53.9078],[-10.005,53.9097],[-10.0074,53.9088],[-10.01,53.9098],[-10.0075,53.9109],[-10.0103,53.9101],[-10.0094,53.9111],[-10.0106,53.9107],[-10.0093,53.9113],[-10.0099,53.9126],[-10.0107,53.911],[-10.0119,53.9128],[-10.0165,53.9118],[-10.0161,53.9158],[-10.0196,53.9155],[-10.0203,53.9165],[-10.0182,53.9207],[-10.0222,53.9208],[-10.0222,53.9184],[-10.0238,53.9178],[-10.0243,53.9207],[-10.0267,53.9216],[-10.038,53.9141],[-10.0389,53.9155],[-10.0398,53.9143],[-10.0421,53.9147],[-10.0411,53.9152],[-10.0428,53.9153],[-10.0417,53.9162],[-10.0454,53.9151],[-10.0477,53.9164],[-10.0473,53.9154],[-10.0494,53.9147],[-10.0523,53.9154],[-10.0495,53.9164],[-10.0508,53.9165],[-10.0501,53.9172],[-10.0571,53.9171],[-10.0533,53.9183],[-10.0551,53.9191],[-10.0531,53.9219],[-10.0551,53.9237],[-10.0565,53.923],[-10.0557,53.9239],[-10.058,53.9251],[-10.053,53.9275],[-10.054,53.93],[-10.052,53.9316],[-10.0535,53.9338],[-10.0514,53.9356],[-10.0559,53.9379],[-10.0548,53.9396],[-10.0525,53.9393],[-10.0538,53.9402],[-10.0499,53.9445],[-10.0524,53.9459],[-10.0484,53.948],[-10.0484,53.9497],[-10.0523,53.9536],[-10.0449,53.9569],[-10.0448,53.9579],[-10.0454,53.9599],[-10.0507,53.9641],[-10.0664,53.9716],[-10.0784,53.9735],[-10.086,53.972],[-10.0899,53.9682],[-10.1003,53.9644],[-10.0994,53.9636],[-10.1009,53.9629],[-10.1026,53.9648],[-10.1043,53.9649],[-10.103,53.962],[-10.0977,53.9611],[-10.0946,53.9576],[-10.0981,53.9553],[-10.1101,53.955],[-10.1211,53.959],[-10.1297,53.9739],[-10.136,53.97],[-10.1409,53.9685],[-10.1456,53.9696],[-10.1521,53.9676],[-10.1552,53.9654],[-10.1584,53.9678],[-10.1711,53.9677],[-10.1725,53.9688],[-10.1752,53.9679],[-10.1901,53.9698],[-10.1948,53.9663],[-10.1891,53.9632],[-10.1885,53.9607],[-10.1984,53.962],[-10.2046,53.9652],[-10.2124,53.9656],[-10.2147,53.9684],[-10.2216,53.9719],[-10.2207,53.9727],[-10.2224,53.9744],[-10.2339,53.9747],[-10.2358,53.9761],[-10.2348,53.9769],[-10.2355,53.9781],[-10.238,53.9797],[-10.2514,53.9755],[-10.2573,53.9742],[-10.2593,53.9747],[-10.2383,53.9824],[-10.2281,53.9811],[-10.2195,53.9825],[-10.217,53.9803],[-10.2126,53.9797],[-10.2085,53.9819],[-10.2058,53.9847],[-10.1886,53.995],[-10.1857,54.0011],[-10.1877,54.0006],[-10.1867,54.0012],[-10.1875,54.0019],[-10.1852,54.0023],[-10.1854,54.0037],[-10.19,54.005],[-10.1913,54.0065],[-10.1879,54.0105],[-10.1895,54.0125],[-10.1886,54.0141],[-10.1907,54.0138],[-10.1876,54.0158],[-10.1851,54.0138],[-10.1823,54.0137],[-10.1824,54.0124],[-10.1802,54.0136],[-10.1789,54.0103],[-10.1715,54.0074],[-10.1646,54.0074],[-10.1558,54.0098],[-10.1451,54.0086],[-10.1441,54.002],[-10.1345,53.9993],[-10.1311,53.9995],[-10.1279,54.0012],[-10.1277,54.0024],[-10.1196,54.0019],[-10.1169,54.0028],[-10.1134,54.0008],[-10.1028,54.0008],[-10.0983,54.002],[-10.0993,54.0043],[-10.0973,54.0072],[-10.0983,54.0095],[-10.0903,54.0108],[-10.0892,54.0137],[-10.0842,54.0145],[-10.0847,54.0173],[-10.0724,54.023],[-10.0722,54.0242],[-10.0703,54.0235],[-10.0708,54.0243],[-10.0697,54.0249],[-10.0678,54.0238],[-10.0613,54.0256],[-10.0598,54.0256],[-10.0598,54.0245],[-10.0477,54.0255],[-10.0429,54.0245],[-10.0322,54.0145],[-10.0272,54.0116],[-10.0201,54.0128],[-10.0135,54.0168],[-10.0121,54.0146],[-10.0013,54.0161],[-9.9969,54.013],[-9.9881,54.0123],[-9.9865,54.0165],[-9.9887,54.0198],[-9.9795,54.021],[-9.9769,54.0252],[-9.978,54.0279],[-9.9748,54.0301],[-9.9681,54.0269],[-9.9606,54.0184],[-9.9541,54.0171],[-9.9493,54.0137],[-9.8843,54.0042],[-9.8726,53.9978],[-9.8787,53.9909],[-9.8763,53.9743],[-9.8724,53.9671],[-9.8518,53.9613],[-9.8476,53.9585],[-9.8459,53.9609],[-9.8432,53.9616],[-9.8334,53.9603],[-9.8273,53.9563],[-9.8258,53.9511],[-9.8169,53.9496],[-9.8099,53.9525],[-9.8093,53.9542],[-9.8113,53.9597],[-9.8105,53.9614],[-9.8036,53.9645],[-9.8036,53.9701],[-9.7931,53.968],[-9.7898,53.9745],[-9.7844,53.974],[-9.7837,53.9724],[-9.7734,53.9715],[-9.7627,53.9718],[-9.7537,53.9738],[-9.7462,53.9716],[-9.7447,53.9686],[-9.7411,53.9697],[-9.7367,53.9644],[-9.7318,53.9611],[-9.7266,53.9545],[-9.7304,53.9502],[-9.732,53.9457],[-9.7238,53.9438],[-9.7155,53.9468],[-9.6989,53.958],[-9.6892,53.9591],[-9.6871,53.9609],[-9.6804,53.9609],[-9.6764,53.9644],[-9.6722,53.9662],[-9.6686,53.9738],[-9.6639,53.9765],[-9.6601,53.9823],[-9.6583,53.9909],[-9.6441,53.9917],[-9.6413,53.9934],[-9.637,53.9908],[-9.6338,53.9913],[-9.6292,53.9957],[-9.6262,53.9967],[-9.624,53.9992],[-9.625,54.0017],[-9.6216,54.0041],[-9.6234,54.0116],[-9.6267,54.0134],[-9.6287,54.0208],[-9.6339,54.0238],[-9.6314,54.0293],[-9.6281,54.0324],[-9.6207,54.033],[-9.6154,54.0385],[-9.6097,54.0408],[-9.6038,54.0395],[-9.6032,54.0364],[-9.599,54.0361],[-9.594,54.0302],[-9.5905,54.0284],[-9.585,54.029],[-9.5825,54.0186],[-9.5842,54.0167],[-9.5885,54.0157],[-9.5885,54.0118],[-9.5852,54.0116],[-9.5834,54.0092],[-9.5821,54.0099],[-9.5791,54.0088],[-9.5803,54.0074],[-9.5793,54.0062],[-9.5806,54.0054],[-9.5769,54.003],[-9.575,54.0022],[-9.5728,54.0035],[-9.571,54.0021],[-9.5667,54.0033],[-9.5667,54.0056],[-9.5617,54.0056],[-9.5595,54.0081],[-9.5553,54.0101],[-9.5467,54.0107],[-9.5414,54.0071],[-9.542,54.0034],[-9.5363,54.0022],[-9.5256,53.9947],[-9.5248,53.9913],[-9.5203,53.9876],[-9.5194,53.9842],[-9.5134,53.9801],[-9.5027,53.9845],[-9.4935,53.9815],[-9.4952,53.9797],[-9.4883,53.9736],[-9.4878,53.9682],[-9.4863,53.9667],[-9.4869,53.9611],[-9.4846,53.9577],[-9.4916,53.9498],[-9.496,53.947],[-9.4954,53.9429],[-9.4932,53.9396],[-9.4945,53.9392],[-9.4946,53.9373],[-9.4921,53.9341],[-9.4865,53.9344],[-9.4804,53.9317],[-9.4821,53.9316],[-9.4811,53.93],[-9.4861,53.9295],[-9.4845,53.9283],[-9.4922,53.9223],[-9.4814,53.9195],[-9.4802,53.9164],[-9.481,53.915],[-9.476,53.9155],[-9.477,53.9122],[-9.4726,53.9113],[-9.4717,53.9085],[-9.4673,53.9101],[-9.4659,53.912],[-9.4599,53.9127],[-9.4586,53.9152],[-9.4594,53.9164],[-9.456,53.9161],[-9.4506,53.9181],[-9.4458,53.9169],[-9.4433,53.9201],[-9.4356,53.9186],[-9.4405,53.9149],[-9.4405,53.9129],[-9.4462,53.9055],[-9.4469,53.9016],[-9.445,53.8976],[-9.4474,53.8953],[-9.4455,53.8928],[-9.4457,53.8909],[-9.4492,53.8872],[-9.4514,53.8821],[-9.4457,53.8804],[-9.4442,53.8786],[-9.4414,53.8787],[-9.4408,53.8763],[-9.4421,53.874],[-9.4405,53.8721],[-9.4436,53.8708],[-9.4429,53.8691],[-9.4439,53.867],[-9.441,53.8629],[-9.4428,53.8595],[-9.4455,53.8582],[-9.441,53.8563],[-9.4337,53.8498],[-9.4395,53.8491],[-9.4408,53.8474],[-9.4428,53.8472],[-9.4388,53.8428],[-9.435,53.8424],[-9.4361,53.839],[-9.4328,53.8364],[-9.4367,53.8321],[-9.436,53.8303],[-9.4372,53.8292],[-9.4366,53.8262],[-9.4315,53.8225],[-9.4337,53.8209],[-9.4314,53.8201],[-9.4299,53.8174],[-9.4233,53.8185],[-9.416,53.8134],[-9.4095,53.814],[-9.4013,53.8088],[-9.395,53.8089],[-9.3888,53.802],[-9.3809,53.8038],[-9.3728,53.7992],[-9.3699,53.7991]]]}},{"type":"Feature","properties":{"d":"Belmullet","c":"6000C","dv":"Mayo & Roscommon/Longford","st":"Belmullet","hq":"Castlebar","ad":"Fr. Mulhern Crescent, Belmullet","ph":"81910","ty":"District HQ","pop":12302,"km2":1269.907},"geometry":{"type":"Polygon","coordinates":[[[-9.3898,54.0577],[-9.3952,54.0535],[-9.4,54.0527],[-9.4024,54.0504],[-9.4077,54.0512],[-9.4124,54.0498],[-9.421,54.0541],[-9.4237,54.0535],[-9.4263,54.0495],[-9.4374,54.0437],[-9.4431,54.0443],[-9.4452,54.042],[-9.4471,54.0417],[-9.4476,54.0442],[-9.4525,54.0438],[-9.4557,54.0423],[-9.4557,54.0399],[-9.4515,54.0355],[-9.4528,54.0336],[-9.4564,54.0338],[-9.4602,54.0321],[-9.4626,54.0337],[-9.4652,54.0331],[-9.4659,54.0318],[-9.4712,54.0316],[-9.4707,54.0306],[-9.4722,54.0302],[-9.4745,54.0252],[-9.4701,54.0138],[-9.4726,54.0121],[-9.472,54.0091],[-9.4762,54.0066],[-9.479,54.0082],[-9.4832,54.0084],[-9.4824,54.0003],[-9.4847,53.9957],[-9.4834,53.9928],[-9.4871,53.9913],[-9.4876,53.9853],[-9.4935,53.9815],[-9.5027,53.9845],[-9.5134,53.9801],[-9.5194,53.9842],[-9.5203,53.9876],[-9.5248,53.9913],[-9.5256,53.9947],[-9.5363,54.0022],[-9.542,54.0034],[-9.5414,54.0071],[-9.5467,54.0107],[-9.5553,54.0101],[-9.5595,54.0081],[-9.5617,54.0056],[-9.5667,54.0056],[-9.5667,54.0033],[-9.571,54.0021],[-9.5728,54.0035],[-9.575,54.0022],[-9.5769,54.003],[-9.5806,54.0054],[-9.5793,54.0062],[-9.5803,54.0074],[-9.5791,54.0088],[-9.5821,54.0099],[-9.5834,54.0092],[-9.5852,54.0116],[-9.5885,54.0118],[-9.5885,54.0157],[-9.5842,54.0167],[-9.5825,54.0186],[-9.585,54.029],[-9.5905,54.0284],[-9.594,54.0302],[-9.599,54.0361],[-9.6032,54.0364],[-9.6038,54.0395],[-9.6097,54.0408],[-9.6154,54.0385],[-9.6207,54.033],[-9.6281,54.0324],[-9.6314,54.0293],[-9.6339,54.0238],[-9.6287,54.0208],[-9.6267,54.0134],[-9.6234,54.0116],[-9.6216,54.0041],[-9.625,54.0017],[-9.624,53.9992],[-9.6262,53.9967],[-9.6292,53.9957],[-9.6338,53.9913],[-9.637,53.9908],[-9.6413,53.9934],[-9.6441,53.9917],[-9.6583,53.9909],[-9.6601,53.9823],[-9.6639,53.9765],[-9.6686,53.9738],[-9.6722,53.9662],[-9.6764,53.9644],[-9.6804,53.9609],[-9.6871,53.9609],[-9.6892,53.9591],[-9.6989,53.958],[-9.7155,53.9468],[-9.726,53.9437],[-9.732,53.9457],[-9.7304,53.9502],[-9.7266,53.9545],[-9.7318,53.9611],[-9.7367,53.9644],[-9.7411,53.9697],[-9.7447,53.9686],[-9.7462,53.9716],[-9.7537,53.9738],[-9.7627,53.9718],[-9.7734,53.9715],[-9.7837,53.9724],[-9.7844,53.974],[-9.7898,53.9745],[-9.7931,53.968],[-9.8036,53.9701],[-9.8036,53.9645],[-9.8105,53.9614],[-9.8113,53.9597],[-9.8093,53.9542],[-9.8099,53.9525],[-9.8169,53.9496],[-9.8258,53.9511],[-9.8273,53.9563],[-9.8334,53.9603],[-9.8432,53.9616],[-9.8459,53.9609],[-9.8476,53.9585],[-9.8518,53.9613],[-9.8724,53.9671],[-9.8763,53.9743],[-9.8787,53.9909],[-9.8726,53.9978],[-9.8843,54.0042],[-9.8864,54.0077],[-9.8873,54.0132],[-9.8901,54.0169],[-9.8916,54.0155],[-9.8903,54.014],[-9.8931,54.0113],[-9.8915,54.0147],[-9.8964,54.0198],[-9.8977,54.0241],[-9.8968,54.0272],[-9.8997,54.0295],[-9.8998,54.0327],[-9.9075,54.0373],[-9.9063,54.0431],[-9.9082,54.0462],[-9.9042,54.0476],[-9.8976,54.0476],[-9.8914,54.0521],[-9.8895,54.056],[-9.8911,54.0624],[-9.8901,54.0654],[-9.8977,54.0702],[-9.9016,54.0703],[-9.9107,54.0671],[-9.9216,54.067],[-9.9253,54.0652],[-9.9262,54.0626],[-9.9304,54.061],[-9.9342,54.0612],[-9.9418,54.0656],[-9.9476,54.0666],[-9.9503,54.0664],[-9.9536,54.0632],[-9.9705,54.0621],[-9.9716,54.0634],[-9.9701,54.0643],[-9.9697,54.0669],[-9.9647,54.0692],[-9.9631,54.0728],[-9.9675,54.085],[-9.975,54.0918],[-9.9745,54.0938],[-9.976,54.0958],[-9.9832,54.1006],[-9.9889,54.1005],[-9.9911,54.1032],[-9.9846,54.104],[-9.9838,54.1053],[-9.9859,54.1059],[-9.9846,54.1067],[-9.9753,54.105],[-9.9658,54.1088],[-9.955,54.107],[-9.9497,54.1086],[-9.9461,54.1112],[-9.9415,54.1104],[-9.9384,54.1116],[-9.9344,54.1172],[-9.9292,54.1212],[-9.9246,54.1199],[-9.9226,54.118],[-9.9207,54.1204],[-9.9181,54.1198],[-9.9169,54.1183],[-9.9124,54.1169],[-9.9094,54.1169],[-9.9098,54.1183],[-9.9045,54.1172],[-9.8968,54.1178],[-9.9088,54.1246],[-9.9108,54.1251],[-9.9133,54.1237],[-9.912,54.1293],[-9.9178,54.1338],[-9.9255,54.1351],[-9.9309,54.1262],[-9.9349,54.1262],[-9.939,54.1291],[-9.9429,54.135],[-9.9499,54.1405],[-9.9599,54.1432],[-9.9595,54.1448],[-9.9547,54.1475],[-9.9583,54.1518],[-9.958,54.1534],[-9.9562,54.1545],[-9.9517,54.1521],[-9.9422,54.1513],[-9.932,54.1465],[-9.9276,54.1467],[-9.9245,54.1486],[-9.9235,54.1503],[-9.9249,54.1515],[-9.9219,54.1544],[-9.9296,54.1542],[-9.9287,54.1556],[-9.9331,54.1555],[-9.9323,54.1572],[-9.9357,54.1561],[-9.9358,54.1582],[-9.9424,54.1548],[-9.9444,54.1635],[-9.9536,54.1712],[-9.9616,54.1756],[-9.9719,54.1785],[-9.9816,54.1775],[-9.9854,54.1812],[-9.9848,54.1827],[-9.9762,54.182],[-9.9696,54.1839],[-9.9706,54.1824],[-9.967,54.1799],[-9.9669,54.1777],[-9.9583,54.1756],[-9.957,54.1736],[-9.9542,54.1727],[-9.9485,54.1746],[-9.9471,54.1772],[-9.9478,54.1782],[-9.9425,54.1754],[-9.9401,54.179],[-9.9346,54.1811],[-9.9345,54.1828],[-9.9379,54.1865],[-9.9371,54.189],[-9.9306,54.1928],[-9.9482,54.1992],[-9.9515,54.1983],[-9.9513,54.1963],[-9.9494,54.1969],[-9.9526,54.1951],[-9.9623,54.2022],[-9.97,54.2033],[-9.9722,54.2076],[-9.988,54.2139],[-9.9916,54.2192],[-9.9919,54.2229],[-9.9932,54.2235],[-9.9922,54.2235],[-9.9924,54.2277],[-9.9975,54.2278],[-9.9981,54.2246],[-9.9998,54.2242],[-10.0132,54.2268],[-10.0135,54.2252],[-10.0032,54.2172],[-10.0068,54.2133],[-10.0188,54.2144],[-10.023,54.2159],[-10.0265,54.2151],[-10.0236,54.2131],[-10.0245,54.2111],[-10.0086,54.2052],[-10.0059,54.2026],[-10.0067,54.1992],[-10.0029,54.1988],[-10.0043,54.197],[-10.0032,54.1948],[-10.0119,54.192],[-10.015,54.1936],[-10.0125,54.1921],[-10.0135,54.19],[-10.0105,54.1883],[-10.0098,54.19],[-10.0099,54.1883],[-10.0067,54.1861],[-10.0101,54.1838],[-10.0108,54.1816],[-10.0141,54.1823],[-10.0157,54.1859],[-10.0211,54.1871],[-10.0246,54.1903],[-10.033,54.1926],[-10.0397,54.1932],[-10.0463,54.1918],[-10.0481,54.1902],[-10.0463,54.1921],[-10.0501,54.191],[-10.0509,54.1888],[-10.0413,54.1859],[-10.0407,54.1882],[-10.0396,54.1873],[-10.0408,54.1804],[-10.0358,54.1768],[-10.0378,54.1735],[-10.0369,54.172],[-10.041,54.1706],[-10.0425,54.1675],[-10.0419,54.1663],[-10.0366,54.1654],[-10.0362,54.1641],[-10.0383,54.1622],[-10.0467,54.1607],[-10.0477,54.1618],[-10.0467,54.1647],[-10.043,54.1656],[-10.0433,54.1684],[-10.0481,54.1704],[-10.0549,54.1712],[-10.069,54.1688],[-10.0699,54.1679],[-10.0686,54.1669],[-10.0726,54.1649],[-10.0708,54.1629],[-10.0857,54.1623],[-10.0924,54.1595],[-10.0937,54.1567],[-10.0894,54.1539],[-10.0746,54.1511],[-10.0629,54.1506],[-10.0584,54.1488],[-10.0556,54.1445],[-10.0693,54.1436],[-10.0733,54.1413],[-10.0757,54.1381],[-10.0753,54.1366],[-10.0707,54.1357],[-10.0682,54.1335],[-10.0678,54.1313],[-10.0697,54.1288],[-10.0655,54.1241],[-10.0718,54.1219],[-10.0748,54.1221],[-10.0757,54.1253],[-10.0726,54.1262],[-10.0754,54.1284],[-10.0874,54.1266],[-10.0893,54.1244],[-10.0861,54.1248],[-10.0852,54.1228],[-10.086,54.1222],[-10.0917,54.1235],[-10.0915,54.121],[-10.0888,54.1189],[-10.0931,54.1167],[-10.0927,54.1129],[-10.0743,54.1116],[-10.0668,54.1098],[-10.071,54.1055],[-10.0688,54.1012],[-10.0594,54.0988],[-10.0641,54.0971],[-10.0648,54.0948],[-10.0713,54.0895],[-10.0823,54.0863],[-10.0943,54.0875],[-10.103,54.0928],[-10.1122,54.0965],[-10.1222,54.0765],[-10.1532,54.0679],[-10.1831,54.0693],[-10.2383,54.0943],[-10.2433,54.1117],[-10.2154,54.1477],[-10.1496,54.1991],[-10.1367,54.2159],[-10.0766,54.2141],[-10.0631,54.209],[-10.0601,54.2114],[-10.0607,54.2142],[-10.0551,54.2186],[-10.0554,54.2263],[-10.0568,54.2286],[-10.0696,54.2277],[-10.1079,54.2368],[-10.1154,54.2467],[-10.099,54.2674],[-10.0963,54.2856],[-10.0828,54.2886],[-10.0474,54.2888],[-10.0342,54.2816],[-10.0335,54.2822],[-10.0346,54.2826],[-10.0322,54.2835],[-10.0264,54.2824],[-10.0305,54.2836],[-10.0267,54.2827],[-10.0283,54.2842],[-10.0247,54.2844],[-10.0239,54.2853],[-10.0251,54.286],[-10.0239,54.2865],[-10.0275,54.2866],[-10.0245,54.2867],[-10.0277,54.2875],[-10.0254,54.2878],[-10.0271,54.2892],[-10.0263,54.29],[-10.0222,54.2905],[-10.0236,54.291],[-10.0227,54.2921],[-10.02,54.2933],[-10.0088,54.2911],[-10.0068,54.2916],[-10.0093,54.2916],[-10.0079,54.2934],[-10.0053,54.2931],[-10.0081,54.2943],[-10.0055,54.2937],[-10.0083,54.2957],[-9.9984,54.2961],[-10.0064,54.2976],[-10.0048,54.3002],[-10.0088,54.3012],[-10.0065,54.3015],[-10.0079,54.3023],[-10.0014,54.3059],[-9.9988,54.3061],[-9.9971,54.3058],[-9.9977,54.3042],[-9.9942,54.3044],[-9.9935,54.3024],[-9.9906,54.302],[-9.9897,54.2993],[-9.9843,54.3008],[-9.9845,54.2981],[-9.9891,54.2968],[-9.9867,54.2961],[-9.9912,54.2944],[-9.9907,54.2924],[-9.9879,54.2907],[-9.9877,54.2888],[-9.9849,54.2907],[-9.9824,54.2897],[-9.9792,54.2905],[-9.9788,54.2883],[-9.9745,54.2892],[-9.9719,54.2862],[-9.9722,54.2842],[-9.9699,54.2802],[-9.9661,54.2788],[-9.9624,54.28],[-9.9639,54.2786],[-9.962,54.2751],[-9.9628,54.2723],[-9.9601,54.2715],[-9.9587,54.2723],[-9.9579,54.2708],[-9.9562,54.2724],[-9.9551,54.2715],[-9.9544,54.2723],[-9.9518,54.2701],[-9.9495,54.2726],[-9.9472,54.2726],[-9.9457,54.2706],[-9.9468,54.2693],[-9.9451,54.2702],[-9.9459,54.268],[-9.9447,54.2678],[-9.9436,54.2693],[-9.9419,54.2681],[-9.9407,54.269],[-9.9348,54.2687],[-9.9314,54.2711],[-9.9309,54.2691],[-9.9302,54.2697],[-9.9292,54.2682],[-9.9294,54.2665],[-9.9242,54.2695],[-9.9237,54.274],[-9.921,54.2747],[-9.923,54.2722],[-9.9215,54.2733],[-9.9203,54.2707],[-9.9216,54.2708],[-9.9192,54.2701],[-9.9216,54.2691],[-9.9186,54.2695],[-9.9178,54.2664],[-9.9201,54.2638],[-9.9083,54.2612],[-9.8987,54.2635],[-9.8956,54.2666],[-9.888,54.2691],[-9.8897,54.2678],[-9.8881,54.2679],[-9.8899,54.2662],[-9.889,54.2666],[-9.8893,54.2635],[-9.8952,54.2591],[-9.8939,54.2559],[-9.8905,54.2546],[-9.8972,54.2508],[-9.8967,54.2483],[-9.898,54.2448],[-9.902,54.2425],[-9.9021,54.2388],[-9.9081,54.2389],[-9.9103,54.2405],[-9.9097,54.2389],[-9.9113,54.2367],[-9.9153,54.2399],[-9.9159,54.2368],[-9.9191,54.2365],[-9.924,54.2338],[-9.9232,54.2321],[-9.9194,54.2317],[-9.9145,54.2292],[-9.9153,54.2273],[-9.9321,54.2269],[-9.9363,54.225],[-9.9466,54.2274],[-9.9494,54.225],[-9.9441,54.2202],[-9.967,54.2216],[-9.9822,54.2255],[-9.9862,54.2249],[-9.9863,54.224],[-9.9707,54.2181],[-9.9473,54.2126],[-9.913,54.2124],[-9.9092,54.2139],[-9.8986,54.2133],[-9.8894,54.2145],[-9.8885,54.2151],[-9.905,54.2169],[-9.9073,54.2204],[-9.9013,54.2219],[-9.8935,54.2263],[-9.8922,54.2304],[-9.882,54.2337],[-9.8672,54.2296],[-9.8686,54.2276],[-9.8674,54.2256],[-9.8577,54.2234],[-9.8473,54.2232],[-9.8527,54.2273],[-9.8606,54.2275],[-9.867,54.2351],[-9.8747,54.2398],[-9.8807,54.2457],[-9.8761,54.2467],[-9.872,54.2507],[-9.8777,54.2525],[-9.8798,54.2566],[-9.8711,54.2583],[-9.8711,54.2624],[-9.8729,54.2646],[-9.8707,54.2673],[-9.8678,54.2672],[-9.8665,54.2684],[-9.8686,54.2729],[-9.8655,54.2734],[-9.8648,54.2747],[-9.8563,54.2744],[-9.8508,54.2756],[-9.8451,54.2775],[-9.8452,54.279],[-9.8414,54.2798],[-9.8413,54.2809],[-9.8323,54.2803],[-9.8165,54.2843],[-9.8117,54.283],[-9.8063,54.2858],[-9.8134,54.2913],[-9.8185,54.2914],[-9.8225,54.2932],[-9.8216,54.2943],[-9.8238,54.2941],[-9.836,54.3005],[-9.8379,54.2956],[-9.8463,54.2944],[-9.8534,54.2949],[-9.8659,54.305],[-9.8623,54.3082],[-9.863,54.3219],[-9.8691,54.3253],[-9.8709,54.3284],[-9.8655,54.3306],[-9.8598,54.3304],[-9.8382,54.3263],[-9.8372,54.3238],[-9.8345,54.3279],[-9.8389,54.3298],[-9.8288,54.3301],[-9.8202,54.3352],[-9.8217,54.3378],[-9.8202,54.3368],[-9.8204,54.3377],[-9.8177,54.3384],[-9.8149,54.3367],[-9.8125,54.3385],[-9.8145,54.34],[-9.8114,54.3407],[-9.8118,54.3417],[-9.8074,54.3399],[-9.8079,54.3409],[-9.8052,54.3409],[-9.8067,54.3422],[-9.8046,54.3425],[-9.7982,54.3413],[-9.7987,54.3399],[-9.7967,54.3406],[-9.7972,54.3391],[-9.7939,54.3396],[-9.7945,54.3387],[-9.7922,54.338],[-9.7882,54.3395],[-9.7871,54.3414],[-9.7883,54.3422],[-9.7878,54.3443],[-9.786,54.3454],[-9.7849,54.344],[-9.7863,54.3417],[-9.7845,54.3409],[-9.7788,54.3435],[-9.7837,54.3368],[-9.7828,54.3367],[-9.7844,54.332],[-9.7822,54.3314],[-9.7798,54.3316],[-9.7779,54.3376],[-9.7748,54.3397],[-9.7735,54.3363],[-9.7725,54.3364],[-9.7734,54.3357],[-9.7717,54.3361],[-9.7728,54.3348],[-9.7683,54.3358],[-9.7678,54.3377],[-9.7656,54.3359],[-9.7646,54.3371],[-9.7612,54.3371],[-9.7587,54.339],[-9.7577,54.3385],[-9.7584,54.3396],[-9.7571,54.3402],[-9.7573,54.339],[-9.7557,54.3401],[-9.7553,54.339],[-9.7534,54.3403],[-9.7547,54.3378],[-9.7325,54.3393],[-9.7178,54.3386],[-9.7122,54.3358],[-9.7096,54.3306],[-9.7093,54.3243],[-9.7108,54.3196],[-9.7101,54.3165],[-9.7102,54.3201],[-9.7047,54.3234],[-9.7035,54.3207],[-9.6968,54.3213],[-9.6962,54.3189],[-9.6915,54.319],[-9.688,54.3167],[-9.6845,54.3162],[-9.6853,54.3168],[-9.6845,54.3176],[-9.6755,54.3163],[-9.6715,54.3202],[-9.6671,54.3175],[-9.6655,54.3192],[-9.6643,54.3142],[-9.6602,54.3131],[-9.6584,54.3147],[-9.66,54.3153],[-9.6569,54.3157],[-9.6567,54.3174],[-9.6486,54.3163],[-9.65,54.3173],[-9.6451,54.3177],[-9.6468,54.3187],[-9.6465,54.3198],[-9.6439,54.3205],[-9.643,54.3237],[-9.6413,54.3245],[-9.6388,54.324],[-9.6362,54.3199],[-9.6328,54.3225],[-9.6295,54.3218],[-9.6314,54.3233],[-9.6285,54.3235],[-9.626,54.3259],[-9.6248,54.3256],[-9.6256,54.3233],[-9.6175,54.326],[-9.6151,54.324],[-9.6153,54.322],[-9.6125,54.3213],[-9.5993,54.3242],[-9.5999,54.3201],[-9.5969,54.3229],[-9.5923,54.3237],[-9.5889,54.3206],[-9.585,54.3209],[-9.5824,54.3196],[-9.5796,54.3199],[-9.5771,54.3238],[-9.5742,54.3208],[-9.5696,54.3221],[-9.565,54.3212],[-9.5618,54.32],[-9.5633,54.3183],[-9.5619,54.3133],[-9.5533,54.3125],[-9.5518,54.3106],[-9.5463,54.3166],[-9.5335,54.3179],[-9.5319,54.3159],[-9.5362,54.312],[-9.5332,54.3123],[-9.53,54.31],[-9.5266,54.3104],[-9.526,54.3116],[-9.5255,54.31],[-9.522,54.3119],[-9.5218,54.3107],[-9.518,54.3092],[-9.513,54.3109],[-9.5097,54.3102],[-9.5071,54.3122],[-9.5059,54.3109],[-9.5053,54.3143],[-9.5032,54.3133],[-9.5019,54.3141],[-9.503,54.3145],[-9.5027,54.3163],[-9.4998,54.3178],[-9.5044,54.3174],[-9.5004,54.32],[-9.498,54.3197],[-9.4974,54.3188],[-9.4987,54.3182],[-9.497,54.3174],[-9.4905,54.3157],[-9.4869,54.3163],[-9.4865,54.3178],[-9.4835,54.3158],[-9.4799,54.3157],[-9.4803,54.3177],[-9.4782,54.3174],[-9.4785,54.3166],[-9.4728,54.3131],[-9.4703,54.3132],[-9.4642,54.3099],[-9.4608,54.3106],[-9.457,54.3091],[-9.4595,54.3038],[-9.4594,54.2972],[-9.4789,54.2711],[-9.4821,54.2688],[-9.4691,54.2556],[-9.4682,54.2495],[-9.4639,54.2455],[-9.4725,54.2401],[-9.4907,54.2399],[-9.4928,54.2391],[-9.4931,54.2377],[-9.4985,54.2398],[-9.5038,54.24],[-9.5045,54.2321],[-9.5091,54.2287],[-9.5105,54.226],[-9.5201,54.2223],[-9.5352,54.2189],[-9.5397,54.2215],[-9.5408,54.2236],[-9.5514,54.2212],[-9.5502,54.2148],[-9.5516,54.2088],[-9.5573,54.2088],[-9.5659,54.2014],[-9.5611,54.1923],[-9.5564,54.1882],[-9.5538,54.1832],[-9.561,54.1785],[-9.5608,54.1739],[-9.5561,54.1708],[-9.5565,54.1597],[-9.5616,54.1512],[-9.5611,54.1491],[-9.5596,54.1486],[-9.5594,54.1442],[-9.5579,54.1433],[-9.5639,54.1405],[-9.5666,54.1366],[-9.5671,54.1344],[-9.5659,54.1322],[-9.5628,54.1306],[-9.5647,54.1273],[-9.57,54.1248],[-9.5702,54.1231],[-9.5448,54.1299],[-9.5325,54.126],[-9.532,54.1251],[-9.5342,54.1244],[-9.534,54.1233],[-9.5322,54.122],[-9.5315,54.1188],[-9.5293,54.1174],[-9.5069,54.1113],[-9.503,54.1091],[-9.4943,54.1122],[-9.4947,54.1142],[-9.4936,54.115],[-9.482,54.1164],[-9.4735,54.1147],[-9.4673,54.1049],[-9.4604,54.1008],[-9.4577,54.1009],[-9.4519,54.098],[-9.4468,54.098],[-9.4373,54.1011],[-9.4322,54.0965],[-9.4336,54.0908],[-9.431,54.0915],[-9.4308,54.0899],[-9.4296,54.0896],[-9.4196,54.0907],[-9.4185,54.0876],[-9.4216,54.0842],[-9.4181,54.0777],[-9.4265,54.08],[-9.4302,54.0767],[-9.4257,54.0726],[-9.4249,54.0679],[-9.4205,54.0645],[-9.4179,54.0637],[-9.4139,54.0649],[-9.4107,54.0671],[-9.4115,54.0688],[-9.4093,54.071],[-9.4022,54.0713],[-9.4022,54.0702],[-9.3963,54.0692],[-9.3918,54.0658],[-9.3927,54.0656],[-9.39,54.0618],[-9.3914,54.0591],[-9.3898,54.0577]]]}},{"type":"Feature","properties":{"d":"Clifden","c":"5250G","dv":"Galway","st":"Clifden","hq":"Murrough","ad":"Clifden, Co. Galway","ph":"22500","ty":"District HQ","pop":10570,"km2":1456.396},"geometry":{"type":"Polygon","coordinates":[[[-9.2791,53.5154],[-9.2816,53.4696],[-9.3147,53.471],[-9.3236,53.4732],[-9.3258,53.4697],[-9.3493,53.4625],[-9.3508,53.4643],[-9.3486,53.4655],[-9.3518,53.4643],[-9.3538,53.4654],[-9.3536,53.4674],[-9.3515,53.4669],[-9.3493,53.4684],[-9.352,53.4692],[-9.3512,53.4702],[-9.3539,53.469],[-9.3696,53.4702],[-9.3685,53.4719],[-9.3596,53.4716],[-9.3564,53.4729],[-9.3598,53.4725],[-9.3646,53.4751],[-9.372,53.4742],[-9.3715,53.4758],[-9.3746,53.476],[-9.3765,53.4777],[-9.372,53.4806],[-9.3739,53.4817],[-9.3765,53.4806],[-9.382,53.4822],[-9.3876,53.4815],[-9.3908,53.4825],[-9.3981,53.4799],[-9.4171,53.4821],[-9.42,53.4814],[-9.4332,53.4856],[-9.4379,53.4857],[-9.4384,53.4873],[-9.4428,53.488],[-9.4492,53.4866],[-9.4548,53.4872],[-9.4565,53.4866],[-9.4568,53.4846],[-9.459,53.4838],[-9.4591,53.4822],[-9.4622,53.4792],[-9.468,53.4778],[-9.4848,53.4781],[-9.4841,53.4771],[-9.4862,53.4765],[-9.4883,53.4739],[-9.4936,53.4745],[-9.4967,53.4734],[-9.4987,53.4699],[-9.5026,53.4693],[-9.5056,53.4705],[-9.5115,53.4674],[-9.5094,53.4656],[-9.5108,53.4604],[-9.4986,53.4547],[-9.5001,53.4412],[-9.4994,53.4396],[-9.502,53.4371],[-9.5089,53.4356],[-9.5192,53.4259],[-9.537,53.42],[-9.5417,53.4199],[-9.5519,53.4226],[-9.5498,53.4255],[-9.5514,53.4269],[-9.5489,53.4266],[-9.5446,53.429],[-9.5473,53.4304],[-9.5463,53.4322],[-9.5484,53.4363],[-9.5417,53.4377],[-9.5462,53.441],[-9.5456,53.4442],[-9.5513,53.4436],[-9.5673,53.4469],[-9.573,53.4456],[-9.5846,53.448],[-9.5889,53.4464],[-9.5926,53.4469],[-9.5954,53.449],[-9.592,53.449],[-9.5914,53.4503],[-9.5952,53.451],[-9.6065,53.4473],[-9.6085,53.4479],[-9.608,53.4493],[-9.6133,53.453],[-9.6204,53.4543],[-9.6296,53.454],[-9.6319,53.4531],[-9.6341,53.4501],[-9.643,53.451],[-9.6439,53.4501],[-9.6428,53.4484],[-9.6455,53.4455],[-9.655,53.4408],[-9.6533,53.4394],[-9.6527,53.4349],[-9.651,53.4324],[-9.6535,53.4262],[-9.6506,53.4248],[-9.6528,53.4236],[-9.6519,53.4204],[-9.6545,53.4202],[-9.6551,53.4173],[-9.6573,53.4169],[-9.6579,53.4139],[-9.6539,53.4062],[-9.6555,53.4042],[-9.6549,53.4027],[-9.6585,53.3997],[-9.6589,53.3979],[-9.6572,53.3956],[-9.6537,53.3946],[-9.6553,53.3938],[-9.6545,53.3922],[-9.6562,53.3906],[-9.6557,53.3888],[-9.6574,53.386],[-9.6535,53.3845],[-9.6514,53.3799],[-9.6536,53.3783],[-9.6501,53.3708],[-9.6763,53.3595],[-9.6811,53.3548],[-9.6817,53.3508],[-9.6715,53.3404],[-9.6402,53.3245],[-9.6598,53.311],[-9.6796,53.3117],[-9.7025,53.3069],[-9.7694,53.2714],[-9.8594,53.2701],[-9.8601,53.2882],[-9.9358,53.2871],[-9.9813,53.3131],[-9.9829,53.349],[-9.9267,53.3635],[-9.9426,53.3783],[-9.9449,53.3786],[-9.9452,53.3803],[-9.9498,53.3795],[-9.9497,53.3806],[-9.9529,53.3812],[-9.9605,53.3766],[-9.9614,53.3728],[-9.9512,53.3706],[-9.9524,53.3688],[-9.9592,53.3676],[-9.9611,53.3681],[-9.9604,53.37],[-9.9635,53.3701],[-9.9625,53.3712],[-9.9652,53.3716],[-9.9672,53.3736],[-9.9696,53.3737],[-9.9727,53.3713],[-9.9771,53.3742],[-9.9747,53.3772],[-9.9725,53.3779],[-9.9642,53.3774],[-9.9629,53.3802],[-9.966,53.3827],[-9.974,53.3838],[-9.975,53.3825],[-9.9895,53.3795],[-9.9916,53.3805],[-9.9964,53.3803],[-10.0002,53.3831],[-10.005,53.3837],[-10.0111,53.3805],[-10.0154,53.3822],[-10.0164,53.3862],[-10.0303,53.3853],[-10.0294,53.3876],[-10.0321,53.3904],[-10.0367,53.3906],[-10.037,53.3932],[-10.0349,53.3941],[-10.0361,53.3944],[-10.1382,53.3915],[-10.1446,53.3924],[-10.1516,53.3953],[-10.163,53.4053],[-10.1622,53.4076],[-10.1584,53.4098],[-10.1405,53.4163],[-10.1516,53.4206],[-10.1571,53.4159],[-10.1645,53.416],[-10.1653,53.4145],[-10.1694,53.4133],[-10.176,53.4055],[-10.1962,53.3993],[-10.2124,53.3957],[-10.2358,53.3963],[-10.2388,53.401],[-10.1792,53.4382],[-10.1594,53.4463],[-10.1507,53.4464],[-10.1396,53.4425],[-10.1384,53.4449],[-10.1403,53.4467],[-10.1347,53.4474],[-10.1362,53.4503],[-10.133,53.4513],[-10.1334,53.4529],[-10.1296,53.4531],[-10.1276,53.4551],[-10.1208,53.4515],[-10.1107,53.4521],[-10.1089,53.4492],[-10.1004,53.4509],[-10.0978,53.4501],[-10.0976,53.448],[-10.0946,53.4471],[-10.0964,53.445],[-10.0934,53.4439],[-10.0938,53.4422],[-10.0913,53.4438],[-10.0891,53.4429],[-10.0904,53.4421],[-10.0895,53.4421],[-10.0892,53.4394],[-10.0913,53.4392],[-10.0893,53.4379],[-10.0898,53.437],[-10.0874,53.4363],[-10.086,53.438],[-10.0804,53.4382],[-10.0801,53.4393],[-10.0837,53.4386],[-10.0825,53.439],[-10.0841,53.4396],[-10.0825,53.4407],[-10.0839,53.4409],[-10.0822,53.441],[-10.0832,53.4412],[-10.0848,53.446],[-10.0875,53.4446],[-10.0913,53.4459],[-10.0902,53.4468],[-10.0839,53.4469],[-10.0813,53.4448],[-10.0812,53.4425],[-10.075,53.4384],[-10.0711,53.4395],[-10.0723,53.4416],[-10.0696,53.4427],[-10.0645,53.4414],[-10.0627,53.4429],[-10.0621,53.4515],[-10.0586,53.4516],[-10.0589,53.4556],[-10.0579,53.4556],[-10.0566,53.4585],[-10.0511,53.4564],[-10.0516,53.4575],[-10.043,53.458],[-10.0415,53.4595],[-10.0368,53.4588],[-10.0343,53.46],[-10.0343,53.4613],[-10.0403,53.4634],[-10.0443,53.4629],[-10.0447,53.4639],[-10.0505,53.4645],[-10.0492,53.4639],[-10.0495,53.4619],[-10.0557,53.4595],[-10.0626,53.4571],[-10.0699,53.4571],[-10.1001,53.4671],[-10.1139,53.4782],[-10.1131,53.482],[-10.0917,53.4881],[-10.0854,53.4868],[-10.0834,53.4889],[-10.079,53.4885],[-10.069,53.4835],[-10.0568,53.4813],[-10.056,53.4806],[-10.0574,53.4796],[-10.0601,53.4816],[-10.0632,53.48],[-10.0535,53.4785],[-10.051,53.4748],[-10.0222,53.4675],[-10.0205,53.4686],[-10.018,53.464],[-10.0181,53.4656],[-10.017,53.4657],[-10.0186,53.468],[-10.0177,53.4681],[-10.02,53.4711],[-10.019,53.4719],[-10.0197,53.4727],[-10.0187,53.4724],[-10.0196,53.4739],[-10.022,53.4741],[-10.0203,53.475],[-10.0233,53.4748],[-10.0242,53.4759],[-10.0236,53.4744],[-10.0268,53.4752],[-10.0253,53.4745],[-10.0268,53.4738],[-10.0263,53.4729],[-10.0316,53.4743],[-10.0336,53.473],[-10.0396,53.4749],[-10.0381,53.4759],[-10.0459,53.4795],[-10.0455,53.4817],[-10.0425,53.4826],[-10.0305,53.4841],[-10.0285,53.4829],[-10.0259,53.4845],[-10.0266,53.4858],[-10.0224,53.4875],[-10.0264,53.4875],[-10.0306,53.4845],[-10.0502,53.4859],[-10.049,53.4842],[-10.0618,53.4911],[-10.0694,53.4907],[-10.0875,53.4964],[-10.1076,53.496],[-10.1113,53.4993],[-10.1101,53.4992],[-10.1113,53.4994],[-10.1121,53.4991],[-10.1135,53.501],[-10.1259,53.4971],[-10.1391,53.4954],[-10.1563,53.4958],[-10.1755,53.5032],[-10.1764,53.5071],[-10.1685,53.5194],[-10.2294,53.5213],[-10.2641,53.5425],[-10.2631,53.5494],[-10.2857,53.593],[-10.3043,53.5983],[-10.306,53.6095],[-10.2932,53.6272],[-10.2627,53.6346],[-10.2159,53.6398],[-10.1736,53.6409],[-10.1249,53.6304],[-10.126,53.6257],[-10.0718,53.6107],[-10.0376,53.617],[-10.0097,53.6197],[-10.0039,53.6304],[-9.8689,53.6301],[-9.8419,53.6181],[-9.8302,53.6108],[-9.8105,53.6064],[-9.8038,53.6007],[-9.7964,53.5999],[-9.791,53.5955],[-9.7853,53.593],[-9.7857,53.5949],[-9.7837,53.596],[-9.7794,53.5955],[-9.7334,53.6002],[-9.7166,53.5982],[-9.7026,53.5948],[-9.6971,53.5966],[-9.6948,53.5958],[-9.6899,53.6051],[-9.6782,53.6101],[-9.6747,53.6095],[-9.6755,53.6088],[-9.6742,53.6072],[-9.6718,53.607],[-9.6709,53.6089],[-9.6716,53.612],[-9.6694,53.6127],[-9.66,53.6103],[-9.6523,53.6024],[-9.6471,53.6004],[-9.6291,53.6057],[-9.6106,53.6066],[-9.5853,53.5991],[-9.5764,53.601],[-9.5648,53.6126],[-9.5581,53.6111],[-9.5555,53.608],[-9.5563,53.6052],[-9.5553,53.6035],[-9.5574,53.6012],[-9.557,53.5997],[-9.5442,53.5808],[-9.537,53.582],[-9.5218,53.5804],[-9.5199,53.5779],[-9.512,53.5783],[-9.5114,53.5757],[-9.5074,53.5747],[-9.5076,53.5732],[-9.5059,53.5719],[-9.4977,53.5705],[-9.4961,53.5685],[-9.4903,53.5681],[-9.4865,53.5644],[-9.482,53.5661],[-9.4814,53.5625],[-9.4803,53.5623],[-9.4385,53.5653],[-9.4253,53.5638],[-9.4151,53.5653],[-9.41,53.5682],[-9.3609,53.5737],[-9.3567,53.5681],[-9.3459,53.5633],[-9.3462,53.5606],[-9.3516,53.5557],[-9.3531,53.547],[-9.3344,53.5388],[-9.335,53.5369],[-9.3387,53.5353],[-9.3447,53.528],[-9.3458,53.5235],[-9.3541,53.5102],[-9.3259,53.513],[-9.2791,53.5154]]]}},{"type":"Feature","properties":{"d":"Salthill","c":"5357M","dv":"Galway","st":"Salthill","hq":"Murrough","ad":"Dalysfort Road, Salthill, Galway","ph":"514720","ty":"District HQ","pop":53357,"km2":1460.955},"geometry":{"type":"Polygon","coordinates":[[[-9.066,53.2687],[-9.0674,53.2671],[-9.0665,53.265],[-9.0701,53.2629],[-9.0688,53.2618],[-9.0693,53.2583],[-9.0939,53.2564],[-9.0991,53.2546],[-9.1062,53.2553],[-9.1095,53.2532],[-9.1101,53.2504],[-9.1132,53.2484],[-9.1101,53.2526],[-9.1117,53.2522],[-9.1147,53.2546],[-9.1208,53.2499],[-9.1275,53.2513],[-9.1391,53.2487],[-9.1462,53.2504],[-9.1628,53.2461],[-9.1685,53.2469],[-9.1791,53.2454],[-9.2052,53.2474],[-9.2191,53.2453],[-9.2199,53.2479],[-9.2241,53.2504],[-9.2301,53.2475],[-9.2437,53.2465],[-9.2477,53.2445],[-9.2488,53.2459],[-9.2557,53.2454],[-9.2717,53.2424],[-9.2811,53.244],[-9.2848,53.243],[-9.2857,53.244],[-9.2883,53.2425],[-9.2936,53.2421],[-9.2938,53.2432],[-9.3001,53.2439],[-9.3048,53.2435],[-9.3052,53.2418],[-9.3088,53.2431],[-9.3114,53.2404],[-9.309,53.2403],[-9.3135,53.2394],[-9.3294,53.2401],[-9.333,53.2387],[-9.3352,53.2391],[-9.3325,53.2398],[-9.3337,53.2407],[-9.3356,53.2396],[-9.3357,53.2413],[-9.3363,53.2396],[-9.3395,53.2384],[-9.34,53.2397],[-9.3439,53.2396],[-9.3429,53.2413],[-9.3448,53.2391],[-9.3474,53.2407],[-9.3605,53.2425],[-9.3692,53.2405],[-9.375,53.2373],[-9.3782,53.2372],[-9.493,53.0868],[-9.4914,53.0328],[-9.6819,53.03],[-9.8684,53.1309],[-9.8696,53.1701],[-9.7971,53.2171],[-9.7988,53.253],[-9.7455,53.2849],[-9.7025,53.3069],[-9.6796,53.3117],[-9.6598,53.311],[-9.6402,53.3245],[-9.6715,53.3404],[-9.6817,53.3508],[-9.6811,53.3548],[-9.6763,53.3595],[-9.6501,53.3708],[-9.6536,53.3783],[-9.6514,53.3799],[-9.6535,53.3845],[-9.6574,53.386],[-9.6557,53.3888],[-9.6562,53.3906],[-9.6545,53.3922],[-9.6553,53.3938],[-9.6537,53.3946],[-9.6572,53.3956],[-9.6589,53.3979],[-9.6585,53.3997],[-9.6549,53.4027],[-9.6555,53.4042],[-9.6539,53.4062],[-9.6579,53.4139],[-9.6573,53.4169],[-9.6551,53.4173],[-9.6545,53.4202],[-9.6519,53.4204],[-9.6528,53.4236],[-9.6506,53.4248],[-9.6535,53.4262],[-9.651,53.4324],[-9.6527,53.4349],[-9.6533,53.4394],[-9.655,53.4408],[-9.6455,53.4455],[-9.6428,53.4484],[-9.6439,53.4501],[-9.643,53.451],[-9.6341,53.4501],[-9.6319,53.4531],[-9.628,53.4541],[-9.6133,53.453],[-9.608,53.4493],[-9.6085,53.4479],[-9.6065,53.4473],[-9.5952,53.451],[-9.5914,53.4503],[-9.592,53.449],[-9.5954,53.449],[-9.5926,53.4469],[-9.5889,53.4464],[-9.5846,53.448],[-9.573,53.4456],[-9.5673,53.4469],[-9.5513,53.4436],[-9.5456,53.4442],[-9.5462,53.441],[-9.5417,53.4377],[-9.5484,53.4363],[-9.5463,53.4322],[-9.5473,53.4304],[-9.5446,53.429],[-9.5489,53.4266],[-9.5514,53.4269],[-9.5498,53.4255],[-9.5519,53.4226],[-9.5417,53.4199],[-9.537,53.42],[-9.5192,53.4259],[-9.5089,53.4356],[-9.502,53.4371],[-9.4994,53.4396],[-9.5001,53.4412],[-9.4986,53.4547],[-9.5108,53.4604],[-9.5094,53.4656],[-9.5115,53.4674],[-9.5056,53.4705],[-9.5026,53.4693],[-9.4987,53.4699],[-9.4967,53.4734],[-9.4936,53.4745],[-9.4883,53.4739],[-9.4862,53.4765],[-9.4841,53.4771],[-9.4848,53.4781],[-9.468,53.4778],[-9.4622,53.4792],[-9.4591,53.4822],[-9.459,53.4838],[-9.4568,53.4846],[-9.4565,53.4866],[-9.4548,53.4872],[-9.4492,53.4866],[-9.4428,53.488],[-9.4384,53.4873],[-9.4379,53.4857],[-9.4332,53.4856],[-9.42,53.4814],[-9.4171,53.4821],[-9.3981,53.4799],[-9.3908,53.4825],[-9.3876,53.4815],[-9.382,53.4822],[-9.3765,53.4806],[-9.3739,53.4817],[-9.372,53.4806],[-9.3765,53.4777],[-9.3746,53.476],[-9.3715,53.4758],[-9.372,53.4742],[-9.3646,53.4751],[-9.3598,53.4725],[-9.3564,53.4729],[-9.3596,53.4716],[-9.3685,53.4719],[-9.3696,53.4702],[-9.3539,53.469],[-9.3512,53.4702],[-9.352,53.4692],[-9.3493,53.4684],[-9.3515,53.4669],[-9.3536,53.4674],[-9.3538,53.4654],[-9.3518,53.4643],[-9.3486,53.4655],[-9.3508,53.4643],[-9.3493,53.4625],[-9.3258,53.4697],[-9.3236,53.4732],[-9.3147,53.471],[-9.2662,53.469],[-9.2599,53.4497],[-9.2399,53.4448],[-9.2142,53.4439],[-9.1851,53.4254],[-9.1453,53.4236],[-9.1328,53.4257],[-9.1223,53.423],[-9.1198,53.41],[-9.1019,53.403],[-9.1051,53.3865],[-9.0958,53.3723],[-9.1041,53.3512],[-9.1442,53.3472],[-9.136,53.3435],[-9.1382,53.3402],[-9.1428,53.341],[-9.145,53.3388],[-9.158,53.3372],[-9.1538,53.3283],[-9.1588,53.3275],[-9.1591,53.3275],[-9.1595,53.3237],[-9.154,53.3213],[-9.1533,53.3198],[-9.1547,53.3192],[-9.151,53.3167],[-9.1457,53.3145],[-9.1498,53.3092],[-9.1379,53.3095],[-9.1381,53.3065],[-9.1347,53.3052],[-9.1325,53.3017],[-9.1285,53.3032],[-9.1264,53.3016],[-9.124,53.3021],[-9.1199,53.3061],[-9.1166,53.3048],[-9.116,53.3031],[-9.1179,53.2982],[-9.1046,53.2941],[-9.1081,53.2885],[-9.0885,53.2814],[-9.0808,53.274],[-9.0763,53.2734],[-9.0753,53.272],[-9.0756,53.2687],[-9.0728,53.2703],[-9.0727,53.2689],[-9.066,53.2687]]]}},{"type":"Feature","properties":{"d":"Galway","c":"5240L","dv":"Galway","st":"Galway","hq":"Murrough","ad":"Millstreet, Galway, Co. Galway","ph":"538000","ty":"District HQ","pop":92149,"km2":668.866},"geometry":{"type":"Polygon","coordinates":[[[-8.5306,53.2756],[-8.5319,53.2733],[-8.545,53.2668],[-8.5505,53.262],[-8.5492,53.2588],[-8.5444,53.2601],[-8.5422,53.2575],[-8.5447,53.2562],[-8.5486,53.2575],[-8.5505,53.2567],[-8.5515,53.2532],[-8.5597,53.2503],[-8.5634,53.2448],[-8.5773,53.2452],[-8.5876,53.2423],[-8.59,53.2444],[-8.5889,53.2475],[-8.5899,53.2504],[-8.5949,53.2498],[-8.5988,53.2571],[-8.6017,53.256],[-8.5981,53.2492],[-8.6013,53.2475],[-8.6017,53.2447],[-8.6074,53.2436],[-8.6072,53.2409],[-8.6168,53.2412],[-8.6207,53.2402],[-8.6295,53.2267],[-8.6495,53.2256],[-8.6535,53.2205],[-8.6615,53.2195],[-8.6726,53.2195],[-8.683,53.223],[-8.6838,53.2276],[-8.6865,53.2259],[-8.6907,53.2274],[-8.6997,53.2269],[-8.7017,53.2308],[-8.7074,53.2307],[-8.7115,53.2367],[-8.7168,53.2373],[-8.7189,53.2396],[-8.718,53.2423],[-8.7147,53.2436],[-8.7115,53.243],[-8.7104,53.2442],[-8.7124,53.2467],[-8.717,53.2485],[-8.724,53.2542],[-8.7306,53.2702],[-8.7402,53.2699],[-8.7451,53.2679],[-8.7451,53.2607],[-8.7472,53.2585],[-8.7441,53.2539],[-8.7489,53.2501],[-8.7574,53.2516],[-8.76,53.2505],[-8.7621,53.2532],[-8.7655,53.2542],[-8.7692,53.2526],[-8.7729,53.2549],[-8.7784,53.2494],[-8.7884,53.2575],[-8.79,53.2555],[-8.7955,53.2555],[-8.8032,53.2534],[-8.8076,53.2498],[-8.8181,53.2511],[-8.8277,53.249],[-8.8384,53.2442],[-8.841,53.2463],[-8.8478,53.2423],[-8.8459,53.2391],[-8.8415,53.237],[-8.8426,53.2316],[-8.8508,53.2289],[-8.8509,53.2229],[-8.8532,53.2227],[-8.8559,53.2196],[-8.865,53.2162],[-8.8647,53.2154],[-8.8784,53.2124],[-8.8802,53.2104],[-8.8876,53.2098],[-8.9001,53.214],[-8.9161,53.2138],[-8.9208,53.2104],[-8.9446,53.2015],[-8.9573,53.1942],[-8.9619,53.1868],[-9.0037,53.1867],[-9.0111,53.1905],[-9.0082,53.1946],[-9.0018,53.1986],[-9.002,53.2037],[-9.0169,53.2055],[-9.0539,53.2181],[-9.0522,53.2212],[-9.0352,53.2269],[-9.0076,53.2289],[-8.9613,53.2371],[-8.9493,53.2352],[-8.9474,53.2383],[-8.9449,53.239],[-8.9484,53.2397],[-8.9535,53.2381],[-8.9592,53.2394],[-8.9616,53.2388],[-8.961,53.2407],[-8.9722,53.236],[-8.984,53.2372],[-8.9909,53.2348],[-9.0071,53.2324],[-8.9789,53.2402],[-8.9734,53.2404],[-8.969,53.2389],[-8.9637,53.2406],[-8.9615,53.244],[-8.9628,53.2458],[-8.9703,53.2437],[-8.9737,53.2452],[-8.9784,53.2448],[-8.9876,53.2471],[-8.9922,53.2456],[-8.9842,53.2485],[-8.9834,53.2516],[-8.9772,53.2563],[-8.9664,53.257],[-8.965,53.2559],[-8.971,53.2561],[-8.9665,53.255],[-8.9604,53.2572],[-8.9535,53.2565],[-8.9459,53.2589],[-8.945,53.2585],[-8.9473,53.2573],[-8.9456,53.2569],[-8.9458,53.2579],[-8.9425,53.2576],[-8.9419,53.2589],[-8.9441,53.2604],[-8.9429,53.261],[-8.939,53.2586],[-8.9372,53.259],[-8.9428,53.2627],[-8.9452,53.2631],[-8.9443,53.2622],[-8.9456,53.2615],[-8.9481,53.2623],[-8.9443,53.2652],[-8.9414,53.2655],[-8.9396,53.2642],[-8.9397,53.2658],[-8.9339,53.2685],[-8.9332,53.2707],[-8.9348,53.2709],[-8.9349,53.2725],[-8.9366,53.2732],[-8.9405,53.2712],[-8.9435,53.2735],[-8.9447,53.2725],[-8.9459,53.2737],[-8.9527,53.2702],[-8.9531,53.2727],[-8.9636,53.2693],[-8.9688,53.2709],[-8.9732,53.2701],[-8.9767,53.2663],[-8.9745,53.2658],[-8.9765,53.264],[-8.9723,53.2639],[-8.9707,53.2631],[-8.972,53.2618],[-8.9799,53.2647],[-8.9944,53.2622],[-8.9968,53.2657],[-8.9966,53.2675],[-8.9923,53.2687],[-8.9933,53.2708],[-8.9972,53.2682],[-9.0038,53.2609],[-9.0149,53.258],[-9.0492,53.2527],[-9.059,53.253],[-9.0701,53.2629],[-9.0665,53.265],[-9.0674,53.2671],[-9.066,53.2687],[-9.0727,53.2689],[-9.0728,53.2703],[-9.0756,53.2687],[-9.0753,53.272],[-9.0763,53.2734],[-9.0808,53.274],[-9.0885,53.2814],[-9.1081,53.2885],[-9.1046,53.2941],[-9.1179,53.2982],[-9.116,53.3031],[-9.1166,53.3048],[-9.1199,53.3061],[-9.124,53.3021],[-9.1264,53.3016],[-9.1285,53.3032],[-9.1325,53.3017],[-9.1347,53.3052],[-9.1381,53.3065],[-9.1379,53.3095],[-9.1498,53.3092],[-9.1457,53.3145],[-9.151,53.3167],[-9.1547,53.3192],[-9.1533,53.3198],[-9.154,53.3213],[-9.1595,53.3237],[-9.159,53.3275],[-9.1538,53.3283],[-9.158,53.3372],[-9.145,53.3388],[-9.1428,53.341],[-9.1382,53.3402],[-9.136,53.3435],[-9.1442,53.3472],[-9.1041,53.3512],[-9.0958,53.3723],[-9.1051,53.3865],[-9.1019,53.403],[-9.0996,53.4052],[-9.081,53.41],[-9.074,53.4156],[-9.0672,53.4164],[-9.068,53.418],[-9.0657,53.4162],[-9.0671,53.416],[-9.0658,53.4146],[-9.0637,53.4152],[-9.0627,53.4141],[-9.0629,53.4152],[-9.0606,53.4168],[-9.0591,53.4165],[-9.0584,53.4142],[-9.056,53.4155],[-9.057,53.4143],[-9.0549,53.4138],[-9.0553,53.415],[-9.0536,53.4162],[-9.0451,53.4182],[-9.0451,53.4194],[-9.0424,53.4186],[-9.045,53.4163],[-9.0362,53.4159],[-9.0364,53.4146],[-9.0394,53.4142],[-9.038,53.4123],[-9.0332,53.4135],[-9.0284,53.418],[-9.0235,53.4195],[-9.0232,53.424],[-9.0216,53.4252],[-9.0173,53.4238],[-9.013,53.4253],[-8.9943,53.4223],[-8.9902,53.4233],[-8.9911,53.4261],[-8.9871,53.4271],[-8.9871,53.4262],[-8.9779,53.4235],[-8.9749,53.4256],[-8.969,53.4228],[-8.97,53.4218],[-8.9668,53.4194],[-8.9444,53.4275],[-8.9376,53.4279],[-8.9351,53.4241],[-8.9316,53.4217],[-8.9264,53.4238],[-8.9062,53.4177],[-8.9094,53.4106],[-8.9137,53.4097],[-8.9139,53.4073],[-8.9053,53.3992],[-8.9084,53.3972],[-8.912,53.3975],[-8.9129,53.3945],[-8.8952,53.3914],[-8.8914,53.3922],[-8.8874,53.3869],[-8.8702,53.3887],[-8.8672,53.3916],[-8.8635,53.3985],[-8.8597,53.4009],[-8.8554,53.401],[-8.8422,53.4056],[-8.8337,53.4051],[-8.8165,53.395],[-8.8113,53.3935],[-8.7974,53.3967],[-8.7988,53.3981],[-8.7948,53.4003],[-8.7956,53.403],[-8.7754,53.4107],[-8.7721,53.407],[-8.7726,53.4062],[-8.7709,53.4056],[-8.7622,53.4043],[-8.7551,53.4049],[-8.7505,53.4032],[-8.7409,53.4042],[-8.738,53.4055],[-8.7226,53.4039],[-8.7219,53.405],[-8.7171,53.4047],[-8.7068,53.4093],[-8.6951,53.4118],[-8.6873,53.4113],[-8.6889,53.4093],[-8.6847,53.407],[-8.6577,53.4094],[-8.6564,53.4092],[-8.6571,53.4049],[-8.6512,53.403],[-8.6532,53.3972],[-8.6469,53.3954],[-8.6509,53.3877],[-8.648,53.3879],[-8.6454,53.3827],[-8.6408,53.3845],[-8.6315,53.3931],[-8.6249,53.3942],[-8.6227,53.3938],[-8.6215,53.3899],[-8.613,53.3845],[-8.6089,53.3733],[-8.6145,53.3687],[-8.6174,53.3621],[-8.6114,53.36],[-8.608,53.3565],[-8.6091,53.3527],[-8.6049,53.3503],[-8.6006,53.3501],[-8.5993,53.3487],[-8.5929,53.3512],[-8.5923,53.3555],[-8.5866,53.3553],[-8.5861,53.3523],[-8.5769,53.3501],[-8.57,53.3502],[-8.5702,53.349],[-8.5682,53.3494],[-8.5674,53.3483],[-8.5645,53.3409],[-8.5685,53.34],[-8.5715,53.3352],[-8.5758,53.3352],[-8.5778,53.3303],[-8.587,53.3329],[-8.5948,53.3289],[-8.6055,53.3294],[-8.6033,53.324],[-8.6043,53.3215],[-8.6012,53.3143],[-8.6052,53.3072],[-8.6039,53.3027],[-8.6101,53.2998],[-8.6129,53.3003],[-8.6127,53.2983],[-8.6103,53.298],[-8.6095,53.2958],[-8.6049,53.2935],[-8.5851,53.2878],[-8.5838,53.2856],[-8.5858,53.2837],[-8.5848,53.2811],[-8.583,53.2804],[-8.549,53.2802],[-8.5461,53.2784],[-8.5502,53.2761],[-8.545,53.2733],[-8.5306,53.2756]]]}},{"type":"Feature","properties":{"d":"Kilrush","c":"5070K","dv":"Clare & Tipperary","st":"Kilrush","hq":"Ennis","ad":"Kilrush, Co. Clare","ph":"9080550","ty":"District HQ","pop":35290,"km2":1932.235},"geometry":{"type":"Polygon","coordinates":[[[-8.9643,52.9824],[-8.9677,52.9789],[-8.9717,52.9783],[-8.973,52.9747],[-8.9809,52.9718],[-8.9838,52.9658],[-8.9975,52.9597],[-8.996,52.9577],[-8.9985,52.9542],[-8.9976,52.9535],[-8.9986,52.9505],[-8.9962,52.9486],[-8.991,52.9475],[-8.9866,52.9494],[-8.9893,52.951],[-8.9877,52.9529],[-8.9894,52.9538],[-8.9849,52.9551],[-8.982,52.9541],[-8.9829,52.9515],[-8.9809,52.9497],[-8.9778,52.9493],[-8.9772,52.9468],[-8.9806,52.9484],[-8.9825,52.9472],[-8.9832,52.9488],[-8.9872,52.9483],[-8.9861,52.9454],[-8.9884,52.9392],[-8.9885,52.9351],[-8.9934,52.9346],[-8.9928,52.9355],[-8.9944,52.9369],[-8.9962,52.9433],[-9.0015,52.9408],[-9.0028,52.9433],[-9.0052,52.9433],[-9.0078,52.9461],[-9.0154,52.9448],[-9.0112,52.944],[-9.0118,52.9404],[-9.0219,52.9395],[-9.0184,52.9366],[-9.018,52.9348],[-9.0147,52.9338],[-9.0154,52.9332],[-9.0096,52.9327],[-9.0059,52.9307],[-9.0095,52.9272],[-9.0086,52.9241],[-9.0098,52.923],[-9.0096,52.9206],[-9.0118,52.919],[-9.0105,52.9163],[-9.0154,52.9153],[-9.0188,52.9175],[-9.0199,52.9207],[-9.0254,52.9215],[-9.0268,52.9207],[-9.0257,52.9172],[-9.0277,52.9161],[-9.0254,52.9135],[-9.0271,52.9103],[-9.0282,52.9086],[-9.0364,52.9073],[-9.038,52.8998],[-9.0413,52.9002],[-9.0403,52.8991],[-9.0428,52.8984],[-9.042,52.8976],[-9.0437,52.8963],[-9.0442,52.8974],[-9.0498,52.8972],[-9.0554,52.8958],[-9.0576,52.8986],[-9.0568,52.8963],[-9.0593,52.8953],[-9.0588,52.8911],[-9.0644,52.8911],[-9.0637,52.8888],[-9.0448,52.8899],[-9.0432,52.8898],[-9.0428,52.8878],[-9.0384,52.8881],[-9.0374,52.8901],[-9.0354,52.8899],[-9.0356,52.8887],[-9.033,52.8871],[-9.0335,52.8857],[-9.031,52.8859],[-9.0278,52.8833],[-9.0313,52.8811],[-9.0355,52.8828],[-9.0346,52.8846],[-9.0381,52.8858],[-9.0443,52.8843],[-9.0468,52.8827],[-9.047,52.8799],[-9.0465,52.8784],[-9.0423,52.8801],[-9.0434,52.8752],[-9.0557,52.8721],[-9.0555,52.869],[-9.0521,52.8682],[-9.048,52.8591],[-9.0586,52.8585],[-9.0587,52.8601],[-9.0612,52.8613],[-9.0649,52.8602],[-9.0665,52.8609],[-9.0678,52.8596],[-9.0664,52.8579],[-9.0724,52.8575],[-9.071,52.8574],[-9.07,52.8553],[-9.0711,52.8532],[-9.0703,52.8515],[-9.0678,52.8507],[-9.0694,52.8481],[-9.0729,52.8462],[-9.0756,52.8468],[-9.0901,52.842],[-9.0944,52.8441],[-9.1,52.8413],[-9.1046,52.8411],[-9.107,52.8352],[-9.1055,52.8327],[-9.106,52.8309],[-9.1046,52.8299],[-9.1198,52.8279],[-9.1217,52.8265],[-9.122,52.8231],[-9.1272,52.821],[-9.1279,52.8195],[-9.1251,52.8185],[-9.114,52.8186],[-9.1103,52.8167],[-9.1102,52.8148],[-9.1145,52.8092],[-9.1273,52.8075],[-9.1256,52.8061],[-9.1211,52.8053],[-9.1202,52.8038],[-9.1117,52.8056],[-9.1047,52.8051],[-9.1011,52.8031],[-9.102,52.8016],[-9.0966,52.7997],[-9.0992,52.7962],[-9.0856,52.7954],[-9.0921,52.7893],[-9.091,52.7862],[-9.0886,52.7856],[-9.0906,52.7823],[-9.0892,52.7803],[-9.0859,52.7802],[-9.0826,52.7822],[-9.0803,52.7856],[-9.0764,52.7859],[-9.0696,52.7846],[-9.0648,52.7814],[-9.0694,52.777],[-9.0845,52.7719],[-9.0781,52.7705],[-9.0755,52.7681],[-9.0713,52.7682],[-9.0691,52.767],[-9.0693,52.766],[-9.0599,52.7642],[-9.056,52.766],[-9.0484,52.7746],[-9.0438,52.7763],[-9.0403,52.7727],[-9.0392,52.7743],[-9.0366,52.7746],[-9.0282,52.7725],[-9.0275,52.7732],[-9.0254,52.7721],[-9.0253,52.7703],[-9.0235,52.7724],[-9.0198,52.7731],[-9.0293,52.7634],[-9.0278,52.7626],[-9.0288,52.7584],[-9.0239,52.7566],[-9.0196,52.7581],[-9.0179,52.7604],[-9.0154,52.7597],[-9.012,52.7615],[-9.0079,52.7618],[-9.0058,52.765],[-8.9896,52.7629],[-8.9844,52.7641],[-8.9824,52.763],[-8.9904,52.7569],[-8.9925,52.7533],[-8.9932,52.7482],[-8.9896,52.7418],[-8.9739,52.7281],[-8.9723,52.7236],[-8.9725,52.7202],[-8.9741,52.7169],[-8.978,52.7132],[-8.9922,52.7074],[-8.9965,52.6978],[-8.9961,52.6923],[-8.9851,52.6616],[-9.0197,52.6494],[-9.0515,52.6521],[-9.0679,52.6509],[-9.0756,52.6489],[-9.1045,52.6379],[-9.1234,52.6336],[-9.1492,52.6149],[-9.1648,52.6115],[-9.1928,52.6109],[-9.229,52.608],[-9.2539,52.5957],[-9.2852,52.5824],[-9.2946,52.5797],[-9.3285,52.5805],[-9.3385,52.5833],[-9.3569,52.6009],[-9.3652,52.6025],[-9.3711,52.602],[-9.3968,52.5935],[-9.4083,52.5917],[-9.4379,52.5964],[-9.6354,52.5996],[-9.6575,52.5925],[-9.6795,52.5728],[-9.6965,52.5834],[-9.7006,52.5814],[-9.7115,52.5796],[-9.7182,52.582],[-9.7183,52.5842],[-9.7208,52.5856],[-9.7259,52.5858],[-9.7276,52.5833],[-9.731,52.5862],[-9.737,52.5873],[-9.745,52.5852],[-9.7455,52.5819],[-9.7423,52.5803],[-9.7561,52.5775],[-9.7713,52.5722],[-9.7923,52.57],[-9.7974,52.5675],[-9.8063,52.5655],[-9.8152,52.5652],[-9.8175,52.5657],[-9.8178,52.5669],[-9.8193,52.5662],[-9.8202,52.5685],[-9.8252,52.5689],[-9.8265,52.5703],[-9.8322,52.5698],[-9.8367,52.5722],[-9.8454,52.5719],[-9.8616,52.5705],[-9.8628,52.5689],[-9.8606,52.568],[-9.8611,52.5661],[-9.8679,52.5615],[-9.8731,52.5606],[-9.8763,52.5583],[-9.8776,52.5592],[-9.879,52.5576],[-9.8849,52.5581],[-9.8916,52.5546],[-9.893,52.5553],[-9.8893,52.556],[-9.8904,52.5577],[-9.8984,52.5579],[-9.9038,52.5565],[-9.9089,52.5582],[-9.9231,52.5569],[-9.924,52.5571],[-9.9236,52.558],[-9.9291,52.5563],[-9.9387,52.5596],[-9.9207,52.5649],[-9.9215,52.5652],[-9.9204,52.566],[-9.9221,52.5667],[-9.9153,52.5695],[-9.9161,52.5698],[-9.9145,52.5716],[-9.9154,52.5724],[-9.9122,52.5739],[-9.9129,52.5761],[-9.9021,52.5778],[-9.8968,52.5812],[-9.8822,52.5795],[-9.8785,52.5821],[-9.8788,52.5832],[-9.8808,52.5835],[-9.8716,52.5843],[-9.8698,52.5861],[-9.8703,52.588],[-9.8796,52.5889],[-9.8766,52.59],[-9.8794,52.5902],[-9.8746,52.5912],[-9.8771,52.5913],[-9.8744,52.5922],[-9.8699,52.5924],[-9.8687,52.5918],[-9.8697,52.5907],[-9.8674,52.5904],[-9.8657,52.5914],[-9.8669,52.5917],[-9.8663,52.593],[-9.8623,52.5925],[-9.8628,52.5932],[-9.8605,52.5937],[-9.8621,52.5922],[-9.8598,52.5925],[-9.8607,52.5917],[-9.8597,52.591],[-9.857,52.5953],[-9.8537,52.5944],[-9.8534,52.5959],[-9.838,52.5974],[-9.8384,52.5964],[-9.8367,52.5961],[-9.8342,52.5968],[-9.8334,52.5985],[-9.8352,52.598],[-9.8358,52.5991],[-9.8298,52.6001],[-9.8282,52.5977],[-9.8267,52.5998],[-9.8191,52.6002],[-9.8147,52.6014],[-9.8134,52.6032],[-9.8143,52.6033],[-9.8071,52.6044],[-9.8062,52.6054],[-9.8071,52.6055],[-9.8053,52.606],[-9.8092,52.6066],[-9.8068,52.6074],[-9.8075,52.6084],[-9.8029,52.6099],[-9.8071,52.6103],[-9.8036,52.6112],[-9.8067,52.6119],[-9.8046,52.6131],[-9.8063,52.6142],[-9.8061,52.6156],[-9.8029,52.6181],[-9.7998,52.617],[-9.7998,52.6185],[-9.7991,52.6182],[-9.7977,52.6184],[-9.7997,52.6189],[-9.7955,52.6185],[-9.7926,52.6196],[-9.7936,52.6218],[-9.797,52.6215],[-9.7952,52.6227],[-9.798,52.6224],[-9.7932,52.6252],[-9.7873,52.6259],[-9.7862,52.6278],[-9.7842,52.6279],[-9.7856,52.6265],[-9.7848,52.6265],[-9.7818,52.6308],[-9.7791,52.6311],[-9.7801,52.6284],[-9.779,52.631],[-9.7735,52.634],[-9.768,52.6337],[-9.7586,52.6364],[-9.7592,52.6379],[-9.7529,52.6396],[-9.7455,52.6395],[-9.7443,52.6401],[-9.7461,52.6409],[-9.7419,52.6417],[-9.7427,52.6435],[-9.7394,52.6441],[-9.7352,52.6427],[-9.7387,52.6443],[-9.7378,52.6451],[-9.7385,52.6459],[-9.7241,52.6518],[-9.7216,52.6554],[-9.7234,52.6579],[-9.721,52.6583],[-9.7201,52.6567],[-9.7196,52.6586],[-9.7175,52.6569],[-9.7176,52.658],[-9.7114,52.6584],[-9.7088,52.6598],[-9.7074,52.6589],[-9.7038,52.6613],[-9.7055,52.6619],[-9.6979,52.6638],[-9.6966,52.6656],[-9.6991,52.6667],[-9.6969,52.6662],[-9.6928,52.668],[-9.6968,52.6711],[-9.6893,52.6741],[-9.6853,52.6725],[-9.6836,52.6749],[-9.68,52.6756],[-9.6813,52.6761],[-9.6742,52.6779],[-9.6775,52.6792],[-9.6771,52.6806],[-9.6733,52.6802],[-9.6683,52.6823],[-9.6642,52.6823],[-9.6556,52.6815],[-9.6559,52.6792],[-9.6529,52.6783],[-9.6498,52.6794],[-9.647,52.6829],[-9.6519,52.6845],[-9.6526,52.6917],[-9.6544,52.6923],[-9.6572,52.6911],[-9.66,52.6923],[-9.6547,52.6936],[-9.6556,52.6944],[-9.6494,52.6968],[-9.6508,52.698],[-9.6564,52.6971],[-9.6525,52.6988],[-9.6507,52.7021],[-9.6461,52.7047],[-9.6508,52.7052],[-9.6462,52.7061],[-9.6329,52.7127],[-9.6266,52.7122],[-9.6162,52.7157],[-9.6183,52.7176],[-9.6221,52.7185],[-9.6194,52.7203],[-9.6197,52.7213],[-9.6287,52.723],[-9.629,52.7246],[-9.634,52.7271],[-9.6348,52.7288],[-9.6315,52.7287],[-9.6271,52.7257],[-9.6237,52.7256],[-9.6218,52.7265],[-9.6226,52.729],[-9.6287,52.7323],[-9.6078,52.7333],[-9.6092,52.7355],[-9.6069,52.7364],[-9.6082,52.7369],[-9.6062,52.7393],[-9.6064,52.7414],[-9.6088,52.7421],[-9.6065,52.7429],[-9.6083,52.7429],[-9.6069,52.7443],[-9.5919,52.7449],[-9.5936,52.7459],[-9.5918,52.7469],[-9.5923,52.7476],[-9.5811,52.7489],[-9.5802,52.7501],[-9.5691,52.7521],[-9.5629,52.7513],[-9.5566,52.7525],[-9.5564,52.7516],[-9.5532,52.7519],[-9.5532,52.7508],[-9.5479,52.752],[-9.5509,52.7482],[-9.5489,52.7464],[-9.5416,52.7461],[-9.5402,52.7448],[-9.5406,52.742],[-9.5371,52.7403],[-9.5375,52.7385],[-9.5401,52.7372],[-9.5338,52.7357],[-9.528,52.7366],[-9.5251,52.7385],[-9.5252,52.7411],[-9.5279,52.7423],[-9.5294,52.7435],[-9.5289,52.7449],[-9.5304,52.7455],[-9.5155,52.7463],[-9.5104,52.7453],[-9.4981,52.7503],[-9.4938,52.7564],[-9.4936,52.7649],[-9.4964,52.7669],[-9.4981,52.7666],[-9.4976,52.7675],[-9.5008,52.7673],[-9.4993,52.7688],[-9.5059,52.7695],[-9.4828,52.7746],[-9.4819,52.7766],[-9.4826,52.7815],[-9.4846,52.7842],[-9.4883,52.7853],[-9.4872,52.787],[-9.4889,52.7898],[-9.4926,52.7893],[-9.4861,52.7907],[-9.4854,52.7938],[-9.5226,52.7885],[-9.5273,52.7888],[-9.5378,52.8139],[-9.5339,52.8191],[-9.5015,52.8336],[-9.4812,52.8376],[-9.4324,52.8369],[-9.4322,52.8397],[-9.4342,52.8442],[-9.4403,52.8447],[-9.4395,52.8456],[-9.441,52.8465],[-9.4524,52.8494],[-9.4425,52.8517],[-9.4407,52.8563],[-9.4379,52.8565],[-9.438,52.8552],[-9.4373,52.8566],[-9.4305,52.8591],[-9.434,52.8614],[-9.4311,52.8627],[-9.4307,52.8646],[-9.4318,52.8644],[-9.427,52.8663],[-9.4286,52.8685],[-9.435,52.8665],[-9.4427,52.8663],[-9.4364,52.8717],[-9.4375,52.8733],[-9.4364,52.8757],[-9.438,52.8766],[-9.4334,52.8787],[-9.4347,52.8803],[-9.433,52.8833],[-9.4284,52.884],[-9.4289,52.8848],[-9.4252,52.886],[-9.4251,52.8874],[-9.4231,52.8872],[-9.4236,52.8885],[-9.4179,52.8895],[-9.4149,52.8918],[-9.4032,52.8927],[-9.4031,52.8937],[-9.3991,52.8936],[-9.3997,52.8946],[-9.3973,52.8943],[-9.3896,52.897],[-9.3841,52.9012],[-9.3837,52.9033],[-9.3746,52.908],[-9.3703,52.9085],[-9.3708,52.9104],[-9.3679,52.9119],[-9.3691,52.9144],[-9.3602,52.9151],[-9.3514,52.9182],[-9.3513,52.9247],[-9.3466,52.9312],[-9.3566,52.939],[-9.3594,52.9437],[-9.3726,52.9435],[-9.3795,52.9406],[-9.3856,52.9401],[-9.3864,52.9377],[-9.4005,52.9325],[-9.4239,52.9319],[-9.4249,52.9344],[-9.4276,52.9352],[-9.4265,52.9356],[-9.4276,52.9371],[-9.4327,52.9364],[-9.4369,52.9373],[-9.4551,52.9334],[-9.4608,52.9341],[-9.4621,52.9331],[-9.4611,52.9322],[-9.4618,52.9313],[-9.468,52.9303],[-9.4751,52.9318],[-9.4758,52.9336],[-9.4699,52.9378],[-9.4763,52.9413],[-9.4712,52.9448],[-9.4666,52.9448],[-9.4718,52.9485],[-9.4629,52.9496],[-9.4545,52.9527],[-9.4499,52.9556],[-9.4493,52.9582],[-9.4381,52.9621],[-9.4384,52.9644],[-9.4321,52.9664],[-9.4314,52.9686],[-9.4285,52.9703],[-9.4327,52.9732],[-9.4268,52.9764],[-9.4271,52.9806],[-9.4305,52.9804],[-9.4285,52.9814],[-9.4281,52.9832],[-9.4305,52.984],[-9.4301,52.9853],[-9.4178,52.9894],[-9.4166,52.9921],[-9.4175,52.9935],[-9.4127,52.9962],[-9.4119,52.9989],[-9.4085,52.9997],[-9.4084,52.9989],[-9.4078,52.9988],[-9.408,53.0003],[-9.3973,53.0045],[-9.3921,53.0081],[-9.396,53.0108],[-9.4056,53.0142],[-9.4064,53.0147],[-9.4037,53.0165],[-9.4084,53.0194],[-9.4028,53.0237],[-9.3955,53.0255],[-9.394,53.0306],[-9.3921,53.0315],[-9.3924,53.0307],[-9.3869,53.0353],[-9.3829,53.0428],[-9.3755,53.0443],[-9.3642,53.0513],[-9.3666,53.0564],[-9.3637,53.059],[-9.3652,53.0599],[-9.3631,53.0619],[-9.3647,53.0632],[-9.3622,53.0657],[-9.3626,53.0667],[-9.3597,53.0686],[-9.3577,53.0732],[-9.328,53.0863],[-9.3174,53.0875],[-9.3105,53.0924],[-9.3089,53.096],[-9.3098,53.0989],[-9.3008,53.1038],[-9.3005,53.1066],[-9.2983,53.1076],[-9.2976,53.11],[-9.293,53.112],[-9.2883,53.1193],[-9.2887,53.1216],[-9.2902,53.1224],[-9.29,53.1248],[-9.2918,53.1256],[-9.2901,53.1282],[-9.292,53.1329],[-9.2852,53.1398],[-9.2825,53.1446],[-9.2711,53.1489],[-9.2647,53.1543],[-9.2542,53.1506],[-9.2399,53.1488],[-9.2199,53.1394],[-9.2032,53.1384],[-9.189,53.1351],[-9.1747,53.1363],[-9.1671,53.1345],[-9.1661,53.1329],[-9.161,53.1325],[-9.162,53.1312],[-9.165,53.1317],[-9.1636,53.1309],[-9.1584,53.1317],[-9.1592,53.1324],[-9.1576,53.1333],[-9.1555,53.1332],[-9.1521,53.131],[-9.1539,53.1293],[-9.1652,53.128],[-9.167,53.1266],[-9.1607,53.1246],[-9.1618,53.124],[-9.1591,53.1204],[-9.1568,53.1213],[-9.154,53.1197],[-9.1527,53.1205],[-9.1538,53.1197],[-9.1515,53.1173],[-9.1519,53.1187],[-9.1482,53.1223],[-9.1461,53.1197],[-9.1432,53.1199],[-9.1419,53.1202],[-9.143,53.1214],[-9.1419,53.1203],[-9.1391,53.1207],[-9.1352,53.1243],[-9.133,53.1249],[-9.1421,53.1254],[-9.1442,53.1285],[-9.1412,53.1293],[-9.142,53.1299],[-9.1358,53.1304],[-9.13,53.1328],[-9.1285,53.1346],[-9.1245,53.133],[-9.1207,53.1369],[-9.1101,53.1403],[-9.1109,53.1412],[-9.1174,53.1396],[-9.1198,53.1408],[-9.1211,53.1446],[-9.1226,53.1447],[-9.1259,53.1488],[-9.1373,53.1497],[-9.1309,53.1515],[-9.1225,53.151],[-9.1139,53.1576],[-9.0951,53.1593],[-9.0877,53.1569],[-9.0845,53.1576],[-9.0799,53.156],[-9.0724,53.1559],[-9.0663,53.1576],[-9.0606,53.1564],[-9.0612,53.1577],[-9.0527,53.1584],[-9.0536,53.1571],[-9.0467,53.1558],[-9.0479,53.1537],[-9.0418,53.1518],[-9.0417,53.1503],[-9.0304,53.152],[-9.0296,53.1504],[-9.0245,53.1512],[-9.0253,53.1502],[-9.0237,53.1494],[-9.0317,53.1461],[-9.026,53.1438],[-9.0195,53.1446],[-9.0172,53.1425],[-9.0138,53.143],[-9.0093,53.1408],[-9.0166,53.1394],[-9.0259,53.1402],[-9.0263,53.1375],[-9.0246,53.1351],[-9.028,53.1302],[-9.0252,53.1221],[-9.0202,53.1167],[-9.0193,53.1106],[-9.0111,53.1028],[-9.0063,53.1006],[-9.0031,53.1017],[-8.9987,53.1],[-8.9933,53.0947],[-8.9866,53.0954],[-8.9845,53.0936],[-8.9745,53.0922],[-8.9701,53.0883],[-8.9831,53.0743],[-8.9918,53.0578],[-8.9932,53.0516],[-8.9926,53.0492],[-8.9887,53.0456],[-8.9888,53.0375],[-8.9906,53.0348],[-8.9969,53.0315],[-9.0014,53.0235],[-8.9958,53.0223],[-8.9902,53.0165],[-8.9909,53.0158],[-8.9894,53.0152],[-8.9941,53.0109],[-8.9849,53.0092],[-8.975,53.0129],[-8.9723,53.0123],[-8.9718,53.0041],[-8.9858,52.9952],[-8.9943,52.9921],[-8.9949,52.9906],[-8.9889,52.9909],[-8.9849,52.9886],[-8.9845,52.9872],[-8.9869,52.9857],[-8.9875,52.9819],[-8.9855,52.9803],[-8.9744,52.9823],[-8.9679,52.9859],[-8.9647,52.9852],[-8.9673,52.9839],[-8.9643,52.9824]]]}},{"type":"Feature","properties":{"d":"Ennis","c":"5030L","dv":"Clare & Tipperary","st":"Ennis","hq":"Ennis","ad":"Abbey Street, Ennis, Co. Clare","ph":"6848100","ty":"Division HQ","pop":74185,"km2":1429.541},"geometry":{"type":"Polygon","coordinates":[[[-8.2823,52.9705],[-8.2899,52.9608],[-8.308,52.949],[-8.3139,52.9354],[-8.3385,52.9152],[-8.3676,52.9165],[-8.4075,52.9126],[-8.4183,52.8756],[-8.4254,52.8673],[-8.4552,52.8469],[-8.4507,52.8228],[-8.4304,52.8193],[-8.4309,52.8146],[-8.4275,52.8159],[-8.4228,52.8153],[-8.4281,52.81],[-8.4278,52.8085],[-8.4303,52.8071],[-8.4214,52.8066],[-8.4238,52.802],[-8.42,52.8012],[-8.4264,52.794],[-8.4266,52.7919],[-8.433,52.7895],[-8.4349,52.7849],[-8.4375,52.7822],[-8.4414,52.7801],[-8.4487,52.779],[-8.4515,52.7805],[-8.4551,52.7806],[-8.4541,52.7791],[-8.455,52.7781],[-8.4618,52.7773],[-8.4656,52.7719],[-8.4692,52.7692],[-8.4698,52.7667],[-8.4757,52.7624],[-8.4769,52.7591],[-8.4832,52.7562],[-8.4829,52.7547],[-8.488,52.753],[-8.4928,52.754],[-8.5032,52.7512],[-8.508,52.7484],[-8.509,52.7464],[-8.5082,52.7392],[-8.5122,52.7387],[-8.5114,52.7368],[-8.5218,52.7377],[-8.5245,52.7361],[-8.5236,52.7334],[-8.5409,52.732],[-8.5464,52.7281],[-8.5536,52.732],[-8.5626,52.7402],[-8.5688,52.7397],[-8.579,52.7361],[-8.5805,52.7383],[-8.5801,52.7401],[-8.5726,52.7415],[-8.568,52.7454],[-8.5699,52.7472],[-8.5693,52.75],[-8.5709,52.7512],[-8.5791,52.7523],[-8.5913,52.7496],[-8.5985,52.7528],[-8.6065,52.75],[-8.6102,52.7516],[-8.6183,52.7509],[-8.62,52.7493],[-8.6199,52.7453],[-8.6229,52.7456],[-8.6243,52.7441],[-8.6312,52.7483],[-8.6326,52.7464],[-8.6362,52.7453],[-8.6449,52.7514],[-8.6507,52.7502],[-8.6545,52.7529],[-8.6583,52.7505],[-8.6658,52.7537],[-8.6712,52.7529],[-8.6837,52.7554],[-8.6889,52.752],[-8.6953,52.7513],[-8.6965,52.75],[-8.6955,52.7473],[-8.693,52.7422],[-8.6877,52.7375],[-8.6869,52.7323],[-8.6929,52.7319],[-8.6954,52.7332],[-8.7049,52.7344],[-8.7015,52.7308],[-8.7052,52.727],[-8.7032,52.7233],[-8.7083,52.7172],[-8.7193,52.7193],[-8.7267,52.7184],[-8.7258,52.7159],[-8.7312,52.7154],[-8.7379,52.7102],[-8.7396,52.7109],[-8.7448,52.7096],[-8.7438,52.7081],[-8.7504,52.704],[-8.7482,52.7001],[-8.7496,52.697],[-8.7547,52.6981],[-8.7519,52.6949],[-8.7443,52.693],[-8.7467,52.6903],[-8.7405,52.6884],[-8.7401,52.6833],[-8.7411,52.6822],[-8.7378,52.6791],[-8.7397,52.6754],[-8.7609,52.6754],[-8.7754,52.6696],[-8.7892,52.6687],[-8.8028,52.6719],[-8.806,52.6752],[-8.8114,52.6777],[-8.8317,52.681],[-8.8789,52.6756],[-8.9606,52.6687],[-8.9851,52.6616],[-8.9961,52.6923],[-8.9965,52.6978],[-8.9922,52.7074],[-8.978,52.7132],[-8.9741,52.7169],[-8.9725,52.7202],[-8.9723,52.7236],[-8.9739,52.7281],[-8.9896,52.7418],[-8.9932,52.7482],[-8.9925,52.7533],[-8.9904,52.7569],[-8.9824,52.763],[-8.9844,52.7641],[-8.9896,52.7629],[-9.0058,52.765],[-9.0079,52.7618],[-9.012,52.7615],[-9.0154,52.7597],[-9.0179,52.7604],[-9.0196,52.7581],[-9.0239,52.7566],[-9.0288,52.7584],[-9.0278,52.7626],[-9.0293,52.7634],[-9.0198,52.7731],[-9.0235,52.7724],[-9.0253,52.7703],[-9.0254,52.7721],[-9.0275,52.7732],[-9.0282,52.7725],[-9.0366,52.7746],[-9.0392,52.7743],[-9.0403,52.7727],[-9.0438,52.7763],[-9.0484,52.7746],[-9.056,52.766],[-9.0599,52.7642],[-9.0693,52.766],[-9.0691,52.767],[-9.0713,52.7682],[-9.0755,52.7681],[-9.0781,52.7705],[-9.0845,52.7719],[-9.0694,52.777],[-9.0648,52.7812],[-9.0659,52.7823],[-9.0696,52.7846],[-9.0803,52.7856],[-9.0826,52.7822],[-9.0859,52.7802],[-9.0892,52.7803],[-9.0906,52.7823],[-9.0886,52.7856],[-9.091,52.7862],[-9.0921,52.7893],[-9.0856,52.7954],[-9.0992,52.7962],[-9.0966,52.7997],[-9.102,52.8016],[-9.1011,52.8031],[-9.1047,52.8051],[-9.1117,52.8056],[-9.1202,52.8038],[-9.1211,52.8053],[-9.1248,52.8057],[-9.1273,52.8075],[-9.1145,52.8092],[-9.1102,52.8148],[-9.1103,52.8167],[-9.114,52.8186],[-9.1251,52.8185],[-9.1279,52.8195],[-9.1272,52.821],[-9.122,52.8231],[-9.1217,52.8265],[-9.1198,52.8279],[-9.1046,52.8299],[-9.106,52.8309],[-9.1055,52.8327],[-9.107,52.8352],[-9.1046,52.8411],[-9.1,52.8413],[-9.0944,52.8441],[-9.0901,52.842],[-9.0756,52.8468],[-9.0729,52.8462],[-9.0678,52.8493],[-9.0678,52.8507],[-9.0703,52.8515],[-9.0711,52.8532],[-9.07,52.8553],[-9.071,52.8574],[-9.0724,52.8575],[-9.0664,52.8579],[-9.0678,52.8596],[-9.0665,52.8609],[-9.0649,52.8602],[-9.0612,52.8613],[-9.0587,52.8601],[-9.0586,52.8585],[-9.048,52.8591],[-9.0521,52.8682],[-9.0555,52.869],[-9.0557,52.8721],[-9.0434,52.8752],[-9.0423,52.8801],[-9.0465,52.8784],[-9.047,52.8799],[-9.0468,52.8827],[-9.0443,52.8843],[-9.0381,52.8858],[-9.0346,52.8846],[-9.0355,52.8828],[-9.0313,52.8811],[-9.0278,52.8833],[-9.031,52.8859],[-9.0335,52.8857],[-9.033,52.8871],[-9.0356,52.8887],[-9.0354,52.8899],[-9.0374,52.8901],[-9.0384,52.8881],[-9.0428,52.8878],[-9.0432,52.8898],[-9.0448,52.8899],[-9.0637,52.8888],[-9.0644,52.8911],[-9.0588,52.8911],[-9.0593,52.8953],[-9.0568,52.8963],[-9.0576,52.8986],[-9.0554,52.8958],[-9.0498,52.8972],[-9.0442,52.8974],[-9.0437,52.8963],[-9.042,52.8976],[-9.0428,52.8984],[-9.0403,52.8991],[-9.0413,52.9002],[-9.038,52.8998],[-9.0364,52.9073],[-9.0282,52.9086],[-9.0271,52.9103],[-9.0254,52.9135],[-9.0277,52.9161],[-9.0257,52.9172],[-9.0268,52.9207],[-9.0254,52.9215],[-9.0199,52.9207],[-9.0188,52.9175],[-9.0154,52.9153],[-9.0105,52.9163],[-9.0118,52.919],[-9.0096,52.9206],[-9.0098,52.923],[-9.0086,52.9241],[-9.0095,52.9272],[-9.0059,52.9307],[-9.0096,52.9327],[-9.0154,52.9332],[-9.0147,52.9338],[-9.018,52.9348],[-9.0184,52.9366],[-9.0219,52.9395],[-9.0118,52.9404],[-9.0112,52.944],[-9.0154,52.9448],[-9.0078,52.9461],[-9.0052,52.9433],[-9.0028,52.9433],[-9.0015,52.9408],[-8.9962,52.9433],[-8.9944,52.9369],[-8.9928,52.9355],[-8.9934,52.9346],[-8.9885,52.9351],[-8.9884,52.9392],[-8.9861,52.9454],[-8.9872,52.9483],[-8.9832,52.9488],[-8.9825,52.9472],[-8.9806,52.9484],[-8.9772,52.9468],[-8.9778,52.9493],[-8.9809,52.9497],[-8.9829,52.9515],[-8.982,52.9541],[-8.9849,52.9551],[-8.9894,52.9538],[-8.9877,52.9529],[-8.9893,52.951],[-8.9866,52.9494],[-8.991,52.9475],[-8.9962,52.9486],[-8.9986,52.9505],[-8.9976,52.9535],[-8.9985,52.9542],[-8.996,52.9577],[-8.9973,52.9599],[-8.9838,52.9658],[-8.9809,52.9718],[-8.973,52.9747],[-8.9717,52.9783],[-8.9677,52.9789],[-8.9647,52.9816],[-8.9673,52.9839],[-8.9647,52.9852],[-8.9679,52.9859],[-8.9724,52.9828],[-8.9855,52.9803],[-8.9875,52.9829],[-8.9869,52.9857],[-8.9845,52.9872],[-8.9849,52.9886],[-8.9889,52.9909],[-8.9949,52.9906],[-8.992,52.9937],[-8.9858,52.9952],[-8.9718,53.0041],[-8.9723,53.0123],[-8.975,53.0129],[-8.9849,53.0092],[-8.9941,53.0109],[-8.9894,53.0152],[-8.9909,53.0158],[-8.9902,53.0165],[-8.9958,53.0223],[-9.0014,53.0235],[-8.9969,53.0315],[-8.9906,53.0348],[-8.9888,53.0375],[-8.9887,53.0456],[-8.9926,53.0492],[-8.9932,53.0516],[-8.9918,53.0578],[-8.9831,53.0743],[-8.9708,53.0875],[-8.9703,53.0865],[-8.9524,53.0868],[-8.953,53.0859],[-8.9462,53.0843],[-8.945,53.0824],[-8.9329,53.0779],[-8.9225,53.0703],[-8.9201,53.0662],[-8.9053,53.0662],[-8.8989,53.0619],[-8.8916,53.0607],[-8.8906,53.0553],[-8.9018,53.0464],[-8.8999,53.0462],[-8.899,53.0407],[-8.899,53.0363],[-8.9004,53.0346],[-8.9,53.0335],[-8.8926,53.0307],[-8.8907,53.0285],[-8.8879,53.028],[-8.8881,53.0229],[-8.8856,53.0207],[-8.8855,53.0176],[-8.8835,53.0164],[-8.8936,53.0105],[-8.8982,53.0116],[-8.8987,53.0081],[-8.8957,53.0056],[-8.8969,53.0034],[-8.8963,53.0007],[-8.8948,52.9991],[-8.8906,52.9989],[-8.8866,52.9961],[-8.8908,52.9909],[-8.8849,52.9854],[-8.8838,52.9812],[-8.8863,52.9791],[-8.8826,52.9765],[-8.876,52.9798],[-8.8705,52.9797],[-8.8681,52.9777],[-8.8636,52.9793],[-8.8603,52.9789],[-8.8605,52.9704],[-8.8584,52.9681],[-8.8506,52.972],[-8.8513,52.9733],[-8.8465,52.9776],[-8.8463,52.9833],[-8.8499,52.9835],[-8.85,52.9863],[-8.8463,52.9849],[-8.8406,52.9866],[-8.8368,52.9905],[-8.833,52.9888],[-8.8336,52.9851],[-8.8318,52.9834],[-8.8323,52.9813],[-8.8272,52.9818],[-8.8261,52.9787],[-8.817,52.9784],[-8.8167,52.9772],[-8.8131,52.9769],[-8.8128,52.9754],[-8.8111,52.975],[-8.8091,52.9753],[-8.8053,52.9792],[-8.8024,52.9792],[-8.7999,52.9777],[-8.7994,52.9746],[-8.7945,52.9766],[-8.7865,52.9741],[-8.7863,52.9719],[-8.7794,52.9753],[-8.78,52.9785],[-8.7788,52.98],[-8.7805,52.9823],[-8.7784,52.9839],[-8.7788,52.9877],[-8.7647,52.9913],[-8.7514,52.9993],[-8.7413,53.0025],[-8.737,53.006],[-8.7393,53.0087],[-8.7387,53.011],[-8.7319,53.0143],[-8.7197,53.0254],[-8.7143,53.0241],[-8.6968,53.0254],[-8.6941,53.0266],[-8.6921,53.0294],[-8.6822,53.0316],[-8.6825,53.034],[-8.6744,53.0379],[-8.6717,53.0371],[-8.667,53.0391],[-8.6541,53.0398],[-8.651,53.0383],[-8.6345,53.0418],[-8.6283,53.0386],[-8.6267,53.0341],[-8.6067,53.0385],[-8.5545,53.0422],[-8.5602,53.0364],[-8.5603,53.0315],[-8.5562,53.0262],[-8.5514,53.0223],[-8.5368,53.0244],[-8.5282,53.0235],[-8.5253,53.0206],[-8.5263,53.0178],[-8.524,53.0116],[-8.5167,53.0121],[-8.5164,53.01],[-8.5111,53.0094],[-8.5104,53.0068],[-8.5087,53.0065],[-8.5105,53.0028],[-8.5101,52.9986],[-8.5045,52.9902],[-8.5025,52.9831],[-8.498,52.9837],[-8.4913,52.9873],[-8.485,52.9888],[-8.4611,52.9821],[-8.4562,52.9765],[-8.45,52.9722],[-8.4439,52.9739],[-8.4241,52.9834],[-8.4187,52.9932],[-8.4088,52.9948],[-8.4069,52.9939],[-8.4064,52.9912],[-8.4028,52.9864],[-8.3972,52.9843],[-8.3822,52.983],[-8.3716,52.98],[-8.3665,52.9759],[-8.3669,52.9723],[-8.3639,52.9714],[-8.3588,52.9713],[-8.3561,52.9746],[-8.3515,52.9757],[-8.3508,52.9784],[-8.3455,52.9851],[-8.3385,52.9876],[-8.3164,52.9852],[-8.3099,52.9769],[-8.2844,52.9724],[-8.2823,52.9705]]]}},{"type":"Feature","properties":{"d":"Loughrea","c":"5300G","dv":"Galway","st":"Loughrea","hq":"Murrough","ad":"Barrack Street, Loughrea, Co. Galway","ph":"842870","ty":"District HQ","pop":40465,"km2":1526.979},"geometry":{"type":"Polygon","coordinates":[[[-7.9673,53.2265],[-7.97,53.221],[-7.9694,53.2188],[-7.9707,53.2179],[-7.9703,53.2156],[-7.9719,53.2124],[-7.9915,53.1941],[-8.0026,53.1927],[-8.0236,53.1958],[-8.0302,53.194],[-8.037,53.1951],[-8.05,53.1935],[-8.0612,53.1882],[-8.0696,53.1818],[-8.0747,53.1757],[-8.0822,53.172],[-8.084,53.1701],[-8.0815,53.1669],[-8.0841,53.1631],[-8.1055,53.16],[-8.1184,53.1607],[-8.1244,53.1597],[-8.1315,53.1562],[-8.1362,53.152],[-8.1481,53.1451],[-8.148,53.1438],[-8.1462,53.1429],[-8.1496,53.1401],[-8.156,53.1355],[-8.1608,53.135],[-8.1623,53.1297],[-8.165,53.1262],[-8.1697,53.1239],[-8.1722,53.1211],[-8.172,53.1185],[-8.1686,53.1144],[-8.1749,53.1109],[-8.1881,53.0963],[-8.1939,53.091],[-8.1969,53.0901],[-8.1984,53.0843],[-8.208,53.0796],[-8.2137,53.0784],[-8.2187,53.0677],[-8.2493,53.0632],[-8.2675,53.0562],[-8.2692,53.0367],[-8.2785,53.0187],[-8.3017,53.0075],[-8.3164,52.9852],[-8.3385,52.9876],[-8.3455,52.9851],[-8.3508,52.9784],[-8.3515,52.9757],[-8.3561,52.9746],[-8.3588,52.9713],[-8.3669,52.9723],[-8.3665,52.9759],[-8.3716,52.98],[-8.3822,52.983],[-8.3972,52.9843],[-8.4028,52.9864],[-8.4064,52.9912],[-8.4069,52.9939],[-8.4088,52.9948],[-8.4187,52.9932],[-8.4241,52.9834],[-8.4439,52.9739],[-8.45,52.9722],[-8.4562,52.9765],[-8.4611,52.9821],[-8.485,52.9888],[-8.4913,52.9873],[-8.498,52.9837],[-8.5025,52.9831],[-8.5045,52.9902],[-8.5101,52.9986],[-8.5105,53.0028],[-8.5087,53.0065],[-8.5104,53.0068],[-8.5111,53.0094],[-8.5164,53.01],[-8.5167,53.0121],[-8.524,53.0116],[-8.5263,53.0178],[-8.5253,53.0206],[-8.5282,53.0235],[-8.5368,53.0244],[-8.5514,53.0223],[-8.5562,53.0262],[-8.5603,53.0315],[-8.5602,53.0364],[-8.5545,53.0422],[-8.6067,53.0385],[-8.6267,53.0341],[-8.6283,53.0386],[-8.6345,53.0418],[-8.651,53.0383],[-8.6541,53.0398],[-8.667,53.0391],[-8.6717,53.0371],[-8.6744,53.0379],[-8.6825,53.034],[-8.6822,53.0316],[-8.6921,53.0294],[-8.6941,53.0266],[-8.6968,53.0254],[-8.7143,53.0241],[-8.7197,53.0254],[-8.7319,53.0143],[-8.7387,53.011],[-8.7393,53.0087],[-8.737,53.006],[-8.7413,53.0025],[-8.7514,52.9993],[-8.7647,52.9913],[-8.7788,52.9877],[-8.7784,52.9839],[-8.7805,52.9823],[-8.7788,52.98],[-8.78,52.9785],[-8.7794,52.9753],[-8.7863,52.9719],[-8.7865,52.9741],[-8.7945,52.9766],[-8.7994,52.9746],[-8.7999,52.9777],[-8.8024,52.9792],[-8.8053,52.9792],[-8.8091,52.9753],[-8.8111,52.975],[-8.8128,52.9754],[-8.8131,52.9769],[-8.8167,52.9772],[-8.817,52.9784],[-8.8261,52.9787],[-8.8272,52.9818],[-8.8323,52.9813],[-8.8318,52.9834],[-8.8336,52.9851],[-8.833,52.9888],[-8.8368,52.9905],[-8.8406,52.9866],[-8.8463,52.9849],[-8.85,52.9863],[-8.8499,52.9835],[-8.8463,52.9833],[-8.8465,52.9776],[-8.8513,52.9733],[-8.8506,52.972],[-8.8584,52.9681],[-8.8605,52.9704],[-8.8603,52.9789],[-8.8636,52.9793],[-8.8681,52.9777],[-8.8705,52.9797],[-8.876,52.9798],[-8.8826,52.9765],[-8.8863,52.9791],[-8.8838,52.9812],[-8.8849,52.9854],[-8.8908,52.9909],[-8.8866,52.9961],[-8.8906,52.9989],[-8.8948,52.9991],[-8.8963,53.0007],[-8.8969,53.0034],[-8.8957,53.0056],[-8.8987,53.0081],[-8.8982,53.0116],[-8.8936,53.0105],[-8.8835,53.0164],[-8.8855,53.0176],[-8.8856,53.0207],[-8.8881,53.0229],[-8.8879,53.028],[-8.8907,53.0285],[-8.8926,53.0307],[-8.9,53.0335],[-8.9004,53.0346],[-8.899,53.0363],[-8.899,53.0407],[-8.8999,53.0462],[-8.9018,53.0464],[-8.8906,53.0553],[-8.8916,53.0607],[-8.8989,53.0619],[-8.9053,53.0662],[-8.9201,53.0662],[-8.9225,53.0703],[-8.9329,53.0779],[-8.945,53.0824],[-8.9462,53.0843],[-8.953,53.0859],[-8.9524,53.0868],[-8.9703,53.0865],[-8.9701,53.0883],[-8.9745,53.0922],[-8.9845,53.0936],[-8.9866,53.0954],[-8.9933,53.0947],[-8.9987,53.1],[-9.0031,53.1017],[-9.0063,53.1006],[-9.0111,53.1028],[-9.0193,53.1106],[-9.0202,53.1167],[-9.0252,53.1221],[-9.028,53.1302],[-9.0246,53.1351],[-9.0263,53.1375],[-9.0259,53.1402],[-9.0094,53.1401],[-9.0095,53.1422],[-9.0115,53.1435],[-9.0124,53.1462],[-9.0116,53.1521],[-9.0311,53.1584],[-9.0427,53.1596],[-9.0471,53.162],[-9.0557,53.1642],[-9.0566,53.1655],[-9.061,53.1633],[-9.0556,53.1632],[-9.0556,53.1623],[-9.0672,53.1601],[-9.0719,53.1578],[-9.0775,53.1582],[-9.0868,53.164],[-9.0812,53.1676],[-9.0676,53.1688],[-9.0632,53.1676],[-9.0617,53.1657],[-9.0571,53.166],[-9.0542,53.1651],[-9.0586,53.1673],[-9.0577,53.169],[-9.0347,53.1745],[-8.9827,53.1785],[-8.9642,53.1782],[-8.9494,53.1574],[-8.9417,53.1532],[-8.94,53.1479],[-8.9411,53.1431],[-8.9398,53.1428],[-8.9397,53.1409],[-8.9359,53.1393],[-8.9325,53.1407],[-8.9282,53.1405],[-8.926,53.1415],[-8.9266,53.1425],[-8.9238,53.1432],[-8.9259,53.1436],[-8.9213,53.1446],[-8.9338,53.1444],[-8.9336,53.1454],[-8.9349,53.1453],[-8.9344,53.1466],[-8.9366,53.1481],[-8.935,53.1501],[-8.9373,53.1497],[-8.9357,53.1534],[-8.9388,53.1535],[-8.9384,53.1551],[-8.9403,53.1568],[-8.9394,53.1572],[-8.9416,53.1581],[-8.9406,53.1608],[-8.9429,53.1625],[-8.9411,53.1641],[-8.939,53.1634],[-8.9393,53.1647],[-8.9433,53.166],[-8.9421,53.1662],[-8.9435,53.1663],[-8.9443,53.1688],[-8.9497,53.1692],[-8.9492,53.1715],[-8.9541,53.1716],[-8.9512,53.1735],[-8.9517,53.1742],[-8.9556,53.1714],[-8.9592,53.1737],[-8.9564,53.1737],[-8.954,53.1757],[-8.9501,53.1741],[-8.9467,53.1758],[-8.9547,53.1774],[-8.9503,53.1798],[-8.9518,53.1811],[-8.9504,53.1826],[-8.946,53.1832],[-8.9481,53.1836],[-8.9479,53.1844],[-8.9405,53.1845],[-8.9459,53.1865],[-8.9463,53.1894],[-8.9424,53.1912],[-8.9453,53.1901],[-8.9463,53.1921],[-8.9419,53.1935],[-8.9391,53.1921],[-8.9377,53.1941],[-8.9337,53.1949],[-8.9437,53.1937],[-8.9506,53.1908],[-8.9569,53.1907],[-8.9619,53.1868],[-8.9573,53.1942],[-8.9446,53.2015],[-8.9208,53.2104],[-8.9161,53.2138],[-8.9001,53.214],[-8.8876,53.2098],[-8.8802,53.2104],[-8.8784,53.2124],[-8.861,53.2168],[-8.8544,53.2207],[-8.8532,53.2227],[-8.8509,53.2229],[-8.8508,53.2289],[-8.8426,53.2316],[-8.8415,53.237],[-8.8459,53.2391],[-8.8478,53.2423],[-8.841,53.2463],[-8.8384,53.2442],[-8.8277,53.249],[-8.8181,53.2511],[-8.8076,53.2498],[-8.8032,53.2534],[-8.7955,53.2555],[-8.79,53.2555],[-8.7884,53.2575],[-8.7784,53.2494],[-8.7729,53.2549],[-8.7692,53.2526],[-8.7655,53.2542],[-8.7621,53.2532],[-8.76,53.2505],[-8.7574,53.2516],[-8.7489,53.2501],[-8.7441,53.2539],[-8.7472,53.2585],[-8.7451,53.2607],[-8.7451,53.2679],[-8.738,53.2703],[-8.7306,53.2702],[-8.724,53.2542],[-8.717,53.2485],[-8.7124,53.2467],[-8.7104,53.2442],[-8.7192,53.2411],[-8.7168,53.2373],[-8.7115,53.2367],[-8.7074,53.2307],[-8.7017,53.2308],[-8.6997,53.2269],[-8.6907,53.2274],[-8.6865,53.2259],[-8.6838,53.2276],[-8.683,53.223],[-8.6726,53.2195],[-8.6535,53.2205],[-8.6495,53.2256],[-8.6295,53.2267],[-8.6207,53.2402],[-8.6168,53.2412],[-8.6072,53.2409],[-8.6074,53.2436],[-8.6017,53.2447],[-8.6013,53.2475],[-8.5981,53.2492],[-8.6017,53.256],[-8.5988,53.2571],[-8.5949,53.2498],[-8.5899,53.2504],[-8.5889,53.2475],[-8.59,53.2444],[-8.5876,53.2423],[-8.5773,53.2452],[-8.5634,53.2448],[-8.5597,53.2503],[-8.5515,53.2532],[-8.5505,53.2567],[-8.5486,53.2575],[-8.5447,53.2562],[-8.5422,53.2575],[-8.5444,53.2601],[-8.5492,53.2588],[-8.5505,53.262],[-8.545,53.2668],[-8.5319,53.2733],[-8.5306,53.2756],[-8.545,53.2733],[-8.5502,53.2761],[-8.5461,53.2784],[-8.549,53.2802],[-8.583,53.2804],[-8.5848,53.2811],[-8.5858,53.2837],[-8.5838,53.2856],[-8.5851,53.2878],[-8.6095,53.2958],[-8.6103,53.298],[-8.6127,53.2983],[-8.6129,53.3003],[-8.6101,53.2998],[-8.6039,53.3027],[-8.6052,53.3072],[-8.6012,53.3143],[-8.6043,53.3215],[-8.6033,53.324],[-8.6055,53.3294],[-8.5948,53.3289],[-8.587,53.3329],[-8.5778,53.3303],[-8.5758,53.3352],[-8.5715,53.3352],[-8.5685,53.34],[-8.5645,53.3409],[-8.5682,53.3494],[-8.5861,53.3523],[-8.5866,53.3553],[-8.57,53.3536],[-8.5642,53.3543],[-8.562,53.3513],[-8.5608,53.3514],[-8.5519,53.354],[-8.5546,53.358],[-8.5532,53.3593],[-8.5497,53.3591],[-8.535,53.3675],[-8.5247,53.3678],[-8.5213,53.3693],[-8.5172,53.3647],[-8.5187,53.3589],[-8.5147,53.3575],[-8.5103,53.3577],[-8.5102,53.3615],[-8.5053,53.3629],[-8.5,53.3591],[-8.4865,53.3592],[-8.4827,53.3656],[-8.4762,53.3654],[-8.4734,53.367],[-8.47,53.3632],[-8.4442,53.3524],[-8.4464,53.3459],[-8.4437,53.3424],[-8.443,53.3391],[-8.4369,53.3336],[-8.4338,53.3335],[-8.4302,53.3288],[-8.4282,53.3285],[-8.426,53.3239],[-8.4275,53.3227],[-8.427,53.3213],[-8.4245,53.321],[-8.4266,53.3177],[-8.4325,53.3196],[-8.4386,53.3164],[-8.446,53.3169],[-8.4493,53.3158],[-8.4485,53.3127],[-8.4513,53.3106],[-8.4515,53.308],[-8.4506,53.3077],[-8.4517,53.3041],[-8.4561,53.3035],[-8.4593,53.3014],[-8.4507,53.2954],[-8.4412,53.2936],[-8.4402,53.296],[-8.4332,53.297],[-8.4326,53.2984],[-8.4337,53.3007],[-8.4305,53.3029],[-8.4263,53.3007],[-8.4174,53.2894],[-8.4026,53.2903],[-8.4023,53.2922],[-8.3988,53.2922],[-8.3943,53.2969],[-8.3916,53.2964],[-8.3886,53.2942],[-8.3862,53.2883],[-8.3909,53.2867],[-8.3917,53.2851],[-8.3906,53.2849],[-8.3909,53.2827],[-8.3807,53.2823],[-8.3823,53.2786],[-8.3852,53.276],[-8.3811,53.273],[-8.3817,53.2667],[-8.38,53.2601],[-8.3731,53.2627],[-8.3632,53.2633],[-8.3608,53.2578],[-8.3676,53.2575],[-8.3767,53.253],[-8.375,53.2508],[-8.3696,53.2496],[-8.3674,53.2478],[-8.3527,53.2469],[-8.3431,53.2492],[-8.3175,53.2477],[-8.3276,53.2429],[-8.3284,53.2403],[-8.3321,53.2411],[-8.333,53.2388],[-8.332,53.2387],[-8.3312,53.2338],[-8.3322,53.2321],[-8.3293,53.2285],[-8.3355,53.2275],[-8.3427,53.2308],[-8.352,53.2297],[-8.357,53.2259],[-8.361,53.2257],[-8.3656,53.2213],[-8.3826,53.2251],[-8.3812,53.2289],[-8.3763,53.2347],[-8.3877,53.238],[-8.4078,53.2384],[-8.4124,53.2346],[-8.4143,53.2321],[-8.3994,53.2287],[-8.402,53.225],[-8.402,53.2223],[-8.406,53.2167],[-8.3787,53.215],[-8.3728,53.2133],[-8.3666,53.2051],[-8.3749,53.204],[-8.38,53.2016],[-8.3802,53.1999],[-8.3873,53.2017],[-8.3914,53.2064],[-8.3985,53.2065],[-8.3996,53.2097],[-8.4046,53.2113],[-8.4139,53.205],[-8.4156,53.2053],[-8.4165,53.2033],[-8.4209,53.2027],[-8.4208,53.2016],[-8.4096,53.1974],[-8.4023,53.1937],[-8.3996,53.1908],[-8.3949,53.1908],[-8.3895,53.1884],[-8.389,53.1837],[-8.3768,53.1828],[-8.3737,53.1778],[-8.3557,53.1785],[-8.3532,53.1799],[-8.3528,53.1818],[-8.358,53.183],[-8.3578,53.1857],[-8.3629,53.1882],[-8.362,53.1901],[-8.3596,53.1885],[-8.3553,53.1896],[-8.3293,53.1855],[-8.3276,53.1878],[-8.3368,53.1909],[-8.337,53.1943],[-8.3259,53.1934],[-8.3247,53.1955],[-8.3178,53.1975],[-8.3066,53.1972],[-8.3035,53.1959],[-8.3018,53.1917],[-8.2962,53.1913],[-8.2961,53.1855],[-8.2718,53.1815],[-8.2687,53.1851],[-8.2566,53.1892],[-8.2566,53.1901],[-8.2497,53.191],[-8.2453,53.1956],[-8.2417,53.1939],[-8.2326,53.1935],[-8.211,53.1969],[-8.2102,53.1954],[-8.2084,53.1956],[-8.199,53.2081],[-8.1888,53.213],[-8.198,53.2187],[-8.1949,53.2199],[-8.1939,53.2217],[-8.1946,53.2251],[-8.1971,53.2269],[-8.1949,53.2307],[-8.1959,53.2332],[-8.1949,53.2371],[-8.1892,53.2392],[-8.1913,53.2409],[-8.1882,53.2406],[-8.1873,53.2423],[-8.1649,53.2478],[-8.1666,53.2484],[-8.1596,53.2522],[-8.1652,53.2546],[-8.1627,53.2575],[-8.1662,53.2591],[-8.1615,53.2621],[-8.1619,53.264],[-8.156,53.2629],[-8.1122,53.2769],[-8.11,53.2765],[-8.1093,53.2786],[-8.0992,53.278],[-8.0971,53.2758],[-8.0926,53.2745],[-8.0878,53.275],[-8.0851,53.2735],[-8.0757,53.2724],[-8.0659,53.2736],[-8.0617,53.2714],[-8.0582,53.2714],[-8.0562,53.2718],[-8.0556,53.274],[-8.0439,53.272],[-8.0353,53.2642],[-8.0295,53.2631],[-8.0273,53.2531],[-8.0053,53.2502],[-8.0009,53.2455],[-7.9819,53.2394],[-7.9719,53.2332],[-7.9673,53.2265]]]}},{"type":"Feature","properties":{"d":"Ballinasloe","c":"5670G","dv":"Galway","st":"Ballinasloe","hq":"Murrough","ad":"Dunlo St, Ballinasloe, Co. Galway","ph":"9631890","ty":"District HQ","pop":24690,"km2":938.447},"geometry":{"type":"Polygon","coordinates":[[[-8.1093,53.2786],[-8.11,53.2765],[-8.1122,53.2769],[-8.156,53.2629],[-8.1619,53.264],[-8.1615,53.2621],[-8.1662,53.2591],[-8.1627,53.2575],[-8.1652,53.2546],[-8.1596,53.2522],[-8.1666,53.2484],[-8.1649,53.2478],[-8.1873,53.2423],[-8.1882,53.2406],[-8.1913,53.2409],[-8.1892,53.2392],[-8.1949,53.2371],[-8.1959,53.2332],[-8.1949,53.2307],[-8.1971,53.2269],[-8.1946,53.2251],[-8.1939,53.2217],[-8.1949,53.2199],[-8.198,53.2187],[-8.1888,53.213],[-8.199,53.2081],[-8.2084,53.1956],[-8.2102,53.1954],[-8.211,53.1969],[-8.2326,53.1935],[-8.2417,53.1939],[-8.2453,53.1956],[-8.2497,53.191],[-8.2566,53.1901],[-8.2566,53.1892],[-8.2687,53.1851],[-8.2718,53.1815],[-8.2961,53.1855],[-8.2962,53.1913],[-8.3018,53.1917],[-8.3035,53.1959],[-8.3066,53.1972],[-8.3178,53.1975],[-8.3247,53.1955],[-8.3259,53.1934],[-8.337,53.1943],[-8.3368,53.1909],[-8.3276,53.1878],[-8.3293,53.1855],[-8.3553,53.1896],[-8.3596,53.1885],[-8.362,53.1901],[-8.3629,53.1882],[-8.3578,53.1857],[-8.358,53.183],[-8.3528,53.1818],[-8.3532,53.1799],[-8.3557,53.1785],[-8.3737,53.1778],[-8.3768,53.1828],[-8.389,53.1837],[-8.3895,53.1884],[-8.3949,53.1908],[-8.3996,53.1908],[-8.4023,53.1937],[-8.4203,53.2013],[-8.4209,53.2027],[-8.4165,53.2033],[-8.4156,53.2053],[-8.4139,53.205],[-8.4046,53.2113],[-8.3996,53.2097],[-8.3985,53.2065],[-8.3914,53.2064],[-8.3873,53.2017],[-8.3802,53.1999],[-8.38,53.2016],[-8.3749,53.204],[-8.3666,53.2051],[-8.3728,53.2133],[-8.3787,53.215],[-8.406,53.2167],[-8.402,53.2223],[-8.402,53.225],[-8.3994,53.2287],[-8.4143,53.2321],[-8.4092,53.2377],[-8.3877,53.238],[-8.3763,53.2347],[-8.3812,53.2289],[-8.3826,53.2251],[-8.3656,53.2213],[-8.361,53.2257],[-8.357,53.2259],[-8.352,53.2297],[-8.3427,53.2308],[-8.3355,53.2275],[-8.3293,53.2285],[-8.3322,53.2321],[-8.3312,53.2338],[-8.332,53.2387],[-8.333,53.2388],[-8.3321,53.2411],[-8.3284,53.2403],[-8.3276,53.2429],[-8.3175,53.2477],[-8.3431,53.2492],[-8.3527,53.2469],[-8.3674,53.2478],[-8.3696,53.2496],[-8.375,53.2508],[-8.3767,53.253],[-8.3676,53.2575],[-8.3608,53.2578],[-8.3632,53.2633],[-8.3731,53.2627],[-8.38,53.2601],[-8.3817,53.2667],[-8.3811,53.273],[-8.3852,53.276],[-8.3823,53.2786],[-8.3807,53.2823],[-8.3909,53.2827],[-8.3906,53.2849],[-8.3917,53.2851],[-8.3909,53.2867],[-8.3862,53.2883],[-8.3886,53.2942],[-8.3916,53.2964],[-8.3943,53.2969],[-8.3988,53.2922],[-8.4023,53.2922],[-8.4026,53.2903],[-8.4174,53.2894],[-8.4263,53.3007],[-8.4305,53.3029],[-8.4337,53.3007],[-8.4326,53.2984],[-8.4332,53.297],[-8.4402,53.296],[-8.4425,53.2933],[-8.4507,53.2954],[-8.4593,53.3014],[-8.4561,53.3035],[-8.4517,53.3041],[-8.4506,53.3077],[-8.4515,53.308],[-8.4513,53.3106],[-8.4485,53.3127],[-8.4493,53.3158],[-8.446,53.3169],[-8.4386,53.3164],[-8.4325,53.3196],[-8.4266,53.3177],[-8.4245,53.321],[-8.427,53.3213],[-8.4275,53.3227],[-8.426,53.3239],[-8.4282,53.3285],[-8.4302,53.3288],[-8.4338,53.3335],[-8.4369,53.3336],[-8.443,53.3391],[-8.4437,53.3424],[-8.4464,53.3459],[-8.4442,53.3524],[-8.47,53.3632],[-8.4734,53.367],[-8.4762,53.3654],[-8.4827,53.3656],[-8.4865,53.3592],[-8.5,53.3591],[-8.5053,53.3629],[-8.5102,53.3615],[-8.5103,53.3577],[-8.5147,53.3575],[-8.5187,53.3589],[-8.5172,53.3647],[-8.5213,53.3693],[-8.5247,53.3678],[-8.535,53.3675],[-8.5497,53.3591],[-8.5532,53.3593],[-8.5546,53.358],[-8.5519,53.354],[-8.562,53.3513],[-8.5642,53.3543],[-8.57,53.3536],[-8.5847,53.3558],[-8.5923,53.3555],[-8.5929,53.3512],[-8.5993,53.3487],[-8.6006,53.3501],[-8.6049,53.3503],[-8.6091,53.3527],[-8.608,53.3565],[-8.6114,53.36],[-8.6174,53.3621],[-8.6145,53.3687],[-8.6089,53.3733],[-8.613,53.3845],[-8.6215,53.3899],[-8.6227,53.3938],[-8.6315,53.3931],[-8.6408,53.3845],[-8.6454,53.3827],[-8.648,53.3879],[-8.6509,53.3877],[-8.6469,53.3954],[-8.6532,53.3972],[-8.6512,53.403],[-8.6571,53.4049],[-8.6566,53.4106],[-8.6589,53.4118],[-8.6577,53.4136],[-8.6586,53.4159],[-8.6569,53.4178],[-8.6582,53.4224],[-8.6602,53.4243],[-8.6596,53.4261],[-8.6661,53.4289],[-8.6682,53.4314],[-8.6671,53.4355],[-8.6618,53.4367],[-8.6596,53.4361],[-8.6595,53.4376],[-8.6613,53.4418],[-8.6699,53.4457],[-8.6633,53.4465],[-8.6555,53.4451],[-8.6483,53.4487],[-8.6382,53.4491],[-8.6381,53.4522],[-8.6318,53.4518],[-8.6297,53.4547],[-8.6312,53.4636],[-8.634,53.4645],[-8.6363,53.4732],[-8.6441,53.4702],[-8.6499,53.4709],[-8.6537,53.4723],[-8.6468,53.4753],[-8.6519,53.4792],[-8.6595,53.4785],[-8.6619,53.4833],[-8.6715,53.4844],[-8.6667,53.4817],[-8.6743,53.4802],[-8.6768,53.4837],[-8.6734,53.497],[-8.6703,53.4997],[-8.6645,53.4982],[-8.6641,53.5073],[-8.6644,53.5083],[-8.6663,53.5082],[-8.6685,53.5144],[-8.6629,53.5195],[-8.661,53.5249],[-8.6577,53.5262],[-8.6576,53.5279],[-8.6635,53.5298],[-8.6628,53.5319],[-8.6649,53.5329],[-8.6644,53.5364],[-8.6659,53.5383],[-8.6643,53.5419],[-8.6662,53.5436],[-8.6644,53.5502],[-8.6615,53.5522],[-8.6456,53.5525],[-8.6477,53.5602],[-8.6451,53.56],[-8.6423,53.5637],[-8.634,53.5689],[-8.6254,53.5608],[-8.6204,53.561],[-8.6085,53.5581],[-8.6061,53.5594],[-8.605,53.5621],[-8.6003,53.5643],[-8.5985,53.5676],[-8.6011,53.5707],[-8.6006,53.5738],[-8.5944,53.5747],[-8.5901,53.5769],[-8.5882,53.5752],[-8.5743,53.5725],[-8.5759,53.5668],[-8.575,53.5648],[-8.5781,53.5584],[-8.5707,53.5587],[-8.5706,53.5609],[-8.5462,53.5617],[-8.5531,53.5566],[-8.5507,53.5564],[-8.5456,53.5518],[-8.5377,53.5525],[-8.5377,53.5576],[-8.5326,53.5566],[-8.5294,53.5613],[-8.5354,53.5689],[-8.5265,53.5724],[-8.5256,53.5738],[-8.5271,53.5752],[-8.5072,53.5785],[-8.5112,53.5805],[-8.5058,53.5843],[-8.5042,53.5869],[-8.5018,53.5873],[-8.4961,53.5827],[-8.4734,53.5729],[-8.4625,53.5738],[-8.4497,53.5714],[-8.4473,53.5731],[-8.4477,53.575],[-8.4563,53.5796],[-8.4609,53.584],[-8.4689,53.5867],[-8.4685,53.5876],[-8.4807,53.598],[-8.474,53.6009],[-8.4698,53.6053],[-8.4611,53.6038],[-8.4501,53.6096],[-8.4415,53.6112],[-8.4377,53.6165],[-8.4487,53.6228],[-8.4511,53.6267],[-8.4458,53.6267],[-8.4459,53.6321],[-8.4453,53.6336],[-8.4423,53.6341],[-8.4424,53.6386],[-8.4345,53.6379],[-8.4326,53.6361],[-8.4211,53.6424],[-8.4219,53.6431],[-8.4155,53.6446],[-8.42,53.653],[-8.4209,53.6528],[-8.42,53.6544],[-8.422,53.6654],[-8.4189,53.6678],[-8.4063,53.6654],[-8.4026,53.6662],[-8.3983,53.6651],[-8.3981,53.6632],[-8.3931,53.6609],[-8.3866,53.66],[-8.3818,53.6569],[-8.381,53.6545],[-8.3779,53.6533],[-8.3717,53.6549],[-8.3656,53.6514],[-8.3633,53.6515],[-8.3617,53.6457],[-8.3644,53.6411],[-8.367,53.6403],[-8.3772,53.6437],[-8.3832,53.6398],[-8.3935,53.6402],[-8.3965,53.637],[-8.3973,53.6328],[-8.3963,53.6314],[-8.3994,53.6322],[-8.3996,53.6296],[-8.4074,53.6278],[-8.4109,53.6249],[-8.3971,53.627],[-8.3899,53.6267],[-8.3888,53.625],[-8.3934,53.6237],[-8.3866,53.6192],[-8.3791,53.6169],[-8.3836,53.6055],[-8.3787,53.599],[-8.3736,53.5988],[-8.3675,53.6011],[-8.3603,53.5982],[-8.354,53.5988],[-8.3518,53.595],[-8.3523,53.5936],[-8.3497,53.5917],[-8.3424,53.5909],[-8.3375,53.5881],[-8.3427,53.5822],[-8.3419,53.5785],[-8.3332,53.5768],[-8.3146,53.5791],[-8.3065,53.5782],[-8.3057,53.5751],[-8.3021,53.5744],[-8.3008,53.5724],[-8.297,53.5722],[-8.2902,53.5696],[-8.2829,53.5645],[-8.2881,53.5619],[-8.2979,53.566],[-8.304,53.5642],[-8.3052,53.5612],[-8.3081,53.5599],[-8.3032,53.5587],[-8.2955,53.5543],[-8.2983,53.5513],[-8.2985,53.5485],[-8.2913,53.5451],[-8.2962,53.5435],[-8.2966,53.5423],[-8.285,53.5377],[-8.2914,53.5347],[-8.2942,53.5306],[-8.277,53.5241],[-8.2766,53.5209],[-8.2778,53.5197],[-8.281,53.5186],[-8.2854,53.5201],[-8.2912,53.5181],[-8.2903,53.5157],[-8.2917,53.5146],[-8.293,53.5096],[-8.2926,53.5083],[-8.2888,53.5074],[-8.2825,53.5033],[-8.2831,53.5021],[-8.2812,53.499],[-8.2757,53.4964],[-8.2748,53.4944],[-8.2808,53.4905],[-8.2815,53.4879],[-8.2753,53.4813],[-8.2705,53.4794],[-8.2754,53.4773],[-8.2803,53.4771],[-8.2869,53.4734],[-8.2875,53.4718],[-8.2804,53.4697],[-8.2772,53.4669],[-8.2667,53.4637],[-8.2631,53.4615],[-8.2627,53.4558],[-8.2528,53.4522],[-8.251,53.45],[-8.2415,53.4478],[-8.2376,53.4442],[-8.2394,53.4431],[-8.2389,53.4409],[-8.244,53.4367],[-8.2488,53.4382],[-8.261,53.4353],[-8.2631,53.4334],[-8.2632,53.4302],[-8.2591,53.4271],[-8.2586,53.4223],[-8.2567,53.4204],[-8.2585,53.4158],[-8.2572,53.4136],[-8.2542,53.4124],[-8.2443,53.4132],[-8.2396,53.4123],[-8.2381,53.4108],[-8.2382,53.4063],[-8.2343,53.405],[-8.2319,53.4032],[-8.2314,53.4008],[-8.2246,53.396],[-8.2268,53.3907],[-8.2312,53.3888],[-8.2305,53.386],[-8.2361,53.3827],[-8.2346,53.3815],[-8.2379,53.3805],[-8.2463,53.3744],[-8.2432,53.3697],[-8.2434,53.3667],[-8.2374,53.3648],[-8.2385,53.3607],[-8.2371,53.358],[-8.2312,53.3588],[-8.2277,53.3564],[-8.2298,53.3515],[-8.2325,53.3497],[-8.2158,53.3466],[-8.2136,53.3441],[-8.2059,53.3476],[-8.1999,53.3478],[-8.1972,53.341],[-8.1774,53.343],[-8.1771,53.3342],[-8.1611,53.3327],[-8.1558,53.3341],[-8.1513,53.3282],[-8.1585,53.3265],[-8.1618,53.3235],[-8.1545,53.3195],[-8.15,53.3187],[-8.1459,53.3119],[-8.1415,53.3098],[-8.145,53.305],[-8.1474,53.2929],[-8.1535,53.2873],[-8.1494,53.2845],[-8.1497,53.2806],[-8.14,53.2789],[-8.1368,53.2812],[-8.1331,53.282],[-8.1093,53.2786]]]}},{"type":"Feature","properties":{"d":"Roscommon","c":"5600F","dv":"Mayo & Roscommon/Longford","st":"Roscommon","hq":"Castlebar","ad":"Roscommon Town, Co. Roscommon","ph":"6638300","ty":"District HQ","pop":24122,"km2":875.874},"geometry":{"type":"Polygon","coordinates":[[[-7.9104,53.3718],[-7.9123,53.368],[-7.9182,53.3675],[-7.9255,53.362],[-7.9325,53.3612],[-7.9369,53.3581],[-7.9437,53.3501],[-7.9422,53.3435],[-7.944,53.3415],[-7.9699,53.3353],[-7.984,53.3373],[-7.9887,53.3337],[-7.9895,53.3317],[-7.9866,53.329],[-7.996,53.3244],[-8.0039,53.322],[-8.0149,53.3244],[-8.0261,53.3218],[-8.0279,53.3135],[-8.0243,53.3039],[-8.0295,53.3005],[-8.0318,53.295],[-8.0365,53.2919],[-8.0463,53.2886],[-8.0495,53.2827],[-8.049,53.2807],[-8.0555,53.275],[-8.0562,53.2718],[-8.0617,53.2714],[-8.0659,53.2736],[-8.0757,53.2724],[-8.0851,53.2735],[-8.0878,53.275],[-8.0896,53.2741],[-8.0971,53.2758],[-8.0992,53.278],[-8.1331,53.282],[-8.1368,53.2812],[-8.14,53.2789],[-8.1497,53.2806],[-8.1494,53.2845],[-8.1535,53.2873],[-8.1474,53.2929],[-8.145,53.305],[-8.1415,53.3098],[-8.1459,53.3119],[-8.15,53.3187],[-8.1545,53.3195],[-8.1618,53.3235],[-8.1585,53.3265],[-8.1513,53.3282],[-8.1558,53.3341],[-8.1611,53.3327],[-8.1771,53.3342],[-8.1774,53.343],[-8.1972,53.341],[-8.1999,53.3478],[-8.2059,53.3476],[-8.2136,53.3441],[-8.2158,53.3466],[-8.2325,53.3497],[-8.2298,53.3515],[-8.2277,53.3564],[-8.2312,53.3588],[-8.2371,53.358],[-8.2385,53.3607],[-8.2374,53.3648],[-8.2425,53.3659],[-8.2438,53.3674],[-8.2432,53.3697],[-8.2463,53.3744],[-8.2379,53.3805],[-8.2346,53.3815],[-8.2361,53.3827],[-8.2305,53.386],[-8.2312,53.3888],[-8.2268,53.3907],[-8.2246,53.396],[-8.2314,53.4008],[-8.2319,53.4032],[-8.2343,53.405],[-8.2382,53.4063],[-8.2381,53.4108],[-8.2396,53.4123],[-8.2443,53.4132],[-8.2542,53.4124],[-8.2572,53.4136],[-8.2585,53.4158],[-8.2567,53.4204],[-8.2586,53.4223],[-8.2591,53.4271],[-8.2627,53.4292],[-8.2631,53.4334],[-8.261,53.4353],[-8.2488,53.4382],[-8.244,53.4367],[-8.2389,53.4409],[-8.2394,53.4431],[-8.2376,53.4442],[-8.2415,53.4478],[-8.251,53.45],[-8.2528,53.4522],[-8.2627,53.4558],[-8.2631,53.4615],[-8.2667,53.4637],[-8.2772,53.4669],[-8.2804,53.4697],[-8.2875,53.4718],[-8.2869,53.4734],[-8.2803,53.4771],[-8.2754,53.4773],[-8.2705,53.4794],[-8.2753,53.4813],[-8.2815,53.4879],[-8.2808,53.4905],[-8.2748,53.4944],[-8.2757,53.4964],[-8.2812,53.499],[-8.2831,53.5021],[-8.2825,53.5033],[-8.2888,53.5074],[-8.2926,53.5083],[-8.293,53.5096],[-8.2917,53.5146],[-8.2903,53.5157],[-8.2912,53.5181],[-8.2854,53.5201],[-8.281,53.5186],[-8.2778,53.5197],[-8.2766,53.5209],[-8.277,53.5241],[-8.2942,53.5306],[-8.2914,53.5347],[-8.285,53.5377],[-8.2966,53.5423],[-8.2962,53.5435],[-8.2913,53.5451],[-8.2985,53.5485],[-8.2983,53.5513],[-8.2955,53.5543],[-8.3032,53.5587],[-8.3081,53.5599],[-8.3052,53.5612],[-8.304,53.5642],[-8.2979,53.566],[-8.2881,53.5619],[-8.2829,53.5645],[-8.2902,53.5696],[-8.297,53.5722],[-8.3008,53.5724],[-8.3021,53.5744],[-8.3057,53.5751],[-8.3065,53.5782],[-8.3146,53.5791],[-8.3332,53.5768],[-8.3419,53.5785],[-8.3427,53.5822],[-8.3375,53.5881],[-8.3424,53.5909],[-8.3497,53.5917],[-8.3523,53.5936],[-8.3518,53.595],[-8.354,53.5988],[-8.3603,53.5982],[-8.3675,53.6011],[-8.3736,53.5988],[-8.3787,53.599],[-8.3836,53.6055],[-8.3791,53.6169],[-8.3866,53.6192],[-8.3934,53.6237],[-8.3888,53.625],[-8.3899,53.6267],[-8.3971,53.627],[-8.4109,53.6249],[-8.4074,53.6278],[-8.3996,53.6296],[-8.3994,53.6322],[-8.3963,53.6314],[-8.3973,53.6328],[-8.3949,53.6397],[-8.3832,53.6398],[-8.3772,53.6437],[-8.367,53.6403],[-8.3644,53.6411],[-8.3617,53.6457],[-8.3633,53.6515],[-8.3656,53.6514],[-8.3717,53.6549],[-8.3779,53.6533],[-8.381,53.6545],[-8.3818,53.6569],[-8.3866,53.66],[-8.3931,53.6609],[-8.3981,53.6632],[-8.3983,53.6651],[-8.4039,53.6662],[-8.4033,53.6714],[-8.3848,53.671],[-8.3831,53.6719],[-8.3841,53.6745],[-8.3814,53.6763],[-8.3765,53.6765],[-8.3593,53.6721],[-8.354,53.6724],[-8.3529,53.6673],[-8.3488,53.668],[-8.3427,53.6659],[-8.3372,53.6657],[-8.3373,53.6673],[-8.3329,53.668],[-8.3335,53.6695],[-8.3243,53.6699],[-8.325,53.6717],[-8.3178,53.6704],[-8.3103,53.6736],[-8.2954,53.6678],[-8.2802,53.6732],[-8.2761,53.6773],[-8.2736,53.6773],[-8.2734,53.6812],[-8.2715,53.6813],[-8.2695,53.6834],[-8.2715,53.6842],[-8.271,53.6853],[-8.2583,53.6874],[-8.2507,53.6865],[-8.2436,53.689],[-8.2452,53.6913],[-8.2451,53.6934],[-8.2512,53.6953],[-8.2588,53.7063],[-8.255,53.7079],[-8.2464,53.7096],[-8.2434,53.7075],[-8.2311,53.7044],[-8.2264,53.7061],[-8.2196,53.705],[-8.2059,53.7069],[-8.2027,53.7078],[-8.2066,53.7121],[-8.1989,53.7149],[-8.1966,53.7138],[-8.188,53.7156],[-8.1848,53.7176],[-8.1683,53.7191],[-8.1662,53.7209],[-8.1605,53.7188],[-8.1578,53.7199],[-8.1363,53.7203],[-8.1341,53.7141],[-8.1312,53.7136],[-8.1277,53.7144],[-8.1253,53.7173],[-8.1227,53.7182],[-8.1174,53.7114],[-8.1042,53.7104],[-8.1023,53.7122],[-8.0949,53.7089],[-8.0856,53.7078],[-8.082,53.706],[-8.0823,53.7045],[-8.0748,53.7026],[-8.0746,53.7002],[-8.0697,53.6941],[-8.0666,53.6963],[-8.0632,53.6967],[-8.0644,53.699],[-8.0601,53.7032],[-8.0572,53.7016],[-8.0489,53.7055],[-8.03,53.6945],[-8.0294,53.6977],[-8.0264,53.697],[-8.0249,53.7005],[-8.0255,53.7064],[-8.0279,53.7071],[-8.0237,53.7137],[-7.9771,53.705],[-7.9749,53.7035],[-7.9772,53.7016],[-7.9841,53.7007],[-7.9877,53.6989],[-7.9824,53.6899],[-7.9831,53.683],[-7.9847,53.68],[-7.9995,53.669],[-8.0038,53.6621],[-8.0147,53.6624],[-8.0216,53.6576],[-8.0347,53.6435],[-8.0361,53.6268],[-8.036,53.6077],[-8.015,53.5811],[-7.9808,53.5521],[-7.9601,53.4949],[-8.0092,53.4949],[-8.0115,53.494],[-8.0097,53.4931],[-8.0023,53.4948],[-7.998,53.4936],[-8.0002,53.4918],[-7.9983,53.4895],[-7.9987,53.4885],[-8.003,53.4904],[-8.0043,53.4897],[-8.0025,53.4879],[-8.0062,53.487],[-8.0016,53.4863],[-8.0036,53.4852],[-8.0025,53.4837],[-7.9999,53.485],[-8.0009,53.4834],[-7.9992,53.4809],[-8.0003,53.4801],[-7.9995,53.4764],[-8.0013,53.4743],[-8.0007,53.472],[-7.9991,53.4713],[-8.006,53.4634],[-8.0051,53.4631],[-8.006,53.4609],[-8.0076,53.4601],[-8.0093,53.4619],[-8.0296,53.4596],[-8.0358,53.46],[-8.0439,53.4657],[-8.0456,53.4646],[-8.0392,53.4588],[-8.0392,53.4574],[-8.0413,53.4567],[-8.0458,53.4608],[-8.0477,53.4593],[-8.0408,53.4525],[-8.0397,53.4446],[-8.0323,53.4444],[-8.0302,53.4419],[-8.0301,53.4353],[-8.0372,53.4314],[-8.0394,53.4263],[-8.0353,53.4239],[-8.0327,53.4191],[-8.0281,53.4183],[-8.0255,53.4197],[-8.0196,53.4201],[-8.0134,53.4184],[-8.0095,53.4144],[-8.0042,53.4186],[-8.0009,53.4157],[-7.9935,53.4154],[-7.9877,53.4123],[-7.9812,53.4123],[-7.9788,53.4103],[-7.975,53.4096],[-7.9654,53.4034],[-7.9661,53.4024],[-7.9641,53.4004],[-7.9631,53.4013],[-7.9597,53.4007],[-7.9571,53.4025],[-7.952,53.4011],[-7.9517,53.402],[-7.9459,53.4015],[-7.9455,53.4031],[-7.9408,53.4041],[-7.9305,53.4],[-7.9293,53.3978],[-7.9241,53.3953],[-7.9232,53.3879],[-7.9137,53.379],[-7.9144,53.3771],[-7.9104,53.3718]]]}},{"type":"Feature","properties":{"d":"Clonmel","c":"3670F","dv":"Clare & Tipperary","st":"Clonmel","hq":"Ennis","ad":"Emmet Street, Clonmel","ph":"6177640","ty":"District HQ","pop":27197,"km2":523.245},"geometry":{"type":"Polygon","coordinates":[[[-7.3721,52.3419],[-7.3759,52.341],[-7.3744,52.3385],[-7.3758,52.3364],[-7.3788,52.3366],[-7.3737,52.3346],[-7.374,52.3336],[-7.399,52.3363],[-7.4009,52.3335],[-7.4046,52.3315],[-7.4291,52.3304],[-7.4288,52.3331],[-7.4314,52.3333],[-7.4311,52.3363],[-7.4375,52.3372],[-7.4356,52.3393],[-7.4378,52.3412],[-7.4378,52.3478],[-7.4462,52.3496],[-7.4829,52.3512],[-7.5092,52.3555],[-7.5154,52.3588],[-7.5304,52.3603],[-7.5438,52.3597],[-7.5499,52.3614],[-7.5563,52.3615],[-7.5624,52.3605],[-7.5645,52.3581],[-7.5703,52.3582],[-7.5971,52.3639],[-7.6085,52.3621],[-7.6215,52.3623],[-7.6282,52.3587],[-7.6362,52.3587],[-7.6347,52.3568],[-7.6359,52.3558],[-7.6352,52.3528],[-7.6367,52.3474],[-7.6275,52.3402],[-7.6328,52.3387],[-7.6416,52.3395],[-7.6442,52.3344],[-7.6477,52.333],[-7.6421,52.3273],[-7.6423,52.3245],[-7.64,52.3216],[-7.6442,52.3231],[-7.6514,52.3216],[-7.6539,52.3239],[-7.6557,52.3341],[-7.6512,52.3398],[-7.6519,52.3403],[-7.6563,52.3392],[-7.6569,52.337],[-7.6674,52.3373],[-7.6765,52.3407],[-7.6829,52.3358],[-7.6851,52.3373],[-7.6887,52.3347],[-7.6931,52.3379],[-7.7028,52.3342],[-7.7071,52.3369],[-7.7051,52.331],[-7.7062,52.3248],[-7.7068,52.3237],[-7.7147,52.3227],[-7.7179,52.3228],[-7.718,52.3251],[-7.7298,52.3251],[-7.7281,52.3304],[-7.7329,52.3278],[-7.7431,52.3279],[-7.7456,52.3251],[-7.7479,52.3269],[-7.7537,52.3275],[-7.7454,52.3299],[-7.7471,52.3384],[-7.7452,52.3404],[-7.746,52.3418],[-7.7526,52.341],[-7.7616,52.3425],[-7.7801,52.3431],[-7.789,52.3417],[-7.7893,52.3434],[-7.7922,52.3423],[-7.7961,52.3376],[-7.7988,52.3386],[-7.8008,52.3414],[-7.8018,52.3464],[-7.8007,52.3472],[-7.8034,52.352],[-7.8159,52.3527],[-7.8155,52.3558],[-7.8165,52.3561],[-7.8165,52.3593],[-7.8183,52.3629],[-7.8141,52.3656],[-7.8071,52.3654],[-7.8072,52.3745],[-7.7985,52.3759],[-7.8018,52.3847],[-7.7994,52.3863],[-7.8003,52.3874],[-7.7973,52.3887],[-7.7972,52.3988],[-7.7961,52.3988],[-7.7972,52.4004],[-7.7969,52.4018],[-7.7953,52.4019],[-7.796,52.4043],[-7.7977,52.4041],[-7.8037,52.4137],[-7.8013,52.4138],[-7.7962,52.4174],[-7.7815,52.4202],[-7.7798,52.4264],[-7.7778,52.4285],[-7.7811,52.4323],[-7.7854,52.4345],[-7.7843,52.436],[-7.7866,52.4388],[-7.7677,52.4425],[-7.7689,52.4439],[-7.7551,52.4457],[-7.7562,52.4493],[-7.7582,52.4511],[-7.7513,52.4505],[-7.7527,52.4549],[-7.7589,52.4527],[-7.7684,52.4522],[-7.7713,52.4523],[-7.7745,52.4563],[-7.792,52.4525],[-7.7933,52.4542],[-7.7907,52.4548],[-7.7908,52.4588],[-7.7859,52.4603],[-7.7774,52.4609],[-7.771,52.4595],[-7.7682,52.4608],[-7.7615,52.4609],[-7.7586,52.4627],[-7.759,52.4662],[-7.7575,52.4664],[-7.7596,52.4695],[-7.757,52.4702],[-7.7604,52.4824],[-7.7591,52.4849],[-7.7566,52.4858],[-7.7496,52.4861],[-7.7483,52.4871],[-7.7512,52.4895],[-7.7485,52.4895],[-7.7469,52.492],[-7.7453,52.4914],[-7.7563,52.4977],[-7.7678,52.4997],[-7.7722,52.5035],[-7.7749,52.5024],[-7.7804,52.5026],[-7.786,52.5044],[-7.7952,52.5001],[-7.7957,52.5016],[-7.7989,52.5025],[-7.8058,52.5018],[-7.8063,52.503],[-7.812,52.5039],[-7.8161,52.5016],[-7.8164,52.5045],[-7.814,52.5073],[-7.8167,52.5084],[-7.8158,52.5103],[-7.8129,52.511],[-7.7975,52.5115],[-7.7932,52.5095],[-7.7842,52.5099],[-7.7847,52.5121],[-7.7825,52.5137],[-7.7829,52.5157],[-7.7841,52.5178],[-7.7878,52.5184],[-7.7906,52.5216],[-7.7896,52.5226],[-7.7852,52.5215],[-7.7853,52.5256],[-7.78,52.5276],[-7.7764,52.5232],[-7.7719,52.5244],[-7.7709,52.5209],[-7.7474,52.5254],[-7.7476,52.5271],[-7.7435,52.5302],[-7.7448,52.5397],[-7.7417,52.5409],[-7.7367,52.5414],[-7.7339,52.5401],[-7.735,52.5341],[-7.7294,52.5323],[-7.7253,52.5329],[-7.7248,52.5279],[-7.7204,52.522],[-7.7204,52.5192],[-7.7217,52.5179],[-7.7163,52.5095],[-7.7111,52.5114],[-7.718,52.5189],[-7.7181,52.5237],[-7.7034,52.5298],[-7.7016,52.5327],[-7.6944,52.5314],[-7.6846,52.527],[-7.6801,52.5272],[-7.677,52.5253],[-7.6738,52.525],[-7.6713,52.5253],[-7.6738,52.5323],[-7.6726,52.5326],[-7.6734,52.5352],[-7.668,52.5348],[-7.6661,52.5322],[-7.6641,52.5317],[-7.6597,52.5364],[-7.6536,52.5354],[-7.6536,52.5337],[-7.6425,52.5354],[-7.6383,52.5293],[-7.6347,52.5292],[-7.6371,52.5265],[-7.6262,52.5267],[-7.6309,52.523],[-7.6298,52.5207],[-7.6309,52.52],[-7.6288,52.5181],[-7.6263,52.5184],[-7.6276,52.5161],[-7.6151,52.5124],[-7.6138,52.514],[-7.6141,52.5188],[-7.6126,52.5199],[-7.614,52.5244],[-7.6118,52.5238],[-7.6064,52.5275],[-7.6012,52.5282],[-7.6022,52.5323],[-7.5997,52.5357],[-7.5939,52.5364],[-7.5841,52.5346],[-7.5826,52.5334],[-7.5827,52.5311],[-7.5797,52.5312],[-7.5689,52.5251],[-7.5688,52.5281],[-7.5678,52.5281],[-7.563,52.5248],[-7.5584,52.5253],[-7.5419,52.5228],[-7.5383,52.5196],[-7.5278,52.5229],[-7.5259,52.5303],[-7.5267,52.5319],[-7.5289,52.5346],[-7.5325,52.5349],[-7.5388,52.538],[-7.536,52.5449],[-7.5326,52.5448],[-7.528,52.5509],[-7.5323,52.5517],[-7.5321,52.5531],[-7.5265,52.5523],[-7.5276,52.5507],[-7.5222,52.5498],[-7.5177,52.5475],[-7.512,52.5479],[-7.503,52.5461],[-7.5035,52.5488],[-7.497,52.5491],[-7.4749,52.5544],[-7.4627,52.5542],[-7.4532,52.552],[-7.4544,52.5469],[-7.4528,52.5455],[-7.4563,52.5434],[-7.4565,52.5398],[-7.4586,52.5357],[-7.4571,52.5295],[-7.4573,52.5233],[-7.4588,52.5214],[-7.4541,52.5215],[-7.4503,52.5164],[-7.4517,52.5159],[-7.4514,52.5132],[-7.4534,52.512],[-7.4532,52.5107],[-7.4484,52.5092],[-7.4434,52.5104],[-7.4324,52.5186],[-7.4201,52.5109],[-7.4252,52.5045],[-7.4295,52.5031],[-7.4303,52.4976],[-7.4326,52.4959],[-7.432,52.4952],[-7.4439,52.4913],[-7.4569,52.4826],[-7.4595,52.4823],[-7.4585,52.4803],[-7.46,52.4762],[-7.4679,52.4723],[-7.4628,52.4693],[-7.461,52.4659],[-7.4411,52.466],[-7.4411,52.4596],[-7.4325,52.455],[-7.4306,52.4551],[-7.4294,52.4532],[-7.4229,52.4521],[-7.4187,52.442],[-7.4097,52.438],[-7.4084,52.4354],[-7.4035,52.4345],[-7.3999,52.4279],[-7.3908,52.4285],[-7.3885,52.4251],[-7.3848,52.4247],[-7.3824,52.4201],[-7.3832,52.4165],[-7.3855,52.4155],[-7.3855,52.4104],[-7.3891,52.4075],[-7.3905,52.4],[-7.3931,52.3985],[-7.3945,52.3948],[-7.3882,52.3837],[-7.3922,52.3805],[-7.3896,52.3778],[-7.394,52.3723],[-7.3938,52.3688],[-7.3954,52.3687],[-7.3971,52.3641],[-7.395,52.3632],[-7.3938,52.3604],[-7.3906,52.3596],[-7.3888,52.3565],[-7.383,52.3549],[-7.3761,52.3503],[-7.3773,52.3494],[-7.375,52.3489],[-7.3761,52.3483],[-7.3735,52.3476],[-7.3729,52.3471],[-7.3742,52.3468],[-7.3721,52.3456],[-7.3737,52.3453],[-7.3723,52.3445],[-7.3721,52.3419]]]}},{"type":"Feature","properties":{"d":"Coolock","c":"1530L","dv":"DMR North","st":"Coolock","hq":"Ballymun","ad":"Oscar Traynor Road","ph":"6664200","ty":"District HQ","pop":142005,"km2":144.515},"geometry":{"type":"Polygon","coordinates":[[[-5.9877,53.4949],[-5.9885,53.4772],[-6.0126,53.4776],[-6.0425,53.4842],[-6.1006,53.4851],[-6.1109,53.4828],[-6.1129,53.4814],[-6.1131,53.4794],[-6.1183,53.4768],[-6.1309,53.4564],[-6.1351,53.4524],[-6.1406,53.4535],[-6.1382,53.455],[-6.1454,53.4541],[-6.1461,53.4549],[-6.1417,53.4565],[-6.1473,53.4555],[-6.144,53.4578],[-6.1425,53.4625],[-6.1322,53.4685],[-6.133,53.4698],[-6.1449,53.4749],[-6.1527,53.4762],[-6.153,53.4721],[-6.1489,53.4722],[-6.1487,53.4708],[-6.1541,53.4687],[-6.1725,53.4696],[-6.1825,53.466],[-6.1868,53.467],[-6.1922,53.4639],[-6.193,53.4642],[-6.192,53.4651],[-6.2042,53.4664],[-6.2044,53.465],[-6.2006,53.4634],[-6.1818,53.4587],[-6.1771,53.4563],[-6.168,53.4561],[-6.1576,53.4525],[-6.1565,53.453],[-6.1557,53.4577],[-6.1545,53.4575],[-6.1525,53.4526],[-6.1389,53.4505],[-6.1396,53.4512],[-6.1377,53.4513],[-6.1334,53.4466],[-6.1244,53.4436],[-6.122,53.4415],[-6.1228,53.4395],[-6.1216,53.437],[-6.124,53.4337],[-6.1233,53.4238],[-6.1126,53.4031],[-6.1143,53.4003],[-6.1163,53.3996],[-6.122,53.4006],[-6.1224,53.4043],[-6.1282,53.4133],[-6.1297,53.4184],[-6.1324,53.4195],[-6.1412,53.4183],[-6.1402,53.4171],[-6.1355,53.4177],[-6.1366,53.4147],[-6.1363,53.4095],[-6.1497,53.4097],[-6.1487,53.4045],[-6.1502,53.398],[-6.1572,53.3903],[-6.1688,53.3912],[-6.1746,53.3868],[-6.1763,53.383],[-6.1835,53.3839],[-6.186,53.3822],[-6.1889,53.3844],[-6.1988,53.3824],[-6.203,53.3801],[-6.208,53.3816],[-6.2105,53.3799],[-6.2139,53.3836],[-6.2165,53.3842],[-6.2149,53.3878],[-6.2142,53.3952],[-6.2163,53.396],[-6.2149,53.3984],[-6.2166,53.4023],[-6.2146,53.4037],[-6.2165,53.4065],[-6.2143,53.4099],[-6.2172,53.4104],[-6.2131,53.416],[-6.2141,53.4185],[-6.2128,53.4233],[-6.2141,53.4313],[-6.2264,53.433],[-6.2391,53.4372],[-6.2479,53.4363],[-6.2509,53.4393],[-6.264,53.4408],[-6.2631,53.4399],[-6.2663,53.4383],[-6.2887,53.4392],[-6.294,53.4348],[-6.2991,53.4326],[-6.296,53.4373],[-6.2981,53.4399],[-6.3047,53.4452],[-6.3083,53.4503],[-6.32,53.4508],[-6.3162,53.4533],[-6.3187,53.4545],[-6.3225,53.4543],[-6.3233,53.4585],[-6.3314,53.4567],[-6.3379,53.4577],[-6.3421,53.4592],[-6.3368,53.4627],[-6.3439,53.464],[-6.35,53.4582],[-6.3546,53.4628],[-6.3531,53.4655],[-6.3516,53.4656],[-6.3504,53.4695],[-6.346,53.4751],[-6.3381,53.4776],[-6.338,53.4799],[-6.3396,53.4818],[-6.3368,53.4822],[-6.3313,53.4858],[-6.3317,53.488],[-6.3292,53.4921],[-6.3096,53.4896],[-6.3107,53.4945],[-6.3086,53.5022],[-6.3047,53.5013],[-6.3027,53.5046],[-6.3005,53.5051],[-6.291,53.5031],[-6.2866,53.5031],[-6.286,53.5048],[-6.2795,53.5037],[-6.2781,53.5035],[-6.2782,53.5005],[-6.2678,53.4989],[-6.2662,53.501],[-6.2635,53.5006],[-6.2594,53.5071],[-6.2595,53.5092],[-6.2541,53.5106],[-6.2503,53.514],[-6.2404,53.5116],[-6.2441,53.5054],[-6.2325,53.5028],[-6.2286,53.5002],[-6.2233,53.5076],[-6.2141,53.5042],[-6.1941,53.4998],[-6.1937,53.4983],[-6.191,53.4977],[-6.1844,53.4994],[-6.1819,53.4983],[-6.1803,53.4993],[-6.1811,53.5003],[-6.1802,53.501],[-6.1746,53.4988],[-6.1715,53.4993],[-6.1701,53.5016],[-6.1656,53.5002],[-6.1617,53.5031],[-6.1629,53.5055],[-6.149,53.5023],[-6.1484,53.5001],[-6.1445,53.5012],[-6.129,53.4985],[-6.1201,53.4986],[-6.1262,53.5022],[-6.1297,53.5104],[-6.1201,53.5088],[-6.119,53.5097],[-6.1131,53.509],[-6.1017,53.5051],[-6.1019,53.5031],[-6.0116,53.5016],[-5.9877,53.4949]]]}},{"type":"Feature","properties":{"d":"Blanchardstown","c":"1700M","dv":"DMR West","st":"Blanchardstown","hq":"Blanchardstown","ad":"Blanchardstown, D15","ph":"6667000","ty":"Division HQ","pop":174165,"km2":94.509},"geometry":{"type":"Polygon","coordinates":[[[-6.2971,53.4329],[-6.3044,53.4268],[-6.3069,53.4193],[-6.2788,53.4171],[-6.2776,53.4143],[-6.281,53.4134],[-6.282,53.4032],[-6.2862,53.3993],[-6.2908,53.3989],[-6.291,53.398],[-6.2781,53.3957],[-6.2796,53.3874],[-6.276,53.3814],[-6.277,53.3773],[-6.2831,53.3749],[-6.2902,53.3775],[-6.2997,53.3763],[-6.2999,53.3729],[-6.2873,53.3695],[-6.2908,53.3613],[-6.2929,53.3614],[-6.2937,53.3598],[-6.2966,53.361],[-6.2989,53.3603],[-6.3008,53.3581],[-6.3058,53.3591],[-6.302,53.3563],[-6.3029,53.3559],[-6.3017,53.3535],[-6.2971,53.351],[-6.298,53.3496],[-6.2966,53.3482],[-6.3276,53.3462],[-6.3382,53.3468],[-6.3428,53.3484],[-6.3567,53.3578],[-6.3672,53.3622],[-6.3823,53.3626],[-6.391,53.3607],[-6.407,53.3623],[-6.4104,53.3672],[-6.4094,53.3731],[-6.4208,53.3793],[-6.4381,53.382],[-6.4408,53.3849],[-6.4499,53.3884],[-6.4489,53.3936],[-6.4467,53.3942],[-6.4475,53.3947],[-6.4437,53.3997],[-6.4396,53.4001],[-6.4411,53.4022],[-6.4385,53.4037],[-6.441,53.4063],[-6.4392,53.4084],[-6.4336,53.4105],[-6.4381,53.4122],[-6.4345,53.4126],[-6.4331,53.4146],[-6.4296,53.4144],[-6.4213,53.4169],[-6.422,53.4232],[-6.4179,53.4243],[-6.4182,53.4276],[-6.4152,53.4299],[-6.4197,53.4349],[-6.419,53.4358],[-6.416,53.4352],[-6.4103,53.4408],[-6.3967,53.4377],[-6.3956,53.4406],[-6.3872,53.438],[-6.3777,53.4444],[-6.3653,53.4445],[-6.3531,53.4478],[-6.3557,53.4515],[-6.3545,53.4527],[-6.3546,53.4628],[-6.35,53.4582],[-6.3439,53.464],[-6.3368,53.4627],[-6.3421,53.4592],[-6.3379,53.4577],[-6.3314,53.4567],[-6.3233,53.4585],[-6.3225,53.4543],[-6.3187,53.4545],[-6.3162,53.4533],[-6.32,53.4508],[-6.3083,53.4503],[-6.3047,53.4452],[-6.3016,53.4434],[-6.296,53.4373],[-6.2991,53.4342],[-6.2991,53.4326],[-6.2971,53.4329]]]}},{"type":"Feature","properties":{"d":"Ballymun","c":"1502H","dv":"DMR North","st":"Ballymun","hq":"Ballymun","ad":"Ballymun Road, D11","ph":"6664400","ty":"Division HQ","pop":60837,"km2":28.288},"geometry":{"type":"Polygon","coordinates":[[[-6.3044,53.4268],[-6.2887,53.4392],[-6.2663,53.4383],[-6.2631,53.4399],[-6.264,53.4408],[-6.2509,53.4393],[-6.2479,53.4363],[-6.2391,53.4372],[-6.2264,53.433],[-6.2141,53.4313],[-6.2128,53.4233],[-6.2141,53.4185],[-6.2131,53.416],[-6.2172,53.4104],[-6.2143,53.4099],[-6.2165,53.4065],[-6.2146,53.4037],[-6.2166,53.4023],[-6.2149,53.3984],[-6.2163,53.396],[-6.2142,53.3952],[-6.2149,53.3878],[-6.2165,53.3842],[-6.2287,53.3857],[-6.2364,53.3845],[-6.2402,53.3801],[-6.2441,53.372],[-6.2472,53.3709],[-6.2513,53.3668],[-6.2533,53.3681],[-6.257,53.3679],[-6.2658,53.3726],[-6.2791,53.3761],[-6.2767,53.3776],[-6.276,53.3814],[-6.2796,53.3874],[-6.2781,53.3957],[-6.291,53.398],[-6.2908,53.3989],[-6.2862,53.3993],[-6.282,53.4032],[-6.282,53.4101],[-6.2808,53.4137],[-6.2776,53.4143],[-6.2784,53.4167],[-6.3069,53.4193],[-6.3044,53.4268]]]}},{"type":"Feature","properties":{"d":"Midleton","c":"4200E","dv":"Cork North & Cork West","st":"Midleton","hq":"Macroom (Temp)","ad":"Oliver Plunkett Place, Midleton","ph":"4621550","ty":"District HQ","pop":67533,"km2":661.812},"geometry":{"type":"Polygon","coordinates":[[[-7.8411,51.9467],[-7.8429,51.9461],[-7.8417,51.943],[-7.8428,51.9405],[-7.8523,51.9372],[-7.8659,51.9303],[-7.8851,51.9117],[-7.9061,51.9059],[-7.9068,51.9003],[-7.9034,51.894],[-7.8885,51.8948],[-7.8862,51.8921],[-7.8713,51.8881],[-7.8698,51.8865],[-7.8465,51.8864],[-7.8466,51.8768],[-7.8812,51.8768],[-7.8837,51.8783],[-7.8876,51.8776],[-7.8907,51.8789],[-7.8963,51.8775],[-7.8991,51.8751],[-7.9116,51.8745],[-7.9179,51.8724],[-7.9202,51.8734],[-7.9247,51.8722],[-7.9292,51.8731],[-7.9352,51.8706],[-7.941,51.8699],[-7.9641,51.8694],[-7.9804,51.8657],[-8.0025,51.8582],[-8.0115,51.8524],[-8.0139,51.8496],[-8.0208,51.8464],[-8.0228,51.8406],[-8.0208,51.8325],[-8.0056,51.8288],[-7.9801,51.8288],[-7.98,51.8198],[-8.0152,51.8198],[-8.0158,51.8224],[-8.0256,51.8187],[-8.0327,51.8202],[-8.0373,51.8189],[-8.0388,51.815],[-8.0487,51.8177],[-8.0521,51.8132],[-8.0617,51.8088],[-8.069,51.8088],[-8.0706,51.8099],[-8.0846,51.808],[-8.0877,51.8097],[-8.1057,51.8075],[-8.1125,51.8086],[-8.133,51.8051],[-8.1452,51.7994],[-8.1494,51.7958],[-8.1495,51.7939],[-8.1562,51.7911],[-8.1567,51.7889],[-8.1627,51.7875],[-8.1623,51.7864],[-8.1668,51.7857],[-8.1674,51.7866],[-8.1692,51.7851],[-8.1738,51.7846],[-8.1757,51.7857],[-8.1738,51.7867],[-8.1742,51.7886],[-8.1766,51.7894],[-8.1788,51.7922],[-8.1782,51.7953],[-8.18,51.7962],[-8.182,51.7949],[-8.1949,51.7944],[-8.1969,51.793],[-8.2036,51.794],[-8.2089,51.7923],[-8.222,51.7951],[-8.2294,51.7943],[-8.2311,51.7926],[-8.2362,51.7949],[-8.2446,51.7922],[-8.2455,51.7936],[-8.2544,51.7922],[-8.2534,51.7928],[-8.2671,51.7925],[-8.2689,51.8134],[-8.2763,51.8133],[-8.2764,51.8285],[-8.2939,51.827],[-8.2954,51.836],[-8.2909,51.8388],[-8.2909,51.8455],[-8.3041,51.8449],[-8.3193,51.839],[-8.329,51.842],[-8.3284,51.8664],[-8.3305,51.8725],[-8.3344,51.8746],[-8.3394,51.8804],[-8.3335,51.8819],[-8.3265,51.8865],[-8.3247,51.8888],[-8.3242,51.8963],[-8.3027,51.9039],[-8.3062,51.9039],[-8.3088,51.9055],[-8.3078,51.907],[-8.3052,51.907],[-8.311,51.9095],[-8.3144,51.9096],[-8.3147,51.9107],[-8.3277,51.9116],[-8.331,51.9263],[-8.3331,51.9279],[-8.3324,51.9327],[-8.3337,51.9323],[-8.3366,51.9376],[-8.3299,51.9396],[-8.32,51.9374],[-8.3152,51.9396],[-8.3139,51.9418],[-8.3095,51.9432],[-8.3124,51.9451],[-8.315,51.9499],[-8.2921,51.957],[-8.299,51.9673],[-8.3094,51.9883],[-8.3056,51.9892],[-8.3084,51.9959],[-8.3055,52.0004],[-8.3025,52.0027],[-8.2842,51.9932],[-8.2776,51.9934],[-8.2711,51.9907],[-8.2691,51.9926],[-8.2726,51.9981],[-8.2709,51.9987],[-8.2683,52.004],[-8.2716,52.005],[-8.2525,52.0085],[-8.2489,52.0104],[-8.2456,52.0158],[-8.2242,52.0193],[-8.211,52.0182],[-8.2046,52.0195],[-8.1949,52.0189],[-8.1927,52.0193],[-8.1934,52.023],[-8.1669,52.0219],[-8.1677,52.0269],[-8.1768,52.0265],[-8.1773,52.0274],[-8.1897,52.0286],[-8.206,52.0288],[-8.2178,52.0355],[-8.2174,52.0414],[-8.221,52.047],[-8.2191,52.0519],[-8.2103,52.052],[-8.2071,52.0505],[-8.1981,52.0513],[-8.1967,52.0551],[-8.1929,52.0571],[-8.1929,52.054],[-8.187,52.051],[-8.1845,52.0443],[-8.1783,52.0438],[-8.1773,52.0417],[-8.1696,52.0424],[-8.1683,52.0446],[-8.1628,52.0449],[-8.162,52.044],[-8.1641,52.0395],[-8.1589,52.0301],[-8.1538,52.0262],[-8.1533,52.0236],[-8.1395,52.0255],[-8.136,52.0231],[-8.1352,52.0198],[-8.1325,52.0204],[-8.1292,52.0181],[-8.1228,52.0163],[-8.1068,52.0144],[-8.1002,52.0158],[-8.0945,52.0142],[-8.0739,52.0147],[-8.0697,52.0111],[-8.0624,52.0118],[-8.0552,52.0083],[-8.0445,52.0056],[-8.0434,52.0082],[-8.03,52.007],[-8.0212,52.0083],[-8.0161,52.0116],[-8.0167,52.0138],[-8.0152,52.0156],[-8.0041,52.0177],[-7.9979,52.0205],[-7.9951,52.0208],[-7.9924,52.0183],[-7.9832,52.0185],[-7.9847,52.0218],[-7.9833,52.0271],[-7.9867,52.0345],[-7.9824,52.0354],[-7.977,52.0345],[-7.9733,52.0325],[-7.9625,52.0367],[-7.9571,52.0362],[-7.9617,52.0263],[-7.9609,52.0231],[-7.9573,52.0225],[-7.9583,52.0191],[-7.9379,52.0138],[-7.9341,52.0119],[-7.9328,52.0097],[-7.9278,52.0076],[-7.9226,52.0081],[-7.922,52.0132],[-7.9249,52.0188],[-7.9223,52.0217],[-7.924,52.0233],[-7.9225,52.0244],[-7.9122,52.023],[-7.9121,52.0242],[-7.9042,52.0243],[-7.8805,52.0198],[-7.8843,52.0271],[-7.8797,52.0292],[-7.8731,52.0272],[-7.8729,52.0248],[-7.8697,52.025],[-7.8692,52.0262],[-7.8655,52.0259],[-7.8629,52.0205],[-7.8591,52.0231],[-7.8542,52.0222],[-7.856,52.0118],[-7.8607,52.004],[-7.8653,52.0005],[-7.8693,51.9992],[-7.8788,51.9996],[-7.8827,51.9963],[-7.8793,51.9899],[-7.874,51.9847],[-7.8533,51.9814],[-7.8542,51.9794],[-7.8472,51.9722],[-7.8446,51.967],[-7.8421,51.9542],[-7.8465,51.9538],[-7.8425,51.9505],[-7.8411,51.9467]]]}},{"type":"Feature","properties":{"d":"Letterkenny","c":"206","dv":"Donegal/Sligo & Leitrim","st":"Letterkenny","hq":"Letterkenny","ad":"New Line Road, Letterkenny","ph":"9167100","ty":"Division HQ","pop":56995,"km2":982.74},"geometry":{"type":"Polygon","coordinates":[[[-7.3919,54.9454],[-7.404,54.9422],[-7.4158,54.9434],[-7.4267,54.9429],[-7.4436,54.9376],[-7.4476,54.9346],[-7.4483,54.9265],[-7.4449,54.9114],[-7.4509,54.903],[-7.4524,54.899],[-7.4515,54.8937],[-7.4416,54.8792],[-7.443,54.871],[-7.4551,54.8598],[-7.4561,54.8572],[-7.4555,54.8538],[-7.4615,54.8531],[-7.461,54.8496],[-7.47,54.8397],[-7.4704,54.8354],[-7.4813,54.8311],[-7.4816,54.8279],[-7.4847,54.8237],[-7.5012,54.8174],[-7.5175,54.8082],[-7.5281,54.8078],[-7.5295,54.8051],[-7.5276,54.8029],[-7.5389,54.8009],[-7.5414,54.7992],[-7.5417,54.7962],[-7.5492,54.7894],[-7.5445,54.7867],[-7.5432,54.7825],[-7.5447,54.7817],[-7.5431,54.7797],[-7.5481,54.7725],[-7.5461,54.7684],[-7.5471,54.7662],[-7.5462,54.7619],[-7.5482,54.7587],[-7.5476,54.7554],[-7.5388,54.7514],[-7.5342,54.747],[-7.538,54.7473],[-7.5433,54.7426],[-7.5492,54.7405],[-7.5578,54.7453],[-7.5783,54.7418],[-7.5789,54.7436],[-7.5754,54.7486],[-7.5791,54.7504],[-7.5866,54.7499],[-7.5885,54.7437],[-7.6008,54.746],[-7.6059,54.7442],[-7.6176,54.7434],[-7.6202,54.7454],[-7.6366,54.7515],[-7.6712,54.7361],[-7.6763,54.733],[-7.6774,54.7309],[-7.6877,54.73],[-7.6977,54.7261],[-7.6967,54.7246],[-7.6974,54.7237],[-7.7018,54.7256],[-7.7116,54.7261],[-7.7271,54.7187],[-7.7353,54.7169],[-7.7353,54.7146],[-7.7398,54.7128],[-7.7431,54.7069],[-7.7463,54.7045],[-7.7501,54.7043],[-7.7547,54.7062],[-7.7568,54.7055],[-7.7538,54.7075],[-7.7595,54.7067],[-7.7779,54.7103],[-7.7781,54.7113],[-7.7762,54.7123],[-7.7779,54.7132],[-7.7786,54.7157],[-7.7885,54.7196],[-7.8046,54.7186],[-7.8081,54.7199],[-7.8072,54.7223],[-7.8119,54.724],[-7.8123,54.7264],[-7.8169,54.7294],[-7.8178,54.7338],[-7.8249,54.736],[-7.8367,54.7364],[-7.8402,54.7334],[-7.8461,54.7314],[-7.8476,54.7294],[-7.855,54.7267],[-7.8794,54.7028],[-7.8903,54.7034],[-7.8934,54.7024],[-7.8951,54.7005],[-7.9007,54.7025],[-7.9045,54.7021],[-7.9069,54.7036],[-7.9085,54.7014],[-7.9108,54.701],[-7.9198,54.7034],[-7.9311,54.704],[-7.9347,54.7097],[-7.9357,54.7139],[-7.9414,54.7214],[-7.9461,54.7241],[-7.9384,54.7301],[-7.9398,54.7324],[-7.9537,54.7381],[-7.9541,54.7394],[-7.9589,54.7384],[-7.9604,54.7415],[-7.9764,54.7575],[-7.981,54.7603],[-7.979,54.7624],[-7.9865,54.7625],[-7.9902,54.7655],[-7.9911,54.7669],[-7.9823,54.7708],[-7.9819,54.7721],[-7.9928,54.7736],[-7.9989,54.7763],[-8.0033,54.7736],[-8.0037,54.7713],[-8.0088,54.7709],[-8.0113,54.7683],[-8.0275,54.7601],[-8.0303,54.7631],[-8.0324,54.7679],[-8.0396,54.7675],[-8.0424,54.7716],[-8.052,54.7761],[-8.0567,54.7825],[-8.0565,54.7864],[-8.0603,54.7918],[-8.0577,54.7927],[-8.0581,54.7941],[-8.0526,54.797],[-8.0496,54.8006],[-8.049,54.8033],[-8.051,54.8083],[-8.0488,54.8119],[-8.0717,54.8172],[-8.0777,54.8201],[-8.0798,54.8239],[-8.0844,54.8255],[-8.0845,54.8276],[-8.0868,54.8291],[-8.0793,54.8338],[-8.0796,54.8348],[-8.0757,54.8383],[-8.0686,54.8402],[-8.0656,54.8453],[-8.0579,54.8474],[-8.0588,54.8479],[-8.0553,54.8513],[-8.0532,54.8567],[-8.0473,54.8617],[-8.0484,54.8633],[-8.044,54.8613],[-8.0383,54.8623],[-8.0388,54.861],[-8.0358,54.8615],[-8.0243,54.8593],[-8.0078,54.8629],[-8.0088,54.8653],[-8.021,54.8712],[-8.0201,54.8725],[-8.022,54.8737],[-8.0239,54.8735],[-8.0235,54.8749],[-8.0221,54.8747],[-8.024,54.8771],[-8.0229,54.8783],[-8.0236,54.8816],[-8.0176,54.8859],[-8.0239,54.8892],[-8.0238,54.8902],[-8.0257,54.89],[-8.0258,54.8912],[-8.0238,54.8911],[-8.025,54.8918],[-8.0379,54.8957],[-8.0357,54.8969],[-8.0378,54.8981],[-8.0357,54.8982],[-8.0348,54.9],[-8.0192,54.8983],[-7.9969,54.901],[-7.9892,54.9032],[-7.9865,54.9048],[-7.9829,54.9107],[-7.9782,54.9131],[-7.9783,54.9191],[-7.9693,54.9235],[-7.9623,54.9242],[-7.9515,54.9297],[-7.9405,54.9299],[-7.9319,54.932],[-7.9211,54.9304],[-7.9171,54.9312],[-7.9159,54.9306],[-7.9167,54.9293],[-7.9156,54.9291],[-7.9108,54.9301],[-7.9079,54.9293],[-7.9066,54.9308],[-7.9026,54.9317],[-7.9031,54.9325],[-7.8993,54.932],[-7.8987,54.9329],[-7.9002,54.9336],[-7.8981,54.9346],[-7.8869,54.9377],[-7.8897,54.9378],[-7.8926,54.9397],[-7.8881,54.9479],[-7.873,54.9533],[-7.8662,54.9525],[-7.8586,54.9498],[-7.8566,54.951],[-7.851,54.9503],[-7.8473,54.954],[-7.8402,54.9565],[-7.8236,54.9581],[-7.8145,54.9621],[-7.8147,54.9641],[-7.7947,54.9646],[-7.789,54.9674],[-7.7813,54.9639],[-7.7767,54.9647],[-7.7778,54.9658],[-7.7771,54.9718],[-7.7799,54.9797],[-7.7774,54.987],[-7.7752,54.9871],[-7.7779,54.9896],[-7.7768,54.9909],[-7.767,54.9938],[-7.7589,54.9941],[-7.7602,54.9925],[-7.7585,54.9897],[-7.7544,54.9901],[-7.749,54.9842],[-7.7474,54.9843],[-7.7478,54.9867],[-7.7334,54.9879],[-7.7322,54.9898],[-7.7324,54.992],[-7.7338,54.9927],[-7.7332,54.9957],[-7.7277,54.9928],[-7.717,54.9948],[-7.7157,54.9938],[-7.7103,54.9961],[-7.7059,54.996],[-7.7041,54.9986],[-7.6946,55.0008],[-7.6816,55.0008],[-7.6815,54.9995],[-7.6705,54.9953],[-7.6678,54.9969],[-7.6634,54.9954],[-7.6636,54.9935],[-7.6603,54.9932],[-7.6573,54.9956],[-7.6533,54.9954],[-7.6528,54.9927],[-7.6497,54.9916],[-7.6389,54.9908],[-7.6448,54.9854],[-7.6509,54.9829],[-7.6519,54.9811],[-7.6512,54.9802],[-7.6562,54.976],[-7.6551,54.9742],[-7.6571,54.9703],[-7.6619,54.9672],[-7.6611,54.9661],[-7.6718,54.9619],[-7.6783,54.9621],[-7.6792,54.9617],[-7.6783,54.9619],[-7.6771,54.9618],[-7.6831,54.9604],[-7.6837,54.956],[-7.682,54.9519],[-7.6785,54.9535],[-7.6797,54.9563],[-7.6777,54.9583],[-7.6697,54.9587],[-7.6707,54.9583],[-7.6707,54.9578],[-7.6691,54.9567],[-7.6683,54.9572],[-7.6701,54.9583],[-7.6654,54.9582],[-7.6548,54.9612],[-7.656,54.962],[-7.6488,54.9625],[-7.6413,54.9646],[-7.6394,54.9704],[-7.6357,54.9723],[-7.6232,54.9669],[-7.6264,54.9643],[-7.6314,54.9641],[-7.6373,54.961],[-7.6301,54.9627],[-7.6256,54.9622],[-7.6149,54.9736],[-7.6084,54.9784],[-7.6062,54.9845],[-7.6008,54.9889],[-7.6003,54.9911],[-7.5937,54.9955],[-7.5827,54.9977],[-7.5746,55.0024],[-7.5694,55.0071],[-7.5618,55.0086],[-7.5564,55.0111],[-7.5397,55.0239],[-7.5337,55.0245],[-7.5272,55.0198],[-7.5157,55.025],[-7.518,55.0273],[-7.5182,55.0328],[-7.5133,55.0401],[-7.5052,55.0412],[-7.4945,55.0405],[-7.4889,55.0439],[-7.4812,55.0452],[-7.4802,55.047],[-7.4798,55.0448],[-7.4763,55.0429],[-7.4671,55.0334],[-7.4636,55.0343],[-7.4602,55.0293],[-7.4606,55.0273],[-7.4501,55.0225],[-7.4469,55.0239],[-7.4265,55.0243],[-7.4256,55.023],[-7.4324,55.0208],[-7.4297,55.0174],[-7.4304,55.0125],[-7.4255,55.0091],[-7.4056,55.0033],[-7.3983,54.9988],[-7.3939,54.9995],[-7.3914,54.9978],[-7.392,54.9946],[-7.3996,54.9908],[-7.4017,54.9855],[-7.4071,54.9829],[-7.4038,54.9795],[-7.4061,54.9781],[-7.4022,54.9745],[-7.4024,54.973],[-7.4003,54.9722],[-7.4028,54.9685],[-7.4021,54.9674],[-7.4075,54.9637],[-7.4028,54.9612],[-7.4021,54.9596],[-7.4072,54.9552],[-7.406,54.9537],[-7.4027,54.9521],[-7.4023,54.9497],[-7.397,54.9461],[-7.3919,54.9454]]]}},{"type":"Feature","properties":{"d":"Bailieborough","c":"6870E","dv":"Cavan/Monaghan & Louth","st":"Bailieborough","hq":"Drogheda","ad":"Barrack Street, Baileboro, Co. Cavan","ph":"9694570","ty":"District HQ","pop":34152,"km2":714.811},"geometry":{"type":"Polygon","coordinates":[[[-6.762,53.9175],[-6.7626,53.9138],[-6.7674,53.9131],[-6.7692,53.9107],[-6.777,53.9138],[-6.7793,53.9163],[-6.7839,53.9111],[-6.7824,53.9095],[-6.7841,53.9074],[-6.7863,53.9075],[-6.786,53.9057],[-6.7889,53.903],[-6.7898,53.9002],[-6.7835,53.8978],[-6.7875,53.8933],[-6.7853,53.8899],[-6.7883,53.8899],[-6.7937,53.8867],[-6.7992,53.887],[-6.7966,53.8891],[-6.8004,53.8907],[-6.8062,53.8917],[-6.8103,53.8902],[-6.8152,53.891],[-6.8092,53.8961],[-6.8111,53.8969],[-6.8156,53.8984],[-6.8231,53.8975],[-6.8252,53.8963],[-6.8255,53.8939],[-6.8354,53.8952],[-6.8371,53.8942],[-6.8373,53.8919],[-6.842,53.8912],[-6.8421,53.89],[-6.846,53.8889],[-6.846,53.8864],[-6.8401,53.8824],[-6.8451,53.8787],[-6.8519,53.8789],[-6.8621,53.8757],[-6.8739,53.8779],[-6.8775,53.8775],[-6.8814,53.8752],[-6.8806,53.8782],[-6.8848,53.8807],[-6.8967,53.881],[-6.903,53.8834],[-6.9094,53.8887],[-6.9118,53.8884],[-6.9241,53.8929],[-6.9357,53.8915],[-6.9334,53.8879],[-6.9342,53.8857],[-6.9322,53.8842],[-6.9333,53.8829],[-6.9326,53.881],[-6.9286,53.8802],[-6.9263,53.8764],[-6.9242,53.8753],[-6.9306,53.8722],[-6.9463,53.8666],[-6.9549,53.8654],[-6.9565,53.8637],[-6.9662,53.87],[-6.9725,53.8724],[-6.9747,53.8709],[-6.9729,53.869],[-6.9736,53.8679],[-6.9661,53.861],[-6.9724,53.857],[-6.9677,53.8535],[-6.9645,53.8492],[-6.9664,53.8481],[-6.963,53.8437],[-6.9598,53.8433],[-6.9576,53.8451],[-6.9551,53.8452],[-6.9525,53.8423],[-6.9554,53.8401],[-6.9525,53.8388],[-6.9532,53.8358],[-6.947,53.8341],[-6.9412,53.8298],[-6.9341,53.828],[-6.9301,53.8228],[-6.9273,53.8228],[-6.9252,53.8199],[-6.9215,53.8189],[-6.9202,53.8171],[-6.9174,53.817],[-6.9184,53.8133],[-6.9153,53.8123],[-6.9128,53.8089],[-6.9169,53.8064],[-6.9213,53.8011],[-6.9311,53.8038],[-6.9401,53.7985],[-6.9387,53.7954],[-6.9415,53.7934],[-6.9401,53.7917],[-6.9419,53.7893],[-6.9297,53.7858],[-6.9333,53.7827],[-6.9394,53.7821],[-6.9407,53.7807],[-6.9514,53.7816],[-6.9546,53.7864],[-6.9632,53.7911],[-6.9729,53.7851],[-6.9712,53.7777],[-6.9815,53.7727],[-6.9907,53.7755],[-6.9943,53.7784],[-6.9929,53.7801],[-6.9954,53.7811],[-7.001,53.7729],[-7.0018,53.7692],[-7.0004,53.7668],[-7.0022,53.7656],[-7.0125,53.7693],[-7.0209,53.7691],[-7.0276,53.7732],[-7.0326,53.7733],[-7.038,53.7767],[-7.0431,53.7764],[-7.0501,53.7717],[-7.0566,53.7731],[-7.0583,53.772],[-7.0667,53.7724],[-7.0809,53.7757],[-7.0876,53.7755],[-7.0911,53.7742],[-7.0965,53.7763],[-7.105,53.7766],[-7.1066,53.7836],[-7.1055,53.7863],[-7.1074,53.7894],[-7.1107,53.7915],[-7.1151,53.7935],[-7.1234,53.7938],[-7.1244,53.7918],[-7.1278,53.7905],[-7.1358,53.794],[-7.1413,53.7993],[-7.154,53.8063],[-7.155,53.8048],[-7.1521,53.8012],[-7.1573,53.7978],[-7.1567,53.7941],[-7.1714,53.7958],[-7.1762,53.7952],[-7.1768,53.7946],[-7.1741,53.7925],[-7.1749,53.791],[-7.1784,53.7913],[-7.1849,53.7888],[-7.1939,53.7947],[-7.1897,53.7984],[-7.1905,53.8006],[-7.1919,53.8006],[-7.1903,53.8038],[-7.1844,53.8065],[-7.1924,53.8118],[-7.1957,53.8102],[-7.2066,53.8155],[-7.2172,53.8148],[-7.2193,53.82],[-7.2184,53.8214],[-7.219,53.8236],[-7.2237,53.8263],[-7.2326,53.8206],[-7.2368,53.8206],[-7.2357,53.8219],[-7.2397,53.8246],[-7.2379,53.8251],[-7.2384,53.8283],[-7.2424,53.8281],[-7.2424,53.831],[-7.2366,53.8322],[-7.2333,53.8348],[-7.2286,53.833],[-7.224,53.8338],[-7.2249,53.8363],[-7.2231,53.8374],[-7.2257,53.8398],[-7.2271,53.844],[-7.2258,53.844],[-7.226,53.845],[-7.2277,53.8466],[-7.2397,53.8511],[-7.2424,53.8491],[-7.2511,53.8513],[-7.2627,53.859],[-7.2636,53.8606],[-7.2617,53.8623],[-7.2614,53.8658],[-7.2532,53.8689],[-7.2607,53.8738],[-7.2663,53.8747],[-7.2704,53.8773],[-7.2722,53.8768],[-7.2736,53.8737],[-7.2804,53.8711],[-7.2872,53.876],[-7.2813,53.8808],[-7.2877,53.8836],[-7.2951,53.8836],[-7.2945,53.8851],[-7.2958,53.8852],[-7.3026,53.8832],[-7.3035,53.8885],[-7.3019,53.8914],[-7.3049,53.8915],[-7.3111,53.8944],[-7.3103,53.8951],[-7.3122,53.8968],[-7.3123,53.8993],[-7.3102,53.9036],[-7.307,53.9039],[-7.3039,53.9058],[-7.2991,53.9053],[-7.3012,53.9078],[-7.3002,53.9148],[-7.2958,53.9186],[-7.2916,53.918],[-7.2846,53.9142],[-7.2811,53.9143],[-7.2801,53.9129],[-7.2774,53.9131],[-7.2777,53.9155],[-7.2759,53.9163],[-7.2796,53.9208],[-7.2779,53.9276],[-7.2798,53.9319],[-7.2791,53.933],[-7.2856,53.9366],[-7.2895,53.9344],[-7.2916,53.94],[-7.2962,53.944],[-7.296,53.9455],[-7.2901,53.9482],[-7.2846,53.9483],[-7.2775,53.9541],[-7.2752,53.9488],[-7.2686,53.9455],[-7.2624,53.9512],[-7.2615,53.9535],[-7.2524,53.9593],[-7.2478,53.9564],[-7.2437,53.9511],[-7.2433,53.9481],[-7.2452,53.9466],[-7.2442,53.9416],[-7.2385,53.9345],[-7.2366,53.9309],[-7.237,53.9293],[-7.2339,53.9268],[-7.2302,53.9284],[-7.2263,53.9259],[-7.2233,53.9287],[-7.222,53.932],[-7.2182,53.9337],[-7.2213,53.9381],[-7.2168,53.939],[-7.215,53.9407],[-7.2063,53.9349],[-7.2008,53.9344],[-7.1977,53.9301],[-7.1962,53.9328],[-7.1897,53.9318],[-7.1887,53.9337],[-7.1808,53.9345],[-7.1779,53.9293],[-7.1779,53.9259],[-7.1698,53.9205],[-7.1654,53.9202],[-7.1663,53.926],[-7.1644,53.9253],[-7.1589,53.9272],[-7.1545,53.9245],[-7.1508,53.9247],[-7.1482,53.923],[-7.1424,53.9221],[-7.1454,53.9205],[-7.1348,53.9145],[-7.1355,53.9212],[-7.1276,53.9228],[-7.1293,53.9294],[-7.1312,53.9315],[-7.128,53.936],[-7.1257,53.9361],[-7.1175,53.9315],[-7.1162,53.9293],[-7.1081,53.9251],[-7.1048,53.9257],[-7.1036,53.9284],[-7.1015,53.929],[-7.1026,53.9321],[-7.1112,53.938],[-7.1059,53.9408],[-7.1065,53.9448],[-7.1037,53.9487],[-7.1035,53.9542],[-7.1107,53.955],[-7.1151,53.9607],[-7.1143,53.9649],[-7.1127,53.9662],[-7.1145,53.9675],[-7.116,53.972],[-7.1153,53.9743],[-7.1093,53.9787],[-7.1124,53.983],[-7.1178,53.9821],[-7.1193,53.9808],[-7.1233,53.9808],[-7.123,53.9833],[-7.1285,53.9919],[-7.1382,53.997],[-7.1352,54.0012],[-7.1462,54.0122],[-7.1449,54.0145],[-7.147,54.0212],[-7.1537,54.0211],[-7.1548,54.024],[-7.1525,54.0273],[-7.1537,54.0288],[-7.1613,54.0285],[-7.1608,54.0236],[-7.171,54.0206],[-7.1772,54.0222],[-7.1804,54.0256],[-7.1886,54.0204],[-7.1896,54.0219],[-7.1955,54.0229],[-7.1982,54.0212],[-7.202,54.0245],[-7.2018,54.0292],[-7.208,54.0287],[-7.2134,54.0255],[-7.2133,54.023],[-7.217,54.019],[-7.2174,54.014],[-7.2196,54.0119],[-7.2182,54.0075],[-7.2201,54.0087],[-7.2239,54.007],[-7.2297,54.0067],[-7.2336,54.004],[-7.2402,54.0053],[-7.2426,54.0093],[-7.248,54.0104],[-7.2467,54.0063],[-7.2477,54.0046],[-7.2555,54.0042],[-7.2587,54.0079],[-7.2661,54.0085],[-7.2697,54.0109],[-7.2732,54.0115],[-7.2742,54.0148],[-7.272,54.0161],[-7.2712,54.0189],[-7.2681,54.0191],[-7.2657,54.0209],[-7.2664,54.0234],[-7.2651,54.0249],[-7.2681,54.0285],[-7.2649,54.0312],[-7.2646,54.036],[-7.2682,54.0355],[-7.2719,54.0367],[-7.2705,54.0414],[-7.2712,54.0473],[-7.2748,54.0472],[-7.2799,54.0496],[-7.2908,54.05],[-7.2914,54.0531],[-7.289,54.0582],[-7.2815,54.0612],[-7.279,54.0635],[-7.285,54.0672],[-7.283,54.0703],[-7.2755,54.0703],[-7.2724,54.0738],[-7.2687,54.0746],[-7.2679,54.076],[-7.2648,54.0759],[-7.2613,54.0783],[-7.2617,54.0794],[-7.2556,54.0813],[-7.2622,54.0862],[-7.2591,54.0896],[-7.2555,54.0896],[-7.2584,54.0921],[-7.2627,54.0932],[-7.2608,54.0949],[-7.2583,54.0963],[-7.2501,54.095],[-7.2459,54.0927],[-7.2381,54.0947],[-7.2429,54.0986],[-7.2474,54.1],[-7.2483,54.1018],[-7.247,54.1022],[-7.2416,54.1021],[-7.2324,54.0965],[-7.2234,54.1024],[-7.2191,54.1008],[-7.2183,54.0981],[-7.2099,54.0963],[-7.2099,54.0948],[-7.209,54.0954],[-7.2023,54.0924],[-7.1975,54.0962],[-7.1946,54.0962],[-7.191,54.0923],[-7.1832,54.0902],[-7.1807,54.0865],[-7.1763,54.0884],[-7.1666,54.0893],[-7.163,54.0875],[-7.1638,54.0838],[-7.15,54.0821],[-7.1341,54.0886],[-7.133,54.0923],[-7.1262,54.0947],[-7.1182,54.0956],[-7.1012,54.0939],[-7.0983,54.0899],[-7.0933,54.0894],[-7.0914,54.0874],[-7.0928,54.0827],[-7.0869,54.0818],[-7.0804,54.0854],[-7.0781,54.0889],[-7.073,54.0888],[-7.068,54.0921],[-7.0534,54.0938],[-7.05,54.0957],[-7.0514,54.0972],[-7.0508,54.0995],[-7.0488,54.1006],[-7.0442,54.1011],[-7.0433,54.0995],[-7.0384,54.0995],[-7.0354,54.0971],[-7.0318,54.0967],[-7.0261,54.0975],[-7.0236,54.0992],[-7.0177,54.0986],[-7.0151,54.0968],[-7.0155,54.0942],[-7.0142,54.0927],[-7.0227,54.0909],[-7.0293,54.0879],[-7.0295,54.0843],[-7.0267,54.0803],[-7.0232,54.078],[-7.0149,54.0784],[-7.011,54.0771],[-7.0122,54.0749],[-7.009,54.0736],[-7.0023,54.0648],[-6.9865,54.062],[-6.9874,54.0601],[-6.9822,54.0545],[-6.9814,54.053],[-6.9824,54.0519],[-6.9746,54.0469],[-6.9675,54.0458],[-6.9682,54.0432],[-6.9663,54.0402],[-6.9616,54.0399],[-6.9561,54.0433],[-6.9534,54.0415],[-6.9533,54.0393],[-6.949,54.0364],[-6.9471,54.0353],[-6.9429,54.0356],[-6.9398,54.0335],[-6.9374,54.0292],[-6.939,54.0276],[-6.934,54.0248],[-6.9349,54.019],[-6.9258,54.0141],[-6.9251,54.0119],[-6.9211,54.0133],[-6.9213,54.0147],[-6.9197,54.0156],[-6.9148,54.0162],[-6.9103,54.0157],[-6.9013,54.0087],[-6.8964,54.0125],[-6.8889,54.0116],[-6.8878,54.0095],[-6.8903,54.0077],[-6.8907,54.0032],[-6.8756,53.9978],[-6.8814,53.9949],[-6.8801,53.9926],[-6.8686,53.9901],[-6.8641,53.9879],[-6.8634,53.9855],[-6.867,53.9835],[-6.8625,53.9801],[-6.863,53.9782],[-6.86,53.9769],[-6.8617,53.9748],[-6.8576,53.9731],[-6.8562,53.9703],[-6.8578,53.9692],[-6.8526,53.9659],[-6.8544,53.9636],[-6.8485,53.9596],[-6.8443,53.9597],[-6.8447,53.9576],[-6.8427,53.9547],[-6.8388,53.9527],[-6.8403,53.9515],[-6.8392,53.9473],[-6.8331,53.9453],[-6.8361,53.942],[-6.8292,53.9365],[-6.8332,53.9347],[-6.8303,53.9321],[-6.8269,53.9329],[-6.8194,53.9326],[-6.816,53.931],[-6.8115,53.9317],[-6.8079,53.9282],[-6.7978,53.9289],[-6.7933,53.9265],[-6.7906,53.9275],[-6.7831,53.926],[-6.7773,53.9279],[-6.7763,53.9252],[-6.7671,53.9219],[-6.762,53.9175]]]}}]}